-----------------------------
Executing in AVX2 mode!!
-----------------------------
Ref file: index/merged_hap1_hap2_NC_no_autosomes.fa
Entering FMI_search
reference seq len = 4139052793
count
0,	1
1,	1206888126
2,	2069526397
3,	2932164668
4,	4139052793

Reading other elements of the index from files index/merged_hap1_hap2_NC_no_autosomes.fa
prefix: index/merged_hap1_hap2_NC_no_autosomes.fa
[M::bwa_idx_load_ele] read 0 ALT contigs
Done reading Index!!
Reading reference genome..
Binary seq file = index/merged_hap1_hap2_NC_no_autosomes.fa.0123
Reference genome size: 4139052792 bp
Done readng reference genome !!

[0000] 1: Calling process()

Threads used (compute): 8
Info: projected #read in a task: 529811
------------------------------------------
Memory pre-allocation for chaining: 1114.7223 MB
Memory pre-allocation for BSW: 1916.9362 MB
Memory pre-allocation for BWT: 618.5134 MB
------------------------------------------
No. of pipeline threads: 2
[0000] read_chunk: 80000000, work_chunk_size: 80000102, nseq: 529802
	[0000][ M::kt_pipeline] read 529802 sequences (80000102 bp)...
[0000] 2. Calling mem_process_seqs.., task: 0
[0000] 3. Calling kt_for - worker_bwt
[0000] read_chunk: 80000000, work_chunk_size: 80000102, nseq: 529802
	[0000][ M::kt_pipeline] read 529802 sequences (80000102 bp)...
[0000] 3. Calling kt_for - worker_aln
Inferring insert size distribution from data, l_pac: 2069526396, n: 529802
[M::mem_pestat] # candidate unique pairs for (FF, FR, RF, RR): (3, 56316, 9, 1)
[M::mem_pestat] skip orientation FF as there are not enough pairs
[M::mem_pestat] analyzing insert size distribution for orientation FR...
[M::mem_pestat] (25, 50, 75) percentile: (221, 286, 374)
[M::mem_pestat] low and high boundaries for computing mean and std.dev: (1, 680)
[M::mem_pestat] mean and std.dev: (303.99, 112.75)
[M::mem_pestat] low and high boundaries for proper pairs: (1, 833)
[M::mem_pestat] skip orientation RF as there are not enough pairs
[M::mem_pestat] skip orientation RR as there are not enough pairs
[0000] 10. Calling kt_for - worker_sam
	[0000][ M::mem_process_seqs] Processed 529802 reads in 1155.703 CPU sec, 151.290 real sec
[0000] 2. Calling mem_process_seqs.., task: 1
[0000] 3. Calling kt_for - worker_bwt
[0000] read_chunk: 80000000, work_chunk_size: 80000102, nseq: 529802
	[0000][ M::kt_pipeline] read 529802 sequences (80000102 bp)...
[0000] 3. Calling kt_for - worker_aln
Inferring insert size distribution from data, l_pac: 2069526396, n: 529802
[M::mem_pestat] # candidate unique pairs for (FF, FR, RF, RR): (3, 56280, 3, 4)
[M::mem_pestat] skip orientation FF as there are not enough pairs
[M::mem_pestat] analyzing insert size distribution for orientation FR...
[M::mem_pestat] (25, 50, 75) percentile: (220, 286, 377)
[M::mem_pestat] low and high boundaries for computing mean and std.dev: (1, 691)
[M::mem_pestat] mean and std.dev: (305.42, 114.51)
[M::mem_pestat] low and high boundaries for proper pairs: (1, 848)
[M::mem_pestat] skip orientation RF as there are not enough pairs
[M::mem_pestat] skip orientation RR as there are not enough pairs
[0000] 10. Calling kt_for - worker_sam
	[0000][ M::mem_process_seqs] Processed 529802 reads in 1014.045 CPU sec, 128.435 real sec
[0000] 2. Calling mem_process_seqs.., task: 2
[0000] 3. Calling kt_for - worker_bwt
[0000] read_chunk: 80000000, work_chunk_size: 80000102, nseq: 529802
	[0000][ M::kt_pipeline] read 529802 sequences (80000102 bp)...
[0000] 3. Calling kt_for - worker_aln
Inferring insert size distribution from data, l_pac: 2069526396, n: 529802
[M::mem_pestat] # candidate unique pairs for (FF, FR, RF, RR): (1, 56570, 7, 0)
[M::mem_pestat] skip orientation FF as there are not enough pairs
[M::mem_pestat] analyzing insert size distribution for orientation FR...
[M::mem_pestat] (25, 50, 75) percentile: (220, 285, 376)
[M::mem_pestat] low and high boundaries for computing mean and std.dev: (1, 688)
[M::mem_pestat] mean and std.dev: (304.79, 114.44)
[M::mem_pestat] low and high boundaries for proper pairs: (1, 844)
[M::mem_pestat] skip orientation RF as there are not enough pairs
[M::mem_pestat] skip orientation RR as there are not enough pairs
[0000] 10. Calling kt_for - worker_sam
	[0000][ M::mem_process_seqs] Processed 529802 reads in 1021.551 CPU sec, 129.235 real sec
[0000] 2. Calling mem_process_seqs.., task: 3
[0000] 3. Calling kt_for - worker_bwt
[0000] read_chunk: 80000000, work_chunk_size: 80000102, nseq: 529802
	[0000][ M::kt_pipeline] read 529802 sequences (80000102 bp)...
[0000] 3. Calling kt_for - worker_aln
Inferring insert size distribution from data, l_pac: 2069526396, n: 529802
[M::mem_pestat] # candidate unique pairs for (FF, FR, RF, RR): (1, 56460, 7, 1)
[M::mem_pestat] skip orientation FF as there are not enough pairs
[M::mem_pestat] analyzing insert size distribution for orientation FR...
[M::mem_pestat] (25, 50, 75) percentile: (220, 286, 377)
[M::mem_pestat] low and high boundaries for computing mean and std.dev: (1, 691)
[M::mem_pestat] mean and std.dev: (305.85, 115.18)
[M::mem_pestat] low and high boundaries for proper pairs: (1, 848)
[M::mem_pestat] skip orientation RF as there are not enough pairs
[M::mem_pestat] skip orientation RR as there are not enough pairs
[0000] 10. Calling kt_for - worker_sam
	[0000][ M::mem_process_seqs] Processed 529802 reads in 958.242 CPU sec, 121.260 real sec
[0000] 2. Calling mem_process_seqs.., task: 4
[0000] 3. Calling kt_for - worker_bwt
[0000] read_chunk: 80000000, work_chunk_size: 80000102, nseq: 529802
	[0000][ M::kt_pipeline] read 529802 sequences (80000102 bp)...
[0000] 3. Calling kt_for - worker_aln
Inferring insert size distribution from data, l_pac: 2069526396, n: 529802
[M::mem_pestat] # candidate unique pairs for (FF, FR, RF, RR): (2, 56129, 9, 2)
[M::mem_pestat] skip orientation FF as there are not enough pairs
[M::mem_pestat] analyzing insert size distribution for orientation FR...
[M::mem_pestat] (25, 50, 75) percentile: (221, 287, 379)
[M::mem_pestat] low and high boundaries for computing mean and std.dev: (1, 695)
[M::mem_pestat] mean and std.dev: (306.66, 115.35)
[M::mem_pestat] low and high boundaries for proper pairs: (1, 853)
[M::mem_pestat] skip orientation RF as there are not enough pairs
[M::mem_pestat] skip orientation RR as there are not enough pairs
[0000] 10. Calling kt_for - worker_sam
	[0000][ M::mem_process_seqs] Processed 529802 reads in 948.110 CPU sec, 119.672 real sec
[0000] 2. Calling mem_process_seqs.., task: 5
[0000] 3. Calling kt_for - worker_bwt
[0000] read_chunk: 80000000, work_chunk_size: 80000102, nseq: 529802
	[0000][ M::kt_pipeline] read 529802 sequences (80000102 bp)...
[0000] 3. Calling kt_for - worker_aln
Inferring insert size distribution from data, l_pac: 2069526396, n: 529802
[M::mem_pestat] # candidate unique pairs for (FF, FR, RF, RR): (2, 56452, 7, 1)
[M::mem_pestat] skip orientation FF as there are not enough pairs
[M::mem_pestat] analyzing insert size distribution for orientation FR...
[M::mem_pestat] (25, 50, 75) percentile: (220, 286, 376)
[M::mem_pestat] low and high boundaries for computing mean and std.dev: (1, 688)
[M::mem_pestat] mean and std.dev: (305.48, 114.31)
[M::mem_pestat] low and high boundaries for proper pairs: (1, 844)
[M::mem_pestat] skip orientation RF as there are not enough pairs
[M::mem_pestat] skip orientation RR as there are not enough pairs
[0000] 10. Calling kt_for - worker_sam
	[0000][ M::mem_process_seqs] Processed 529802 reads in 931.423 CPU sec, 117.418 real sec
[0000] 2. Calling mem_process_seqs.., task: 6
[0000] 3. Calling kt_for - worker_bwt
[0000] read_chunk: 80000000, work_chunk_size: 80000102, nseq: 529802
	[0000][ M::kt_pipeline] read 529802 sequences (80000102 bp)...
[0000] 3. Calling kt_for - worker_aln
Inferring insert size distribution from data, l_pac: 2069526396, n: 529802
[M::mem_pestat] # candidate unique pairs for (FF, FR, RF, RR): (0, 56233, 7, 3)
[M::mem_pestat] skip orientation FF as there are not enough pairs
[M::mem_pestat] analyzing insert size distribution for orientation FR...
[M::mem_pestat] (25, 50, 75) percentile: (221, 287, 378)
[M::mem_pestat] low and high boundaries for computing mean and std.dev: (1, 692)
[M::mem_pestat] mean and std.dev: (306.33, 114.89)
[M::mem_pestat] low and high boundaries for proper pairs: (1, 849)
[M::mem_pestat] skip orientation RF as there are not enough pairs
[M::mem_pestat] skip orientation RR as there are not enough pairs
[0000] 10. Calling kt_for - worker_sam
	[0000][ M::mem_process_seqs] Processed 529802 reads in 917.817 CPU sec, 115.862 real sec
[0000] 2. Calling mem_process_seqs.., task: 7
[0000] 3. Calling kt_for - worker_bwt
[0000] read_chunk: 80000000, work_chunk_size: 80000102, nseq: 529802
	[0000][ M::kt_pipeline] read 529802 sequences (80000102 bp)...
[0000] 3. Calling kt_for - worker_aln
Inferring insert size distribution from data, l_pac: 2069526396, n: 529802
[M::mem_pestat] # candidate unique pairs for (FF, FR, RF, RR): (3, 56151, 6, 4)
[M::mem_pestat] skip orientation FF as there are not enough pairs
[M::mem_pestat] analyzing insert size distribution for orientation FR...
[M::mem_pestat] (25, 50, 75) percentile: (221, 287, 378)
[M::mem_pestat] low and high boundaries for computing mean and std.dev: (1, 692)
[M::mem_pestat] mean and std.dev: (306.05, 114.57)
[M::mem_pestat] low and high boundaries for proper pairs: (1, 849)
[M::mem_pestat] skip orientation RF as there are not enough pairs
[M::mem_pestat] skip orientation RR as there are not enough pairs
[0000] 10. Calling kt_for - worker_sam
	[0000][ M::mem_process_seqs] Processed 529802 reads in 882.711 CPU sec, 111.479 real sec
[0000] 2. Calling mem_process_seqs.., task: 8
[0000] 3. Calling kt_for - worker_bwt
[0000] read_chunk: 80000000, work_chunk_size: 80000102, nseq: 529802
	[0000][ M::kt_pipeline] read 529802 sequences (80000102 bp)...
[0000] 3. Calling kt_for - worker_aln
Inferring insert size distribution from data, l_pac: 2069526396, n: 529802
[M::mem_pestat] # candidate unique pairs for (FF, FR, RF, RR): (4, 56901, 6, 0)
[M::mem_pestat] skip orientation FF as there are not enough pairs
[M::mem_pestat] analyzing insert size distribution for orientation FR...
[M::mem_pestat] (25, 50, 75) percentile: (222, 288, 379)
[M::mem_pestat] low and high boundaries for computing mean and std.dev: (1, 693)
[M::mem_pestat] mean and std.dev: (306.54, 115.11)
[M::mem_pestat] low and high boundaries for proper pairs: (1, 850)
[M::mem_pestat] skip orientation RF as there are not enough pairs
[M::mem_pestat] skip orientation RR as there are not enough pairs
[0000] 10. Calling kt_for - worker_sam
	[0000][ M::mem_process_seqs] Processed 529802 reads in 902.238 CPU sec, 113.936 real sec
[0000] 2. Calling mem_process_seqs.., task: 9
[0000] 3. Calling kt_for - worker_bwt
[0000] read_chunk: 80000000, work_chunk_size: 80000102, nseq: 529802
	[0000][ M::kt_pipeline] read 529802 sequences (80000102 bp)...
[0000] 3. Calling kt_for - worker_aln
Inferring insert size distribution from data, l_pac: 2069526396, n: 529802
[M::mem_pestat] # candidate unique pairs for (FF, FR, RF, RR): (3, 56127, 13, 1)
[M::mem_pestat] skip orientation FF as there are not enough pairs
[M::mem_pestat] analyzing insert size distribution for orientation FR...
[M::mem_pestat] (25, 50, 75) percentile: (222, 287, 376)
[M::mem_pestat] low and high boundaries for computing mean and std.dev: (1, 684)
[M::mem_pestat] mean and std.dev: (305.56, 114.02)
[M::mem_pestat] low and high boundaries for proper pairs: (1, 838)
[M::mem_pestat] analyzing insert size distribution for orientation RF...
[M::mem_pestat] (25, 50, 75) percentile: (319, 674, 1261)
[M::mem_pestat] low and high boundaries for computing mean and std.dev: (1, 3145)
[M::mem_pestat] mean and std.dev: (610.45, 361.51)
[M::mem_pestat] low and high boundaries for proper pairs: (1, 4087)
[M::mem_pestat] skip orientation RR as there are not enough pairs
[M::mem_pestat] skip orientation RF
[0000] 10. Calling kt_for - worker_sam
	[0000][ M::mem_process_seqs] Processed 529802 reads in 934.644 CPU sec, 118.021 real sec
[0000] 2. Calling mem_process_seqs.., task: 10
[0000] 3. Calling kt_for - worker_bwt
[0000] read_chunk: 80000000, work_chunk_size: 80000102, nseq: 529802
	[0000][ M::kt_pipeline] read 529802 sequences (80000102 bp)...
[0000] 3. Calling kt_for - worker_aln
Inferring insert size distribution from data, l_pac: 2069526396, n: 529802
[M::mem_pestat] # candidate unique pairs for (FF, FR, RF, RR): (2, 56438, 7, 1)
[M::mem_pestat] skip orientation FF as there are not enough pairs
[M::mem_pestat] analyzing insert size distribution for orientation FR...
[M::mem_pestat] (25, 50, 75) percentile: (221, 286, 376)
[M::mem_pestat] low and high boundaries for computing mean and std.dev: (1, 686)
[M::mem_pestat] mean and std.dev: (304.97, 113.25)
[M::mem_pestat] low and high boundaries for proper pairs: (1, 841)
[M::mem_pestat] skip orientation RF as there are not enough pairs
[M::mem_pestat] skip orientation RR as there are not enough pairs
[0000] 10. Calling kt_for - worker_sam
	[0000][ M::mem_process_seqs] Processed 529802 reads in 905.161 CPU sec, 114.425 real sec
[0000] 2. Calling mem_process_seqs.., task: 11
[0000] 3. Calling kt_for - worker_bwt
[0000] read_chunk: 80000000, work_chunk_size: 80000102, nseq: 529802
	[0000][ M::kt_pipeline] read 529802 sequences (80000102 bp)...
[0000] 3. Calling kt_for - worker_aln
Inferring insert size distribution from data, l_pac: 2069526396, n: 529802
[M::mem_pestat] # candidate unique pairs for (FF, FR, RF, RR): (3, 56520, 7, 3)
[M::mem_pestat] skip orientation FF as there are not enough pairs
[M::mem_pestat] analyzing insert size distribution for orientation FR...
[M::mem_pestat] (25, 50, 75) percentile: (222, 288, 378)
[M::mem_pestat] low and high boundaries for computing mean and std.dev: (1, 690)
[M::mem_pestat] mean and std.dev: (307.18, 114.98)
[M::mem_pestat] low and high boundaries for proper pairs: (1, 846)
[M::mem_pestat] skip orientation RF as there are not enough pairs
[M::mem_pestat] skip orientation RR as there are not enough pairs
[0000] 10. Calling kt_for - worker_sam
	[0000][ M::mem_process_seqs] Processed 529802 reads in 909.918 CPU sec, 114.829 real sec
[0000] 2. Calling mem_process_seqs.., task: 12
[0000] 3. Calling kt_for - worker_bwt
[0000] read_chunk: 80000000, work_chunk_size: 80000102, nseq: 529802
	[0000][ M::kt_pipeline] read 529802 sequences (80000102 bp)...
[0000] 3. Calling kt_for - worker_aln
Inferring insert size distribution from data, l_pac: 2069526396, n: 529802
[M::mem_pestat] # candidate unique pairs for (FF, FR, RF, RR): (1, 56454, 7, 0)
[M::mem_pestat] skip orientation FF as there are not enough pairs
[M::mem_pestat] analyzing insert size distribution for orientation FR...
[M::mem_pestat] (25, 50, 75) percentile: (221, 287, 377)
[M::mem_pestat] low and high boundaries for computing mean and std.dev: (1, 689)
[M::mem_pestat] mean and std.dev: (305.95, 114.62)
[M::mem_pestat] low and high boundaries for proper pairs: (1, 845)
[M::mem_pestat] skip orientation RF as there are not enough pairs
[M::mem_pestat] skip orientation RR as there are not enough pairs
[0000] 10. Calling kt_for - worker_sam
	[0000][ M::mem_process_seqs] Processed 529802 reads in 925.920 CPU sec, 116.897 real sec
[0000] 2. Calling mem_process_seqs.., task: 13
[0000] 3. Calling kt_for - worker_bwt
[0000] read_chunk: 80000000, work_chunk_size: 80000102, nseq: 529802
	[0000][ M::kt_pipeline] read 529802 sequences (80000102 bp)...
[0000] 3. Calling kt_for - worker_aln
Inferring insert size distribution from data, l_pac: 2069526396, n: 529802
[M::mem_pestat] # candidate unique pairs for (FF, FR, RF, RR): (5, 56552, 4, 3)
[M::mem_pestat] skip orientation FF as there are not enough pairs
[M::mem_pestat] analyzing insert size distribution for orientation FR...
[M::mem_pestat] (25, 50, 75) percentile: (221, 287, 375)
[M::mem_pestat] low and high boundaries for computing mean and std.dev: (1, 683)
[M::mem_pestat] mean and std.dev: (305.26, 113.89)
[M::mem_pestat] low and high boundaries for proper pairs: (1, 837)
[M::mem_pestat] skip orientation RF as there are not enough pairs
[M::mem_pestat] skip orientation RR as there are not enough pairs
[0000] 10. Calling kt_for - worker_sam
	[0000][ M::mem_process_seqs] Processed 529802 reads in 955.848 CPU sec, 120.974 real sec
[0000] 2. Calling mem_process_seqs.., task: 14
[0000] 3. Calling kt_for - worker_bwt
[0000] read_chunk: 80000000, work_chunk_size: 80000102, nseq: 529802
	[0000][ M::kt_pipeline] read 529802 sequences (80000102 bp)...
[0000] 3. Calling kt_for - worker_aln
Inferring insert size distribution from data, l_pac: 2069526396, n: 529802
[M::mem_pestat] # candidate unique pairs for (FF, FR, RF, RR): (2, 56342, 9, 2)
[M::mem_pestat] skip orientation FF as there are not enough pairs
[M::mem_pestat] analyzing insert size distribution for orientation FR...
[M::mem_pestat] (25, 50, 75) percentile: (221, 286, 376)
[M::mem_pestat] low and high boundaries for computing mean and std.dev: (1, 686)
[M::mem_pestat] mean and std.dev: (305.25, 113.74)
[M::mem_pestat] low and high boundaries for proper pairs: (1, 841)
[M::mem_pestat] skip orientation RF as there are not enough pairs
[M::mem_pestat] skip orientation RR as there are not enough pairs
[0000] 10. Calling kt_for - worker_sam
	[0000][ M::mem_process_seqs] Processed 529802 reads in 907.291 CPU sec, 114.452 real sec
[0000] 2. Calling mem_process_seqs.., task: 15
[0000] 3. Calling kt_for - worker_bwt
[0000] read_chunk: 80000000, work_chunk_size: 80000102, nseq: 529802
	[0000][ M::kt_pipeline] read 529802 sequences (80000102 bp)...
[0000] 3. Calling kt_for - worker_aln
Inferring insert size distribution from data, l_pac: 2069526396, n: 529802
[M::mem_pestat] # candidate unique pairs for (FF, FR, RF, RR): (1, 56162, 13, 3)
[M::mem_pestat] skip orientation FF as there are not enough pairs
[M::mem_pestat] analyzing insert size distribution for orientation FR...
[M::mem_pestat] (25, 50, 75) percentile: (221, 286, 377)
[M::mem_pestat] low and high boundaries for computing mean and std.dev: (1, 689)
[M::mem_pestat] mean and std.dev: (305.91, 114.90)
[M::mem_pestat] low and high boundaries for proper pairs: (1, 845)
[M::mem_pestat] analyzing insert size distribution for orientation RF...
[M::mem_pestat] (25, 50, 75) percentile: (35, 78, 1511)
[M::mem_pestat] low and high boundaries for computing mean and std.dev: (1, 4463)
[M::mem_pestat] mean and std.dev: (707.92, 1156.26)
[M::mem_pestat] low and high boundaries for proper pairs: (1, 5939)
[M::mem_pestat] skip orientation RR as there are not enough pairs
[M::mem_pestat] skip orientation RF
[0000] 10. Calling kt_for - worker_sam
	[0000][ M::mem_process_seqs] Processed 529802 reads in 952.990 CPU sec, 120.696 real sec
[0000] 2. Calling mem_process_seqs.., task: 16
[0000] 3. Calling kt_for - worker_bwt
[0000] read_chunk: 80000000, work_chunk_size: 80000102, nseq: 529802
	[0000][ M::kt_pipeline] read 529802 sequences (80000102 bp)...
[0000] 3. Calling kt_for - worker_aln
Inferring insert size distribution from data, l_pac: 2069526396, n: 529802
[M::mem_pestat] # candidate unique pairs for (FF, FR, RF, RR): (0, 56656, 6, 1)
[M::mem_pestat] skip orientation FF as there are not enough pairs
[M::mem_pestat] analyzing insert size distribution for orientation FR...
[M::mem_pestat] (25, 50, 75) percentile: (221, 287, 377)
[M::mem_pestat] low and high boundaries for computing mean and std.dev: (1, 689)
[M::mem_pestat] mean and std.dev: (306.01, 114.12)
[M::mem_pestat] low and high boundaries for proper pairs: (1, 845)
[M::mem_pestat] skip orientation RF as there are not enough pairs
[M::mem_pestat] skip orientation RR as there are not enough pairs
[0000] 10. Calling kt_for - worker_sam
	[0000][ M::mem_process_seqs] Processed 529802 reads in 1034.076 CPU sec, 131.039 real sec
[0000] 2. Calling mem_process_seqs.., task: 17
[0000] 3. Calling kt_for - worker_bwt
[0000] read_chunk: 80000000, work_chunk_size: 80000102, nseq: 529802
	[0000][ M::kt_pipeline] read 529802 sequences (80000102 bp)...
[0000] 3. Calling kt_for - worker_aln
Inferring insert size distribution from data, l_pac: 2069526396, n: 529802
[M::mem_pestat] # candidate unique pairs for (FF, FR, RF, RR): (1, 56444, 6, 3)
[M::mem_pestat] skip orientation FF as there are not enough pairs
[M::mem_pestat] analyzing insert size distribution for orientation FR...
[M::mem_pestat] (25, 50, 75) percentile: (220, 287, 376)
[M::mem_pestat] low and high boundaries for computing mean and std.dev: (1, 688)
[M::mem_pestat] mean and std.dev: (305.39, 114.04)
[M::mem_pestat] low and high boundaries for proper pairs: (1, 844)
[M::mem_pestat] skip orientation RF as there are not enough pairs
[M::mem_pestat] skip orientation RR as there are not enough pairs
[0000] 10. Calling kt_for - worker_sam
	[0000][ M::mem_process_seqs] Processed 529802 reads in 1142.993 CPU sec, 145.417 real sec
[0000] 2. Calling mem_process_seqs.., task: 18
[0000] 3. Calling kt_for - worker_bwt
[0000] read_chunk: 80000000, work_chunk_size: 80000102, nseq: 529802
	[0000][ M::kt_pipeline] read 529802 sequences (80000102 bp)...
[0000] 3. Calling kt_for - worker_aln
Inferring insert size distribution from data, l_pac: 2069526396, n: 529802
[M::mem_pestat] # candidate unique pairs for (FF, FR, RF, RR): (1, 56463, 4, 3)
[M::mem_pestat] skip orientation FF as there are not enough pairs
[M::mem_pestat] analyzing insert size distribution for orientation FR...
[M::mem_pestat] (25, 50, 75) percentile: (222, 288, 377)
[M::mem_pestat] low and high boundaries for computing mean and std.dev: (1, 687)
[M::mem_pestat] mean and std.dev: (306.86, 114.33)
[M::mem_pestat] low and high boundaries for proper pairs: (1, 842)
[M::mem_pestat] skip orientation RF as there are not enough pairs
[M::mem_pestat] skip orientation RR as there are not enough pairs
[0000] 10. Calling kt_for - worker_sam
	[0000][ M::mem_process_seqs] Processed 529802 reads in 1119.111 CPU sec, 142.148 real sec
[0000] 2. Calling mem_process_seqs.., task: 19
[0000] 3. Calling kt_for - worker_bwt
[0000] read_chunk: 80000000, work_chunk_size: 80000102, nseq: 529802
	[0000][ M::kt_pipeline] read 529802 sequences (80000102 bp)...
[0000] 3. Calling kt_for - worker_aln
Inferring insert size distribution from data, l_pac: 2069526396, n: 529802
[M::mem_pestat] # candidate unique pairs for (FF, FR, RF, RR): (2, 56376, 11, 2)
[M::mem_pestat] skip orientation FF as there are not enough pairs
[M::mem_pestat] analyzing insert size distribution for orientation FR...
[M::mem_pestat] (25, 50, 75) percentile: (222, 288, 379)
[M::mem_pestat] low and high boundaries for computing mean and std.dev: (1, 693)
[M::mem_pestat] mean and std.dev: (307.86, 115.50)
[M::mem_pestat] low and high boundaries for proper pairs: (1, 850)
[M::mem_pestat] analyzing insert size distribution for orientation RF...
[M::mem_pestat] (25, 50, 75) percentile: (357, 422, 4143)
[M::mem_pestat] low and high boundaries for computing mean and std.dev: (1, 11715)
[M::mem_pestat] mean and std.dev: (1391.91, 1763.34)
[M::mem_pestat] low and high boundaries for proper pairs: (1, 15501)
[M::mem_pestat] skip orientation RR as there are not enough pairs
[M::mem_pestat] skip orientation RF
[0000] 10. Calling kt_for - worker_sam
	[0000][ M::mem_process_seqs] Processed 529802 reads in 1078.527 CPU sec, 136.983 real sec
[0000] 2. Calling mem_process_seqs.., task: 20
[0000] 3. Calling kt_for - worker_bwt
[0000] read_chunk: 80000000, work_chunk_size: 80000102, nseq: 529802
	[0000][ M::kt_pipeline] read 529802 sequences (80000102 bp)...
[0000] 3. Calling kt_for - worker_aln
Inferring insert size distribution from data, l_pac: 2069526396, n: 529802
[M::mem_pestat] # candidate unique pairs for (FF, FR, RF, RR): (1, 55969, 5, 2)
[M::mem_pestat] skip orientation FF as there are not enough pairs
[M::mem_pestat] analyzing insert size distribution for orientation FR...
[M::mem_pestat] (25, 50, 75) percentile: (222, 288, 379)
[M::mem_pestat] low and high boundaries for computing mean and std.dev: (1, 693)
[M::mem_pestat] mean and std.dev: (307.50, 115.61)
[M::mem_pestat] low and high boundaries for proper pairs: (1, 850)
[M::mem_pestat] skip orientation RF as there are not enough pairs
[M::mem_pestat] skip orientation RR as there are not enough pairs
[0000] 10. Calling kt_for - worker_sam
	[0000][ M::mem_process_seqs] Processed 529802 reads in 1134.042 CPU sec, 144.705 real sec
[0000] 2. Calling mem_process_seqs.., task: 21
[0000] 3. Calling kt_for - worker_bwt
[0000] read_chunk: 80000000, work_chunk_size: 80000102, nseq: 529802
	[0000][ M::kt_pipeline] read 529802 sequences (80000102 bp)...
[0000] 3. Calling kt_for - worker_aln
Inferring insert size distribution from data, l_pac: 2069526396, n: 529802
[M::mem_pestat] # candidate unique pairs for (FF, FR, RF, RR): (0, 56472, 8, 1)
[M::mem_pestat] skip orientation FF as there are not enough pairs
[M::mem_pestat] analyzing insert size distribution for orientation FR...
[M::mem_pestat] (25, 50, 75) percentile: (222, 288, 379)
[M::mem_pestat] low and high boundaries for computing mean and std.dev: (1, 693)
[M::mem_pestat] mean and std.dev: (307.43, 114.96)
[M::mem_pestat] low and high boundaries for proper pairs: (1, 850)
[M::mem_pestat] skip orientation RF as there are not enough pairs
[M::mem_pestat] skip orientation RR as there are not enough pairs
[0000] 10. Calling kt_for - worker_sam
	[0000][ M::mem_process_seqs] Processed 529802 reads in 1178.233 CPU sec, 150.804 real sec
[0000] 2. Calling mem_process_seqs.., task: 22
[0000] 3. Calling kt_for - worker_bwt
[0000] read_chunk: 80000000, work_chunk_size: 80000102, nseq: 529802
	[0000][ M::kt_pipeline] read 529802 sequences (80000102 bp)...
[0000] 3. Calling kt_for - worker_aln
Inferring insert size distribution from data, l_pac: 2069526396, n: 529802
[M::mem_pestat] # candidate unique pairs for (FF, FR, RF, RR): (1, 56134, 11, 1)
[M::mem_pestat] skip orientation FF as there are not enough pairs
[M::mem_pestat] analyzing insert size distribution for orientation FR...
[M::mem_pestat] (25, 50, 75) percentile: (222, 289, 378)
[M::mem_pestat] low and high boundaries for computing mean and std.dev: (1, 690)
[M::mem_pestat] mean and std.dev: (307.78, 115.25)
[M::mem_pestat] low and high boundaries for proper pairs: (1, 846)
[M::mem_pestat] analyzing insert size distribution for orientation RF...
[M::mem_pestat] (25, 50, 75) percentile: (237, 1476, 3735)
[M::mem_pestat] low and high boundaries for computing mean and std.dev: (1, 10731)
[M::mem_pestat] mean and std.dev: (1641.91, 1581.72)
[M::mem_pestat] low and high boundaries for proper pairs: (1, 14229)
[M::mem_pestat] skip orientation RR as there are not enough pairs
[M::mem_pestat] skip orientation RF
[0000] 10. Calling kt_for - worker_sam
	[0000][ M::mem_process_seqs] Processed 529802 reads in 1166.309 CPU sec, 149.106 real sec
[0000] 2. Calling mem_process_seqs.., task: 23
[0000] 3. Calling kt_for - worker_bwt
[0000] read_chunk: 80000000, work_chunk_size: 80000102, nseq: 529802
	[0000][ M::kt_pipeline] read 529802 sequences (80000102 bp)...
[0000] 3. Calling kt_for - worker_aln
Inferring insert size distribution from data, l_pac: 2069526396, n: 529802
[M::mem_pestat] # candidate unique pairs for (FF, FR, RF, RR): (3, 56471, 9, 2)
[M::mem_pestat] skip orientation FF as there are not enough pairs
[M::mem_pestat] analyzing insert size distribution for orientation FR...
[M::mem_pestat] (25, 50, 75) percentile: (222, 288, 378)
[M::mem_pestat] low and high boundaries for computing mean and std.dev: (1, 690)
[M::mem_pestat] mean and std.dev: (307.34, 114.84)
[M::mem_pestat] low and high boundaries for proper pairs: (1, 846)
[M::mem_pestat] skip orientation RF as there are not enough pairs
[M::mem_pestat] skip orientation RR as there are not enough pairs
[0000] 10. Calling kt_for - worker_sam
	[0000][ M::mem_process_seqs] Processed 529802 reads in 1133.606 CPU sec, 144.592 real sec
[0000] 2. Calling mem_process_seqs.., task: 24
[0000] 3. Calling kt_for - worker_bwt
[0000] read_chunk: 80000000, work_chunk_size: 80000102, nseq: 529802
	[0000][ M::kt_pipeline] read 529802 sequences (80000102 bp)...
[0000] 3. Calling kt_for - worker_aln
Inferring insert size distribution from data, l_pac: 2069526396, n: 529802
[M::mem_pestat] # candidate unique pairs for (FF, FR, RF, RR): (1, 56516, 7, 0)
[M::mem_pestat] skip orientation FF as there are not enough pairs
[M::mem_pestat] analyzing insert size distribution for orientation FR...
[M::mem_pestat] (25, 50, 75) percentile: (221, 288, 379)
[M::mem_pestat] low and high boundaries for computing mean and std.dev: (1, 695)
[M::mem_pestat] mean and std.dev: (307.39, 115.41)
[M::mem_pestat] low and high boundaries for proper pairs: (1, 853)
[M::mem_pestat] skip orientation RF as there are not enough pairs
[M::mem_pestat] skip orientation RR as there are not enough pairs
[0000] 10. Calling kt_for - worker_sam
	[0000][ M::mem_process_seqs] Processed 529802 reads in 1160.488 CPU sec, 148.861 real sec
[0000] 2. Calling mem_process_seqs.., task: 25
[0000] 3. Calling kt_for - worker_bwt
[0000] read_chunk: 80000000, work_chunk_size: 80000102, nseq: 529802
	[0000][ M::kt_pipeline] read 529802 sequences (80000102 bp)...
[0000] 3. Calling kt_for - worker_aln
Inferring insert size distribution from data, l_pac: 2069526396, n: 529802
[M::mem_pestat] # candidate unique pairs for (FF, FR, RF, RR): (4, 56105, 13, 5)
[M::mem_pestat] skip orientation FF as there are not enough pairs
[M::mem_pestat] analyzing insert size distribution for orientation FR...
[M::mem_pestat] (25, 50, 75) percentile: (221, 287, 379)
[M::mem_pestat] low and high boundaries for computing mean and std.dev: (1, 695)
[M::mem_pestat] mean and std.dev: (307.07, 115.78)
[M::mem_pestat] low and high boundaries for proper pairs: (1, 853)
[M::mem_pestat] analyzing insert size distribution for orientation RF...
[M::mem_pestat] (25, 50, 75) percentile: (148, 2124, 5020)
[M::mem_pestat] low and high boundaries for computing mean and std.dev: (1, 14764)
[M::mem_pestat] mean and std.dev: (3086.77, 3306.31)
[M::mem_pestat] low and high boundaries for proper pairs: (1, 19636)
[M::mem_pestat] skip orientation RR as there are not enough pairs
[M::mem_pestat] skip orientation RF
[0000] 10. Calling kt_for - worker_sam
	[0000][ M::mem_process_seqs] Processed 529802 reads in 1176.115 CPU sec, 150.562 real sec
[0000] 2. Calling mem_process_seqs.., task: 26
[0000] 3. Calling kt_for - worker_bwt
[0000] read_chunk: 80000000, work_chunk_size: 80000102, nseq: 529802
	[0000][ M::kt_pipeline] read 529802 sequences (80000102 bp)...
[0000] 3. Calling kt_for - worker_aln
Inferring insert size distribution from data, l_pac: 2069526396, n: 529802
[M::mem_pestat] # candidate unique pairs for (FF, FR, RF, RR): (3, 56050, 5, 1)
[M::mem_pestat] skip orientation FF as there are not enough pairs
[M::mem_pestat] analyzing insert size distribution for orientation FR...
[M::mem_pestat] (25, 50, 75) percentile: (222, 289, 379)
[M::mem_pestat] low and high boundaries for computing mean and std.dev: (1, 693)
[M::mem_pestat] mean and std.dev: (307.77, 115.11)
[M::mem_pestat] low and high boundaries for proper pairs: (1, 850)
[M::mem_pestat] skip orientation RF as there are not enough pairs
[M::mem_pestat] skip orientation RR as there are not enough pairs
[0000] 10. Calling kt_for - worker_sam
	[0000][ M::mem_process_seqs] Processed 529802 reads in 1071.144 CPU sec, 136.263 real sec
[0000] 2. Calling mem_process_seqs.., task: 27
[0000] 3. Calling kt_for - worker_bwt
[0000] read_chunk: 80000000, work_chunk_size: 80000102, nseq: 529802
	[0000][ M::kt_pipeline] read 529802 sequences (80000102 bp)...
[0000] 3. Calling kt_for - worker_aln
Inferring insert size distribution from data, l_pac: 2069526396, n: 529802
[M::mem_pestat] # candidate unique pairs for (FF, FR, RF, RR): (2, 56285, 11, 4)
[M::mem_pestat] skip orientation FF as there are not enough pairs
[M::mem_pestat] analyzing insert size distribution for orientation FR...
[M::mem_pestat] (25, 50, 75) percentile: (222, 289, 378)
[M::mem_pestat] low and high boundaries for computing mean and std.dev: (1, 690)
[M::mem_pestat] mean and std.dev: (306.80, 114.62)
[M::mem_pestat] low and high boundaries for proper pairs: (1, 846)
[M::mem_pestat] analyzing insert size distribution for orientation RF...
[M::mem_pestat] (25, 50, 75) percentile: (574, 803, 1391)
[M::mem_pestat] low and high boundaries for computing mean and std.dev: (1, 3025)
[M::mem_pestat] mean and std.dev: (623.11, 395.45)
[M::mem_pestat] low and high boundaries for proper pairs: (1, 3842)
[M::mem_pestat] skip orientation RR as there are not enough pairs
[M::mem_pestat] skip orientation RF
[0000] 10. Calling kt_for - worker_sam
	[0000][ M::mem_process_seqs] Processed 529802 reads in 1149.543 CPU sec, 147.471 real sec
[0000] 2. Calling mem_process_seqs.., task: 28
[0000] 3. Calling kt_for - worker_bwt
[0000] read_chunk: 80000000, work_chunk_size: 80000102, nseq: 529802
	[0000][ M::kt_pipeline] read 529802 sequences (80000102 bp)...
[0000] 3. Calling kt_for - worker_aln
Inferring insert size distribution from data, l_pac: 2069526396, n: 529802
[M::mem_pestat] # candidate unique pairs for (FF, FR, RF, RR): (1, 56580, 8, 0)
[M::mem_pestat] skip orientation FF as there are not enough pairs
[M::mem_pestat] analyzing insert size distribution for orientation FR...
[M::mem_pestat] (25, 50, 75) percentile: (222, 288, 378)
[M::mem_pestat] low and high boundaries for computing mean and std.dev: (1, 690)
[M::mem_pestat] mean and std.dev: (306.53, 114.35)
[M::mem_pestat] low and high boundaries for proper pairs: (1, 846)
[M::mem_pestat] skip orientation RF as there are not enough pairs
[M::mem_pestat] skip orientation RR as there are not enough pairs
[0000] 10. Calling kt_for - worker_sam
	[0000][ M::mem_process_seqs] Processed 529802 reads in 1124.026 CPU sec, 142.903 real sec
[0000] 2. Calling mem_process_seqs.., task: 29
[0000] 3. Calling kt_for - worker_bwt
[0000] read_chunk: 80000000, work_chunk_size: 80000102, nseq: 529802
	[0000][ M::kt_pipeline] read 529802 sequences (80000102 bp)...
[0000] 3. Calling kt_for - worker_aln
Inferring insert size distribution from data, l_pac: 2069526396, n: 529802
[M::mem_pestat] # candidate unique pairs for (FF, FR, RF, RR): (0, 56319, 13, 5)
[M::mem_pestat] skip orientation FF as there are not enough pairs
[M::mem_pestat] analyzing insert size distribution for orientation FR...
[M::mem_pestat] (25, 50, 75) percentile: (222, 289, 379)
[M::mem_pestat] low and high boundaries for computing mean and std.dev: (1, 693)
[M::mem_pestat] mean and std.dev: (308.16, 115.87)
[M::mem_pestat] low and high boundaries for proper pairs: (1, 850)
[M::mem_pestat] analyzing insert size distribution for orientation RF...
[M::mem_pestat] (25, 50, 75) percentile: (289, 910, 4843)
[M::mem_pestat] low and high boundaries for computing mean and std.dev: (1, 13951)
[M::mem_pestat] mean and std.dev: (2472.92, 2975.27)
[M::mem_pestat] low and high boundaries for proper pairs: (1, 18505)
[M::mem_pestat] skip orientation RR as there are not enough pairs
[M::mem_pestat] skip orientation RF
[0000] 10. Calling kt_for - worker_sam
	[0000][ M::mem_process_seqs] Processed 529802 reads in 1154.194 CPU sec, 146.944 real sec
[0000] 2. Calling mem_process_seqs.., task: 30
[0000] 3. Calling kt_for - worker_bwt
[0000] read_chunk: 80000000, work_chunk_size: 80000102, nseq: 529802
	[0000][ M::kt_pipeline] read 529802 sequences (80000102 bp)...
[0000] 3. Calling kt_for - worker_aln
Inferring insert size distribution from data, l_pac: 2069526396, n: 529802
[M::mem_pestat] # candidate unique pairs for (FF, FR, RF, RR): (3, 56099, 7, 6)
[M::mem_pestat] skip orientation FF as there are not enough pairs
[M::mem_pestat] analyzing insert size distribution for orientation FR...
[M::mem_pestat] (25, 50, 75) percentile: (222, 288, 380)
[M::mem_pestat] low and high boundaries for computing mean and std.dev: (1, 696)
[M::mem_pestat] mean and std.dev: (307.26, 114.71)
[M::mem_pestat] low and high boundaries for proper pairs: (1, 854)
[M::mem_pestat] skip orientation RF as there are not enough pairs
[M::mem_pestat] skip orientation RR as there are not enough pairs
[0000] 10. Calling kt_for - worker_sam
	[0000][ M::mem_process_seqs] Processed 529802 reads in 1065.997 CPU sec, 135.291 real sec
[0000] 2. Calling mem_process_seqs.., task: 31
[0000] 3. Calling kt_for - worker_bwt
[0000] read_chunk: 80000000, work_chunk_size: 80000102, nseq: 529802
	[0000][ M::kt_pipeline] read 529802 sequences (80000102 bp)...
[0000] 3. Calling kt_for - worker_aln
Inferring insert size distribution from data, l_pac: 2069526396, n: 529802
[M::mem_pestat] # candidate unique pairs for (FF, FR, RF, RR): (4, 56144, 5, 5)
[M::mem_pestat] skip orientation FF as there are not enough pairs
[M::mem_pestat] analyzing insert size distribution for orientation FR...
[M::mem_pestat] (25, 50, 75) percentile: (223, 287, 378)
[M::mem_pestat] low and high boundaries for computing mean and std.dev: (1, 688)
[M::mem_pestat] mean and std.dev: (306.98, 114.76)
[M::mem_pestat] low and high boundaries for proper pairs: (1, 843)
[M::mem_pestat] skip orientation RF as there are not enough pairs
[M::mem_pestat] skip orientation RR as there are not enough pairs
[0000] 10. Calling kt_for - worker_sam
	[0000][ M::mem_process_seqs] Processed 529802 reads in 1013.547 CPU sec, 128.216 real sec
[0000] 2. Calling mem_process_seqs.., task: 32
[0000] 3. Calling kt_for - worker_bwt
[0000] read_chunk: 80000000, work_chunk_size: 80000102, nseq: 529802
	[0000][ M::kt_pipeline] read 529802 sequences (80000102 bp)...
[0000] 3. Calling kt_for - worker_aln
Inferring insert size distribution from data, l_pac: 2069526396, n: 529802
[M::mem_pestat] # candidate unique pairs for (FF, FR, RF, RR): (4, 56290, 3, 3)
[M::mem_pestat] skip orientation FF as there are not enough pairs
[M::mem_pestat] analyzing insert size distribution for orientation FR...
[M::mem_pestat] (25, 50, 75) percentile: (221, 289, 379)
[M::mem_pestat] low and high boundaries for computing mean and std.dev: (1, 695)
[M::mem_pestat] mean and std.dev: (307.75, 115.78)
[M::mem_pestat] low and high boundaries for proper pairs: (1, 853)
[M::mem_pestat] skip orientation RF as there are not enough pairs
[M::mem_pestat] skip orientation RR as there are not enough pairs
[0000] 10. Calling kt_for - worker_sam
	[0000][ M::mem_process_seqs] Processed 529802 reads in 1131.350 CPU sec, 144.743 real sec
[0000] 2. Calling mem_process_seqs.., task: 33
[0000] 3. Calling kt_for - worker_bwt
[0000] read_chunk: 80000000, work_chunk_size: 80000102, nseq: 529802
	[0000][ M::kt_pipeline] read 529802 sequences (80000102 bp)...
[0000] 3. Calling kt_for - worker_aln
Inferring insert size distribution from data, l_pac: 2069526396, n: 529802
[M::mem_pestat] # candidate unique pairs for (FF, FR, RF, RR): (2, 56394, 3, 0)
[M::mem_pestat] skip orientation FF as there are not enough pairs
[M::mem_pestat] analyzing insert size distribution for orientation FR...
[M::mem_pestat] (25, 50, 75) percentile: (221, 288, 380)
[M::mem_pestat] low and high boundaries for computing mean and std.dev: (1, 698)
[M::mem_pestat] mean and std.dev: (307.79, 116.08)
[M::mem_pestat] low and high boundaries for proper pairs: (1, 857)
[M::mem_pestat] skip orientation RF as there are not enough pairs
[M::mem_pestat] skip orientation RR as there are not enough pairs
[0000] 10. Calling kt_for - worker_sam
	[0000][ M::mem_process_seqs] Processed 529802 reads in 1150.359 CPU sec, 147.423 real sec
[0000] 2. Calling mem_process_seqs.., task: 34
[0000] 3. Calling kt_for - worker_bwt
[0000] read_chunk: 80000000, work_chunk_size: 80000102, nseq: 529802
	[0000][ M::kt_pipeline] read 529802 sequences (80000102 bp)...
[0000] 3. Calling kt_for - worker_aln
Inferring insert size distribution from data, l_pac: 2069526396, n: 529802
[M::mem_pestat] # candidate unique pairs for (FF, FR, RF, RR): (2, 56281, 6, 3)
[M::mem_pestat] skip orientation FF as there are not enough pairs
[M::mem_pestat] analyzing insert size distribution for orientation FR...
[M::mem_pestat] (25, 50, 75) percentile: (222, 288, 380)
[M::mem_pestat] low and high boundaries for computing mean and std.dev: (1, 696)
[M::mem_pestat] mean and std.dev: (308.02, 115.92)
[M::mem_pestat] low and high boundaries for proper pairs: (1, 854)
[M::mem_pestat] skip orientation RF as there are not enough pairs
[M::mem_pestat] skip orientation RR as there are not enough pairs
[0000] 10. Calling kt_for - worker_sam
	[0000][ M::mem_process_seqs] Processed 529802 reads in 1180.804 CPU sec, 150.962 real sec
[0000] 2. Calling mem_process_seqs.., task: 35
[0000] 3. Calling kt_for - worker_bwt
[0000] read_chunk: 80000000, work_chunk_size: 80000102, nseq: 529802
	[0000][ M::kt_pipeline] read 529802 sequences (80000102 bp)...
[0000] 3. Calling kt_for - worker_aln
Inferring insert size distribution from data, l_pac: 2069526396, n: 529802
[M::mem_pestat] # candidate unique pairs for (FF, FR, RF, RR): (3, 56406, 6, 2)
[M::mem_pestat] skip orientation FF as there are not enough pairs
[M::mem_pestat] analyzing insert size distribution for orientation FR...
[M::mem_pestat] (25, 50, 75) percentile: (223, 289, 380)
[M::mem_pestat] low and high boundaries for computing mean and std.dev: (1, 694)
[M::mem_pestat] mean and std.dev: (308.18, 115.68)
[M::mem_pestat] low and high boundaries for proper pairs: (1, 851)
[M::mem_pestat] skip orientation RF as there are not enough pairs
[M::mem_pestat] skip orientation RR as there are not enough pairs
[0000] 10. Calling kt_for - worker_sam
	[0000][ M::mem_process_seqs] Processed 529802 reads in 1205.848 CPU sec, 154.698 real sec
[0000] 2. Calling mem_process_seqs.., task: 36
[0000] 3. Calling kt_for - worker_bwt
[0000] read_chunk: 80000000, work_chunk_size: 80000102, nseq: 529802
	[0000][ M::kt_pipeline] read 529802 sequences (80000102 bp)...
[0000] 3. Calling kt_for - worker_aln
Inferring insert size distribution from data, l_pac: 2069526396, n: 529802
[M::mem_pestat] # candidate unique pairs for (FF, FR, RF, RR): (4, 55792, 10, 0)
[M::mem_pestat] skip orientation FF as there are not enough pairs
[M::mem_pestat] analyzing insert size distribution for orientation FR...
[M::mem_pestat] (25, 50, 75) percentile: (221, 288, 379)
[M::mem_pestat] low and high boundaries for computing mean and std.dev: (1, 695)
[M::mem_pestat] mean and std.dev: (306.97, 115.02)
[M::mem_pestat] low and high boundaries for proper pairs: (1, 853)
[M::mem_pestat] analyzing insert size distribution for orientation RF...
[M::mem_pestat] (25, 50, 75) percentile: (808, 1195, 3897)
[M::mem_pestat] low and high boundaries for computing mean and std.dev: (1, 10075)
[M::mem_pestat] mean and std.dev: (1956.10, 1422.36)
[M::mem_pestat] low and high boundaries for proper pairs: (1, 13164)
[M::mem_pestat] skip orientation RR as there are not enough pairs
[M::mem_pestat] skip orientation RF
[0000] 10. Calling kt_for - worker_sam
	[0000][ M::mem_process_seqs] Processed 529802 reads in 1205.057 CPU sec, 155.321 real sec
[0000] 2. Calling mem_process_seqs.., task: 37
[0000] 3. Calling kt_for - worker_bwt
[0000] read_chunk: 80000000, work_chunk_size: 80000102, nseq: 529802
	[0000][ M::kt_pipeline] read 529802 sequences (80000102 bp)...
[0000] 3. Calling kt_for - worker_aln
Inferring insert size distribution from data, l_pac: 2069526396, n: 529802
[M::mem_pestat] # candidate unique pairs for (FF, FR, RF, RR): (3, 56268, 6, 2)
[M::mem_pestat] skip orientation FF as there are not enough pairs
[M::mem_pestat] analyzing insert size distribution for orientation FR...
[M::mem_pestat] (25, 50, 75) percentile: (221, 287, 378)
[M::mem_pestat] low and high boundaries for computing mean and std.dev: (1, 692)
[M::mem_pestat] mean and std.dev: (306.71, 114.53)
[M::mem_pestat] low and high boundaries for proper pairs: (1, 849)
[M::mem_pestat] skip orientation RF as there are not enough pairs
[M::mem_pestat] skip orientation RR as there are not enough pairs
[0000] 10. Calling kt_for - worker_sam
	[0000][ M::mem_process_seqs] Processed 529802 reads in 1148.411 CPU sec, 146.599 real sec
[0000] 2. Calling mem_process_seqs.., task: 38
[0000] 3. Calling kt_for - worker_bwt
[0000] read_chunk: 80000000, work_chunk_size: 80000102, nseq: 529802
	[0000][ M::kt_pipeline] read 529802 sequences (80000102 bp)...
[0000] 3. Calling kt_for - worker_aln
Inferring insert size distribution from data, l_pac: 2069526396, n: 529802
[M::mem_pestat] # candidate unique pairs for (FF, FR, RF, RR): (3, 56762, 4, 2)
[M::mem_pestat] skip orientation FF as there are not enough pairs
[M::mem_pestat] analyzing insert size distribution for orientation FR...
[M::mem_pestat] (25, 50, 75) percentile: (221, 287, 378)
[M::mem_pestat] low and high boundaries for computing mean and std.dev: (1, 692)
[M::mem_pestat] mean and std.dev: (306.31, 114.46)
[M::mem_pestat] low and high boundaries for proper pairs: (1, 849)
[M::mem_pestat] skip orientation RF as there are not enough pairs
[M::mem_pestat] skip orientation RR as there are not enough pairs
[0000] 10. Calling kt_for - worker_sam
	[0000][ M::mem_process_seqs] Processed 529802 reads in 1179.364 CPU sec, 150.660 real sec
[0000] 2. Calling mem_process_seqs.., task: 39
[0000] 3. Calling kt_for - worker_bwt
[0000] read_chunk: 80000000, work_chunk_size: 80000102, nseq: 529802
	[0000][ M::kt_pipeline] read 529802 sequences (80000102 bp)...
[0000] 3. Calling kt_for - worker_aln
Inferring insert size distribution from data, l_pac: 2069526396, n: 529802
[M::mem_pestat] # candidate unique pairs for (FF, FR, RF, RR): (3, 56892, 7, 1)
[M::mem_pestat] skip orientation FF as there are not enough pairs
[M::mem_pestat] analyzing insert size distribution for orientation FR...
[M::mem_pestat] (25, 50, 75) percentile: (223, 288, 379)
[M::mem_pestat] low and high boundaries for computing mean and std.dev: (1, 691)
[M::mem_pestat] mean and std.dev: (307.51, 114.87)
[M::mem_pestat] low and high boundaries for proper pairs: (1, 847)
[M::mem_pestat] skip orientation RF as there are not enough pairs
[M::mem_pestat] skip orientation RR as there are not enough pairs
[0000] 10. Calling kt_for - worker_sam
	[0000][ M::mem_process_seqs] Processed 529802 reads in 1178.630 CPU sec, 150.739 real sec
[0000] 2. Calling mem_process_seqs.., task: 40
[0000] 3. Calling kt_for - worker_bwt
[0000] read_chunk: 80000000, work_chunk_size: 80000102, nseq: 529802
	[0000][ M::kt_pipeline] read 529802 sequences (80000102 bp)...
[0000] 3. Calling kt_for - worker_aln
Inferring insert size distribution from data, l_pac: 2069526396, n: 529802
[M::mem_pestat] # candidate unique pairs for (FF, FR, RF, RR): (3, 56187, 10, 1)
[M::mem_pestat] skip orientation FF as there are not enough pairs
[M::mem_pestat] analyzing insert size distribution for orientation FR...
[M::mem_pestat] (25, 50, 75) percentile: (221, 287, 377)
[M::mem_pestat] low and high boundaries for computing mean and std.dev: (1, 689)
[M::mem_pestat] mean and std.dev: (306.60, 114.96)
[M::mem_pestat] low and high boundaries for proper pairs: (1, 845)
[M::mem_pestat] analyzing insert size distribution for orientation RF...
[M::mem_pestat] (25, 50, 75) percentile: (358, 613, 2928)
[M::mem_pestat] low and high boundaries for computing mean and std.dev: (1, 8068)
[M::mem_pestat] mean and std.dev: (1643.40, 2207.63)
[M::mem_pestat] low and high boundaries for proper pairs: (1, 10638)
[M::mem_pestat] skip orientation RR as there are not enough pairs
[M::mem_pestat] skip orientation RF
[0000] 10. Calling kt_for - worker_sam
	[0000][ M::mem_process_seqs] Processed 529802 reads in 1189.111 CPU sec, 152.192 real sec
[0000] 2. Calling mem_process_seqs.., task: 41
[0000] 3. Calling kt_for - worker_bwt
[0000] read_chunk: 80000000, work_chunk_size: 80000102, nseq: 529802
	[0000][ M::kt_pipeline] read 529802 sequences (80000102 bp)...
[0000] 3. Calling kt_for - worker_aln
Inferring insert size distribution from data, l_pac: 2069526396, n: 529802
[M::mem_pestat] # candidate unique pairs for (FF, FR, RF, RR): (3, 56088, 6, 1)
[M::mem_pestat] skip orientation FF as there are not enough pairs
[M::mem_pestat] analyzing insert size distribution for orientation FR...
[M::mem_pestat] (25, 50, 75) percentile: (222, 287, 378)
[M::mem_pestat] low and high boundaries for computing mean and std.dev: (1, 690)
[M::mem_pestat] mean and std.dev: (306.09, 113.92)
[M::mem_pestat] low and high boundaries for proper pairs: (1, 846)
[M::mem_pestat] skip orientation RF as there are not enough pairs
[M::mem_pestat] skip orientation RR as there are not enough pairs
[0000] 10. Calling kt_for - worker_sam
	[0000][ M::mem_process_seqs] Processed 529802 reads in 1099.494 CPU sec, 139.971 real sec
[0000] 2. Calling mem_process_seqs.., task: 42
[0000] 3. Calling kt_for - worker_bwt
[0000] read_chunk: 80000000, work_chunk_size: 80000102, nseq: 529802
	[0000][ M::kt_pipeline] read 529802 sequences (80000102 bp)...
[0000] 3. Calling kt_for - worker_aln
Inferring insert size distribution from data, l_pac: 2069526396, n: 529802
[M::mem_pestat] # candidate unique pairs for (FF, FR, RF, RR): (5, 56342, 3, 4)
[M::mem_pestat] skip orientation FF as there are not enough pairs
[M::mem_pestat] analyzing insert size distribution for orientation FR...
[M::mem_pestat] (25, 50, 75) percentile: (222, 288, 378)
[M::mem_pestat] low and high boundaries for computing mean and std.dev: (1, 690)
[M::mem_pestat] mean and std.dev: (307.39, 115.61)
[M::mem_pestat] low and high boundaries for proper pairs: (1, 846)
[M::mem_pestat] skip orientation RF as there are not enough pairs
[M::mem_pestat] skip orientation RR as there are not enough pairs
[0000] 10. Calling kt_for - worker_sam
	[0000][ M::mem_process_seqs] Processed 529802 reads in 1073.591 CPU sec, 136.571 real sec
[0000] 2. Calling mem_process_seqs.., task: 43
[0000] 3. Calling kt_for - worker_bwt
[0000] read_chunk: 80000000, work_chunk_size: 80000102, nseq: 529802
	[0000][ M::kt_pipeline] read 529802 sequences (80000102 bp)...
[0000] 3. Calling kt_for - worker_aln
Inferring insert size distribution from data, l_pac: 2069526396, n: 529802
[M::mem_pestat] # candidate unique pairs for (FF, FR, RF, RR): (3, 56308, 11, 0)
[M::mem_pestat] skip orientation FF as there are not enough pairs
[M::mem_pestat] analyzing insert size distribution for orientation FR...
[M::mem_pestat] (25, 50, 75) percentile: (222, 288, 379)
[M::mem_pestat] low and high boundaries for computing mean and std.dev: (1, 693)
[M::mem_pestat] mean and std.dev: (307.52, 115.29)
[M::mem_pestat] low and high boundaries for proper pairs: (1, 850)
[M::mem_pestat] analyzing insert size distribution for orientation RF...
[M::mem_pestat] (25, 50, 75) percentile: (293, 3695, 9145)
[M::mem_pestat] low and high boundaries for computing mean and std.dev: (1, 26849)
[M::mem_pestat] mean and std.dev: (4113.36, 3752.95)
[M::mem_pestat] low and high boundaries for proper pairs: (1, 35701)
[M::mem_pestat] skip orientation RR as there are not enough pairs
[M::mem_pestat] skip orientation RF
[0000] 10. Calling kt_for - worker_sam
	[0000][ M::mem_process_seqs] Processed 529802 reads in 1189.628 CPU sec, 152.342 real sec
[0000] 2. Calling mem_process_seqs.., task: 44
[0000] 3. Calling kt_for - worker_bwt
[0000] read_chunk: 80000000, work_chunk_size: 80000102, nseq: 529802
	[0000][ M::kt_pipeline] read 529802 sequences (80000102 bp)...
[0000] 3. Calling kt_for - worker_aln
Inferring insert size distribution from data, l_pac: 2069526396, n: 529802
[M::mem_pestat] # candidate unique pairs for (FF, FR, RF, RR): (1, 55961, 10, 0)
[M::mem_pestat] skip orientation FF as there are not enough pairs
[M::mem_pestat] analyzing insert size distribution for orientation FR...
[M::mem_pestat] (25, 50, 75) percentile: (222, 288, 379)
[M::mem_pestat] low and high boundaries for computing mean and std.dev: (1, 693)
[M::mem_pestat] mean and std.dev: (307.32, 114.92)
[M::mem_pestat] low and high boundaries for proper pairs: (1, 850)
[M::mem_pestat] analyzing insert size distribution for orientation RF...
[M::mem_pestat] (25, 50, 75) percentile: (666, 1598, 2760)
[M::mem_pestat] low and high boundaries for computing mean and std.dev: (1, 6948)
[M::mem_pestat] mean and std.dev: (2255.30, 2357.95)
[M::mem_pestat] low and high boundaries for proper pairs: (1, 11687)
[M::mem_pestat] skip orientation RR as there are not enough pairs
[M::mem_pestat] skip orientation RF
[0000] 10. Calling kt_for - worker_sam
	[0000][ M::mem_process_seqs] Processed 529802 reads in 1199.816 CPU sec, 154.026 real sec
[0000] 2. Calling mem_process_seqs.., task: 45
[0000] 3. Calling kt_for - worker_bwt
[0000] read_chunk: 80000000, work_chunk_size: 80000102, nseq: 529802
	[0000][ M::kt_pipeline] read 529802 sequences (80000102 bp)...
[0000] 3. Calling kt_for - worker_aln
Inferring insert size distribution from data, l_pac: 2069526396, n: 529802
[M::mem_pestat] # candidate unique pairs for (FF, FR, RF, RR): (0, 56561, 10, 3)
[M::mem_pestat] skip orientation FF as there are not enough pairs
[M::mem_pestat] analyzing insert size distribution for orientation FR...
[M::mem_pestat] (25, 50, 75) percentile: (222, 289, 379)
[M::mem_pestat] low and high boundaries for computing mean and std.dev: (1, 693)
[M::mem_pestat] mean and std.dev: (307.61, 115.55)
[M::mem_pestat] low and high boundaries for proper pairs: (1, 850)
[M::mem_pestat] analyzing insert size distribution for orientation RF...
[M::mem_pestat] (25, 50, 75) percentile: (839, 3306, 3587)
[M::mem_pestat] low and high boundaries for computing mean and std.dev: (1, 9083)
[M::mem_pestat] mean and std.dev: (2817.10, 2381.31)
[M::mem_pestat] low and high boundaries for proper pairs: (1, 12342)
[M::mem_pestat] skip orientation RR as there are not enough pairs
[M::mem_pestat] skip orientation RF
[0000] 10. Calling kt_for - worker_sam
	[0000][ M::mem_process_seqs] Processed 529802 reads in 1167.642 CPU sec, 149.728 real sec
[0000] 2. Calling mem_process_seqs.., task: 46
[0000] 3. Calling kt_for - worker_bwt
[0000] read_chunk: 80000000, work_chunk_size: 80000102, nseq: 529802
	[0000][ M::kt_pipeline] read 529802 sequences (80000102 bp)...
[0000] 3. Calling kt_for - worker_aln
Inferring insert size distribution from data, l_pac: 2069526396, n: 529802
[M::mem_pestat] # candidate unique pairs for (FF, FR, RF, RR): (1, 56027, 5, 2)
[M::mem_pestat] skip orientation FF as there are not enough pairs
[M::mem_pestat] analyzing insert size distribution for orientation FR...
[M::mem_pestat] (25, 50, 75) percentile: (221, 288, 380)
[M::mem_pestat] low and high boundaries for computing mean and std.dev: (1, 698)
[M::mem_pestat] mean and std.dev: (307.33, 115.91)
[M::mem_pestat] low and high boundaries for proper pairs: (1, 857)
[M::mem_pestat] skip orientation RF as there are not enough pairs
[M::mem_pestat] skip orientation RR as there are not enough pairs
[0000] 10. Calling kt_for - worker_sam
	[0000][ M::mem_process_seqs] Processed 529802 reads in 1182.647 CPU sec, 151.956 real sec
[0000] 2. Calling mem_process_seqs.., task: 47
[0000] 3. Calling kt_for - worker_bwt
[0000] read_chunk: 80000000, work_chunk_size: 80000102, nseq: 529802
	[0000][ M::kt_pipeline] read 529802 sequences (80000102 bp)...
[0000] 3. Calling kt_for - worker_aln
Inferring insert size distribution from data, l_pac: 2069526396, n: 529802
[M::mem_pestat] # candidate unique pairs for (FF, FR, RF, RR): (1, 56685, 4, 5)
[M::mem_pestat] skip orientation FF as there are not enough pairs
[M::mem_pestat] analyzing insert size distribution for orientation FR...
[M::mem_pestat] (25, 50, 75) percentile: (222, 289, 378)
[M::mem_pestat] low and high boundaries for computing mean and std.dev: (1, 690)
[M::mem_pestat] mean and std.dev: (307.46, 114.50)
[M::mem_pestat] low and high boundaries for proper pairs: (1, 846)
[M::mem_pestat] skip orientation RF as there are not enough pairs
[M::mem_pestat] skip orientation RR as there are not enough pairs
[0000] 10. Calling kt_for - worker_sam
	[0000][ M::mem_process_seqs] Processed 529802 reads in 1138.821 CPU sec, 145.365 real sec
[0000] 2. Calling mem_process_seqs.., task: 48
[0000] 3. Calling kt_for - worker_bwt
[0000] read_chunk: 80000000, work_chunk_size: 80000102, nseq: 529802
	[0000][ M::kt_pipeline] read 529802 sequences (80000102 bp)...
[0000] 3. Calling kt_for - worker_aln
Inferring insert size distribution from data, l_pac: 2069526396, n: 529802
[M::mem_pestat] # candidate unique pairs for (FF, FR, RF, RR): (1, 56784, 6, 2)
[M::mem_pestat] skip orientation FF as there are not enough pairs
[M::mem_pestat] analyzing insert size distribution for orientation FR...
[M::mem_pestat] (25, 50, 75) percentile: (222, 288, 379)
[M::mem_pestat] low and high boundaries for computing mean and std.dev: (1, 693)
[M::mem_pestat] mean and std.dev: (307.40, 115.01)
[M::mem_pestat] low and high boundaries for proper pairs: (1, 850)
[M::mem_pestat] skip orientation RF as there are not enough pairs
[M::mem_pestat] skip orientation RR as there are not enough pairs
[0000] 10. Calling kt_for - worker_sam
	[0000][ M::mem_process_seqs] Processed 529802 reads in 1115.705 CPU sec, 141.889 real sec
[0000] 2. Calling mem_process_seqs.., task: 49
[0000] 3. Calling kt_for - worker_bwt
[0000] read_chunk: 80000000, work_chunk_size: 80000102, nseq: 529802
	[0000][ M::kt_pipeline] read 529802 sequences (80000102 bp)...
[0000] 3. Calling kt_for - worker_aln
Inferring insert size distribution from data, l_pac: 2069526396, n: 529802
[M::mem_pestat] # candidate unique pairs for (FF, FR, RF, RR): (2, 55979, 7, 3)
[M::mem_pestat] skip orientation FF as there are not enough pairs
[M::mem_pestat] analyzing insert size distribution for orientation FR...
[M::mem_pestat] (25, 50, 75) percentile: (222, 289, 380)
[M::mem_pestat] low and high boundaries for computing mean and std.dev: (1, 696)
[M::mem_pestat] mean and std.dev: (308.09, 115.94)
[M::mem_pestat] low and high boundaries for proper pairs: (1, 854)
[M::mem_pestat] skip orientation RF as there are not enough pairs
[M::mem_pestat] skip orientation RR as there are not enough pairs
[0000] 10. Calling kt_for - worker_sam
	[0000][ M::mem_process_seqs] Processed 529802 reads in 1113.739 CPU sec, 141.410 real sec
[0000] 2. Calling mem_process_seqs.., task: 50
[0000] 3. Calling kt_for - worker_bwt
[0000] read_chunk: 80000000, work_chunk_size: 80000102, nseq: 529802
	[0000][ M::kt_pipeline] read 529802 sequences (80000102 bp)...
[0000] 3. Calling kt_for - worker_aln
Inferring insert size distribution from data, l_pac: 2069526396, n: 529802
[M::mem_pestat] # candidate unique pairs for (FF, FR, RF, RR): (5, 56612, 4, 2)
[M::mem_pestat] skip orientation FF as there are not enough pairs
[M::mem_pestat] analyzing insert size distribution for orientation FR...
[M::mem_pestat] (25, 50, 75) percentile: (222, 289, 380)
[M::mem_pestat] low and high boundaries for computing mean and std.dev: (1, 696)
[M::mem_pestat] mean and std.dev: (308.16, 115.26)
[M::mem_pestat] low and high boundaries for proper pairs: (1, 854)
[M::mem_pestat] skip orientation RF as there are not enough pairs
[M::mem_pestat] skip orientation RR as there are not enough pairs
[0000] 10. Calling kt_for - worker_sam
	[0000][ M::mem_process_seqs] Processed 529802 reads in 1121.034 CPU sec, 142.702 real sec
[0000] 2. Calling mem_process_seqs.., task: 51
[0000] 3. Calling kt_for - worker_bwt
[0000] read_chunk: 80000000, work_chunk_size: 80000102, nseq: 529802
	[0000][ M::kt_pipeline] read 529802 sequences (80000102 bp)...
[0000] 3. Calling kt_for - worker_aln
Inferring insert size distribution from data, l_pac: 2069526396, n: 529802
[M::mem_pestat] # candidate unique pairs for (FF, FR, RF, RR): (3, 56115, 12, 3)
[M::mem_pestat] skip orientation FF as there are not enough pairs
[M::mem_pestat] analyzing insert size distribution for orientation FR...
[M::mem_pestat] (25, 50, 75) percentile: (221, 288, 379)
[M::mem_pestat] low and high boundaries for computing mean and std.dev: (1, 695)
[M::mem_pestat] mean and std.dev: (307.15, 115.18)
[M::mem_pestat] low and high boundaries for proper pairs: (1, 853)
[M::mem_pestat] analyzing insert size distribution for orientation RF...
[M::mem_pestat] (25, 50, 75) percentile: (205, 1656, 3578)
[M::mem_pestat] low and high boundaries for computing mean and std.dev: (1, 10324)
[M::mem_pestat] mean and std.dev: (2186.00, 2477.47)
[M::mem_pestat] low and high boundaries for proper pairs: (1, 13697)
[M::mem_pestat] skip orientation RR as there are not enough pairs
[M::mem_pestat] skip orientation RF
[0000] 10. Calling kt_for - worker_sam
	[0000][ M::mem_process_seqs] Processed 529802 reads in 1159.624 CPU sec, 147.934 real sec
[0000] 2. Calling mem_process_seqs.., task: 52
[0000] 3. Calling kt_for - worker_bwt
[0000] read_chunk: 80000000, work_chunk_size: 80000102, nseq: 529802
	[0000][ M::kt_pipeline] read 529802 sequences (80000102 bp)...
[0000] 3. Calling kt_for - worker_aln
Inferring insert size distribution from data, l_pac: 2069526396, n: 529802
[M::mem_pestat] # candidate unique pairs for (FF, FR, RF, RR): (4, 56315, 12, 2)
[M::mem_pestat] skip orientation FF as there are not enough pairs
[M::mem_pestat] analyzing insert size distribution for orientation FR...
[M::mem_pestat] (25, 50, 75) percentile: (221, 287, 379)
[M::mem_pestat] low and high boundaries for computing mean and std.dev: (1, 695)
[M::mem_pestat] mean and std.dev: (307.13, 115.16)
[M::mem_pestat] low and high boundaries for proper pairs: (1, 853)
[M::mem_pestat] analyzing insert size distribution for orientation RF...
[M::mem_pestat] (25, 50, 75) percentile: (310, 3891, 4199)
[M::mem_pestat] low and high boundaries for computing mean and std.dev: (1, 11977)
[M::mem_pestat] mean and std.dev: (2387.00, 2096.28)
[M::mem_pestat] low and high boundaries for proper pairs: (1, 15866)
[M::mem_pestat] skip orientation RR as there are not enough pairs
[M::mem_pestat] skip orientation RF
[0000] 10. Calling kt_for - worker_sam
	[0000][ M::mem_process_seqs] Processed 529802 reads in 1180.093 CPU sec, 150.605 real sec
[0000] 2. Calling mem_process_seqs.., task: 53
[0000] 3. Calling kt_for - worker_bwt
[0000] read_chunk: 80000000, work_chunk_size: 80000102, nseq: 529802
	[0000][ M::kt_pipeline] read 529802 sequences (80000102 bp)...
[0000] 3. Calling kt_for - worker_aln
Inferring insert size distribution from data, l_pac: 2069526396, n: 529802
[M::mem_pestat] # candidate unique pairs for (FF, FR, RF, RR): (1, 56294, 11, 2)
[M::mem_pestat] skip orientation FF as there are not enough pairs
[M::mem_pestat] analyzing insert size distribution for orientation FR...
[M::mem_pestat] (25, 50, 75) percentile: (222, 288, 379)
[M::mem_pestat] low and high boundaries for computing mean and std.dev: (1, 693)
[M::mem_pestat] mean and std.dev: (308.28, 115.51)
[M::mem_pestat] low and high boundaries for proper pairs: (1, 850)
[M::mem_pestat] analyzing insert size distribution for orientation RF...
[M::mem_pestat] (25, 50, 75) percentile: (335, 482, 3439)
[M::mem_pestat] low and high boundaries for computing mean and std.dev: (1, 9647)
[M::mem_pestat] mean and std.dev: (2260.55, 2985.05)
[M::mem_pestat] low and high boundaries for proper pairs: (1, 14201)
[M::mem_pestat] skip orientation RR as there are not enough pairs
[M::mem_pestat] skip orientation RF
[0000] 10. Calling kt_for - worker_sam
	[0000][ M::mem_process_seqs] Processed 529802 reads in 1141.530 CPU sec, 145.544 real sec
[0000] 2. Calling mem_process_seqs.., task: 54
[0000] 3. Calling kt_for - worker_bwt
[0000] read_chunk: 80000000, work_chunk_size: 80000102, nseq: 529802
	[0000][ M::kt_pipeline] read 529802 sequences (80000102 bp)...
[0000] 3. Calling kt_for - worker_aln
Inferring insert size distribution from data, l_pac: 2069526396, n: 529802
[M::mem_pestat] # candidate unique pairs for (FF, FR, RF, RR): (1, 56375, 11, 4)
[M::mem_pestat] skip orientation FF as there are not enough pairs
[M::mem_pestat] analyzing insert size distribution for orientation FR...
[M::mem_pestat] (25, 50, 75) percentile: (222, 289, 380)
[M::mem_pestat] low and high boundaries for computing mean and std.dev: (1, 696)
[M::mem_pestat] mean and std.dev: (308.09, 114.99)
[M::mem_pestat] low and high boundaries for proper pairs: (1, 854)
[M::mem_pestat] analyzing insert size distribution for orientation RF...
[M::mem_pestat] (25, 50, 75) percentile: (194, 866, 3596)
[M::mem_pestat] low and high boundaries for computing mean and std.dev: (1, 10400)
[M::mem_pestat] mean and std.dev: (1760.09, 2120.60)
[M::mem_pestat] low and high boundaries for proper pairs: (1, 13802)
[M::mem_pestat] skip orientation RR as there are not enough pairs
[M::mem_pestat] skip orientation RF
[0000] 10. Calling kt_for - worker_sam
	[0000][ M::mem_process_seqs] Processed 529802 reads in 1118.853 CPU sec, 141.961 real sec
[0000] 2. Calling mem_process_seqs.., task: 55
[0000] 3. Calling kt_for - worker_bwt
[0000] read_chunk: 80000000, work_chunk_size: 80000102, nseq: 529802
	[0000][ M::kt_pipeline] read 529802 sequences (80000102 bp)...
[0000] 3. Calling kt_for - worker_aln
Inferring insert size distribution from data, l_pac: 2069526396, n: 529802
[M::mem_pestat] # candidate unique pairs for (FF, FR, RF, RR): (6, 56100, 2, 2)
[M::mem_pestat] skip orientation FF as there are not enough pairs
[M::mem_pestat] analyzing insert size distribution for orientation FR...
[M::mem_pestat] (25, 50, 75) percentile: (223, 289, 380)
[M::mem_pestat] low and high boundaries for computing mean and std.dev: (1, 694)
[M::mem_pestat] mean and std.dev: (308.42, 115.53)
[M::mem_pestat] low and high boundaries for proper pairs: (1, 851)
[M::mem_pestat] skip orientation RF as there are not enough pairs
[M::mem_pestat] skip orientation RR as there are not enough pairs
[0000] 10. Calling kt_for - worker_sam
	[0000][ M::mem_process_seqs] Processed 529802 reads in 1180.722 CPU sec, 151.099 real sec
[0000] 2. Calling mem_process_seqs.., task: 56
[0000] 3. Calling kt_for - worker_bwt
[0000] read_chunk: 80000000, work_chunk_size: 80000102, nseq: 529802
	[0000][ M::kt_pipeline] read 529802 sequences (80000102 bp)...
[0000] 3. Calling kt_for - worker_aln
Inferring insert size distribution from data, l_pac: 2069526396, n: 529802
[M::mem_pestat] # candidate unique pairs for (FF, FR, RF, RR): (5, 56408, 11, 1)
[M::mem_pestat] skip orientation FF as there are not enough pairs
[M::mem_pestat] analyzing insert size distribution for orientation FR...
[M::mem_pestat] (25, 50, 75) percentile: (223, 287, 379)
[M::mem_pestat] low and high boundaries for computing mean and std.dev: (1, 691)
[M::mem_pestat] mean and std.dev: (307.80, 115.33)
[M::mem_pestat] low and high boundaries for proper pairs: (1, 847)
[M::mem_pestat] analyzing insert size distribution for orientation RF...
[M::mem_pestat] (25, 50, 75) percentile: (1187, 2037, 6620)
[M::mem_pestat] low and high boundaries for computing mean and std.dev: (1, 17486)
[M::mem_pestat] mean and std.dev: (3502.91, 3389.46)
[M::mem_pestat] low and high boundaries for proper pairs: (1, 22919)
[M::mem_pestat] skip orientation RR as there are not enough pairs
[M::mem_pestat] skip orientation RF
[0000] 10. Calling kt_for - worker_sam
	[0000][ M::mem_process_seqs] Processed 529802 reads in 1158.622 CPU sec, 147.715 real sec
[0000] 2. Calling mem_process_seqs.., task: 57
[0000] 3. Calling kt_for - worker_bwt
[0000] read_chunk: 80000000, work_chunk_size: 80000102, nseq: 529802
	[0000][ M::kt_pipeline] read 529802 sequences (80000102 bp)...
[0000] 3. Calling kt_for - worker_aln
Inferring insert size distribution from data, l_pac: 2069526396, n: 529802
[M::mem_pestat] # candidate unique pairs for (FF, FR, RF, RR): (2, 56405, 11, 1)
[M::mem_pestat] skip orientation FF as there are not enough pairs
[M::mem_pestat] analyzing insert size distribution for orientation FR...
[M::mem_pestat] (25, 50, 75) percentile: (223, 289, 381)
[M::mem_pestat] low and high boundaries for computing mean and std.dev: (1, 697)
[M::mem_pestat] mean and std.dev: (308.88, 116.02)
[M::mem_pestat] low and high boundaries for proper pairs: (1, 855)
[M::mem_pestat] analyzing insert size distribution for orientation RF...
[M::mem_pestat] (25, 50, 75) percentile: (172, 707, 4025)
[M::mem_pestat] low and high boundaries for computing mean and std.dev: (1, 11731)
[M::mem_pestat] mean and std.dev: (2116.18, 2889.06)
[M::mem_pestat] low and high boundaries for proper pairs: (1, 15584)
[M::mem_pestat] skip orientation RR as there are not enough pairs
[M::mem_pestat] skip orientation RF
[0000] 10. Calling kt_for - worker_sam
	[0000][ M::mem_process_seqs] Processed 529802 reads in 1137.677 CPU sec, 145.083 real sec
[0000] 2. Calling mem_process_seqs.., task: 58
[0000] 3. Calling kt_for - worker_bwt
[0000] read_chunk: 80000000, work_chunk_size: 80000102, nseq: 529802
	[0000][ M::kt_pipeline] read 529802 sequences (80000102 bp)...
[0000] 3. Calling kt_for - worker_aln
Inferring insert size distribution from data, l_pac: 2069526396, n: 529802
[M::mem_pestat] # candidate unique pairs for (FF, FR, RF, RR): (4, 56693, 8, 1)
[M::mem_pestat] skip orientation FF as there are not enough pairs
[M::mem_pestat] analyzing insert size distribution for orientation FR...
[M::mem_pestat] (25, 50, 75) percentile: (222, 288, 379)
[M::mem_pestat] low and high boundaries for computing mean and std.dev: (1, 693)
[M::mem_pestat] mean and std.dev: (307.69, 115.51)
[M::mem_pestat] low and high boundaries for proper pairs: (1, 850)
[M::mem_pestat] skip orientation RF as there are not enough pairs
[M::mem_pestat] skip orientation RR as there are not enough pairs
[0000] 10. Calling kt_for - worker_sam
	[0000][ M::mem_process_seqs] Processed 529802 reads in 1177.034 CPU sec, 150.313 real sec
[0000] 2. Calling mem_process_seqs.., task: 59
[0000] 3. Calling kt_for - worker_bwt
[0000] read_chunk: 80000000, work_chunk_size: 80000102, nseq: 529802
	[0000][ M::kt_pipeline] read 529802 sequences (80000102 bp)...
[0000] 3. Calling kt_for - worker_aln
Inferring insert size distribution from data, l_pac: 2069526396, n: 529802
[M::mem_pestat] # candidate unique pairs for (FF, FR, RF, RR): (4, 56456, 8, 0)
[M::mem_pestat] skip orientation FF as there are not enough pairs
[M::mem_pestat] analyzing insert size distribution for orientation FR...
[M::mem_pestat] (25, 50, 75) percentile: (223, 291, 383)
[M::mem_pestat] low and high boundaries for computing mean and std.dev: (1, 703)
[M::mem_pestat] mean and std.dev: (310.61, 117.58)
[M::mem_pestat] low and high boundaries for proper pairs: (1, 863)
[M::mem_pestat] skip orientation RF as there are not enough pairs
[M::mem_pestat] skip orientation RR as there are not enough pairs
[0000] 10. Calling kt_for - worker_sam
	[0000][ M::mem_process_seqs] Processed 529802 reads in 1203.644 CPU sec, 154.111 real sec
[0000] 2. Calling mem_process_seqs.., task: 60
[0000] 3. Calling kt_for - worker_bwt
[0000] read_chunk: 80000000, work_chunk_size: 80000102, nseq: 529802
	[0000][ M::kt_pipeline] read 529802 sequences (80000102 bp)...
[0000] 3. Calling kt_for - worker_aln
Inferring insert size distribution from data, l_pac: 2069526396, n: 529802
[M::mem_pestat] # candidate unique pairs for (FF, FR, RF, RR): (2, 56136, 9, 2)
[M::mem_pestat] skip orientation FF as there are not enough pairs
[M::mem_pestat] analyzing insert size distribution for orientation FR...
[M::mem_pestat] (25, 50, 75) percentile: (224, 291, 385)
[M::mem_pestat] low and high boundaries for computing mean and std.dev: (1, 707)
[M::mem_pestat] mean and std.dev: (311.33, 118.14)
[M::mem_pestat] low and high boundaries for proper pairs: (1, 868)
[M::mem_pestat] skip orientation RF as there are not enough pairs
[M::mem_pestat] skip orientation RR as there are not enough pairs
[0000] 10. Calling kt_for - worker_sam
	[0000][ M::mem_process_seqs] Processed 529802 reads in 1197.879 CPU sec, 152.849 real sec
[0000] 2. Calling mem_process_seqs.., task: 61
[0000] 3. Calling kt_for - worker_bwt
[0000] read_chunk: 80000000, work_chunk_size: 80000102, nseq: 529802
	[0000][ M::kt_pipeline] read 529802 sequences (80000102 bp)...
[0000] 3. Calling kt_for - worker_aln
Inferring insert size distribution from data, l_pac: 2069526396, n: 529802
[M::mem_pestat] # candidate unique pairs for (FF, FR, RF, RR): (4, 56072, 15, 3)
[M::mem_pestat] skip orientation FF as there are not enough pairs
[M::mem_pestat] analyzing insert size distribution for orientation FR...
[M::mem_pestat] (25, 50, 75) percentile: (224, 292, 385)
[M::mem_pestat] low and high boundaries for computing mean and std.dev: (1, 707)
[M::mem_pestat] mean and std.dev: (311.65, 118.37)
[M::mem_pestat] low and high boundaries for proper pairs: (1, 868)
[M::mem_pestat] analyzing insert size distribution for orientation RF...
[M::mem_pestat] (25, 50, 75) percentile: (268, 1708, 3704)
[M::mem_pestat] low and high boundaries for computing mean and std.dev: (1, 10576)
[M::mem_pestat] mean and std.dev: (2557.53, 2791.48)
[M::mem_pestat] low and high boundaries for proper pairs: (1, 14012)
[M::mem_pestat] skip orientation RR as there are not enough pairs
[M::mem_pestat] skip orientation RF
[0000] 10. Calling kt_for - worker_sam
	[0000][ M::mem_process_seqs] Processed 529802 reads in 1184.635 CPU sec, 151.236 real sec
[0000] 2. Calling mem_process_seqs.., task: 62
[0000] 3. Calling kt_for - worker_bwt
[0000] read_chunk: 80000000, work_chunk_size: 80000102, nseq: 529802
	[0000][ M::kt_pipeline] read 529802 sequences (80000102 bp)...
[0000] 3. Calling kt_for - worker_aln
Inferring insert size distribution from data, l_pac: 2069526396, n: 529802
[M::mem_pestat] # candidate unique pairs for (FF, FR, RF, RR): (1, 56427, 11, 4)
[M::mem_pestat] skip orientation FF as there are not enough pairs
[M::mem_pestat] analyzing insert size distribution for orientation FR...
[M::mem_pestat] (25, 50, 75) percentile: (223, 290, 384)
[M::mem_pestat] low and high boundaries for computing mean and std.dev: (1, 706)
[M::mem_pestat] mean and std.dev: (311.33, 118.84)
[M::mem_pestat] low and high boundaries for proper pairs: (1, 867)
[M::mem_pestat] analyzing insert size distribution for orientation RF...
[M::mem_pestat] (25, 50, 75) percentile: (61, 1588, 2129)
[M::mem_pestat] low and high boundaries for computing mean and std.dev: (1, 6265)
[M::mem_pestat] mean and std.dev: (1236.36, 1023.80)
[M::mem_pestat] low and high boundaries for proper pairs: (1, 8333)
[M::mem_pestat] skip orientation RR as there are not enough pairs
[M::mem_pestat] skip orientation RF
[0000] 10. Calling kt_for - worker_sam
	[0000][ M::mem_process_seqs] Processed 529802 reads in 1187.874 CPU sec, 151.815 real sec
[0000] 2. Calling mem_process_seqs.., task: 63
[0000] 3. Calling kt_for - worker_bwt
[0000] read_chunk: 80000000, work_chunk_size: 80000102, nseq: 529802
	[0000][ M::kt_pipeline] read 529802 sequences (80000102 bp)...
[0000] 3. Calling kt_for - worker_aln
Inferring insert size distribution from data, l_pac: 2069526396, n: 529802
[M::mem_pestat] # candidate unique pairs for (FF, FR, RF, RR): (3, 55942, 9, 1)
[M::mem_pestat] skip orientation FF as there are not enough pairs
[M::mem_pestat] analyzing insert size distribution for orientation FR...
[M::mem_pestat] (25, 50, 75) percentile: (223, 292, 385)
[M::mem_pestat] low and high boundaries for computing mean and std.dev: (1, 709)
[M::mem_pestat] mean and std.dev: (311.61, 118.04)
[M::mem_pestat] low and high boundaries for proper pairs: (1, 871)
[M::mem_pestat] skip orientation RF as there are not enough pairs
[M::mem_pestat] skip orientation RR as there are not enough pairs
[0000] 10. Calling kt_for - worker_sam
	[0000][ M::mem_process_seqs] Processed 529802 reads in 1179.440 CPU sec, 150.666 real sec
[0000] 2. Calling mem_process_seqs.., task: 64
[0000] 3. Calling kt_for - worker_bwt
[0000] read_chunk: 80000000, work_chunk_size: 80000102, nseq: 529802
	[0000][ M::kt_pipeline] read 529802 sequences (80000102 bp)...
[0000] 3. Calling kt_for - worker_aln
Inferring insert size distribution from data, l_pac: 2069526396, n: 529802
[M::mem_pestat] # candidate unique pairs for (FF, FR, RF, RR): (2, 56143, 11, 1)
[M::mem_pestat] skip orientation FF as there are not enough pairs
[M::mem_pestat] analyzing insert size distribution for orientation FR...
[M::mem_pestat] (25, 50, 75) percentile: (223, 290, 385)
[M::mem_pestat] low and high boundaries for computing mean and std.dev: (1, 709)
[M::mem_pestat] mean and std.dev: (311.00, 118.14)
[M::mem_pestat] low and high boundaries for proper pairs: (1, 871)
[M::mem_pestat] analyzing insert size distribution for orientation RF...
[M::mem_pestat] (25, 50, 75) percentile: (202, 260, 3270)
[M::mem_pestat] low and high boundaries for computing mean and std.dev: (1, 9406)
[M::mem_pestat] mean and std.dev: (1578.82, 2226.60)
[M::mem_pestat] low and high boundaries for proper pairs: (1, 12474)
[M::mem_pestat] skip orientation RR as there are not enough pairs
[M::mem_pestat] skip orientation RF
[0000] 10. Calling kt_for - worker_sam
	[0000][ M::mem_process_seqs] Processed 529802 reads in 1120.582 CPU sec, 142.461 real sec
[0000] 2. Calling mem_process_seqs.., task: 65
[0000] 3. Calling kt_for - worker_bwt
[0000] read_chunk: 80000000, work_chunk_size: 80000102, nseq: 529802
	[0000][ M::kt_pipeline] read 529802 sequences (80000102 bp)...
[0000] 3. Calling kt_for - worker_aln
Inferring insert size distribution from data, l_pac: 2069526396, n: 529802
[M::mem_pestat] # candidate unique pairs for (FF, FR, RF, RR): (2, 55979, 9, 2)
[M::mem_pestat] skip orientation FF as there are not enough pairs
[M::mem_pestat] analyzing insert size distribution for orientation FR...
[M::mem_pestat] (25, 50, 75) percentile: (224, 292, 386)
[M::mem_pestat] low and high boundaries for computing mean and std.dev: (1, 710)
[M::mem_pestat] mean and std.dev: (312.28, 118.80)
[M::mem_pestat] low and high boundaries for proper pairs: (1, 872)
[M::mem_pestat] skip orientation RF as there are not enough pairs
[M::mem_pestat] skip orientation RR as there are not enough pairs
[0000] 10. Calling kt_for - worker_sam
	[0000][ M::mem_process_seqs] Processed 529802 reads in 1155.634 CPU sec, 147.362 real sec
[0000] 2. Calling mem_process_seqs.., task: 66
[0000] 3. Calling kt_for - worker_bwt
[0000] read_chunk: 80000000, work_chunk_size: 80000102, nseq: 529802
	[0000][ M::kt_pipeline] read 529802 sequences (80000102 bp)...
[0000] 3. Calling kt_for - worker_aln
Inferring insert size distribution from data, l_pac: 2069526396, n: 529802
[M::mem_pestat] # candidate unique pairs for (FF, FR, RF, RR): (1, 56222, 5, 4)
[M::mem_pestat] skip orientation FF as there are not enough pairs
[M::mem_pestat] analyzing insert size distribution for orientation FR...
[M::mem_pestat] (25, 50, 75) percentile: (223, 291, 384)
[M::mem_pestat] low and high boundaries for computing mean and std.dev: (1, 706)
[M::mem_pestat] mean and std.dev: (310.64, 117.49)
[M::mem_pestat] low and high boundaries for proper pairs: (1, 867)
[M::mem_pestat] skip orientation RF as there are not enough pairs
[M::mem_pestat] skip orientation RR as there are not enough pairs
[0000] 10. Calling kt_for - worker_sam
	[0000][ M::mem_process_seqs] Processed 529802 reads in 1174.551 CPU sec, 149.910 real sec
[0000] 2. Calling mem_process_seqs.., task: 67
[0000] 3. Calling kt_for - worker_bwt
[0000] read_chunk: 80000000, work_chunk_size: 80000102, nseq: 529802
	[0000][ M::kt_pipeline] read 529802 sequences (80000102 bp)...
[0000] 3. Calling kt_for - worker_aln
Inferring insert size distribution from data, l_pac: 2069526396, n: 529802
[M::mem_pestat] # candidate unique pairs for (FF, FR, RF, RR): (1, 56399, 13, 2)
[M::mem_pestat] skip orientation FF as there are not enough pairs
[M::mem_pestat] analyzing insert size distribution for orientation FR...
[M::mem_pestat] (25, 50, 75) percentile: (224, 292, 385)
[M::mem_pestat] low and high boundaries for computing mean and std.dev: (1, 707)
[M::mem_pestat] mean and std.dev: (311.72, 118.11)
[M::mem_pestat] low and high boundaries for proper pairs: (1, 868)
[M::mem_pestat] analyzing insert size distribution for orientation RF...
[M::mem_pestat] (25, 50, 75) percentile: (300, 2290, 4450)
[M::mem_pestat] low and high boundaries for computing mean and std.dev: (1, 12750)
[M::mem_pestat] mean and std.dev: (2844.85, 2852.05)
[M::mem_pestat] low and high boundaries for proper pairs: (1, 16900)
[M::mem_pestat] skip orientation RR as there are not enough pairs
[M::mem_pestat] skip orientation RF
[0000] 10. Calling kt_for - worker_sam
	[0000][ M::mem_process_seqs] Processed 529802 reads in 1139.795 CPU sec, 144.757 real sec
[0000] 2. Calling mem_process_seqs.., task: 68
[0000] 3. Calling kt_for - worker_bwt
[0000] read_chunk: 80000000, work_chunk_size: 80000102, nseq: 529802
	[0000][ M::kt_pipeline] read 529802 sequences (80000102 bp)...
[0000] 3. Calling kt_for - worker_aln
Inferring insert size distribution from data, l_pac: 2069526396, n: 529802
[M::mem_pestat] # candidate unique pairs for (FF, FR, RF, RR): (2, 55972, 7, 2)
[M::mem_pestat] skip orientation FF as there are not enough pairs
[M::mem_pestat] analyzing insert size distribution for orientation FR...
[M::mem_pestat] (25, 50, 75) percentile: (223, 292, 385)
[M::mem_pestat] low and high boundaries for computing mean and std.dev: (1, 709)
[M::mem_pestat] mean and std.dev: (311.59, 118.20)
[M::mem_pestat] low and high boundaries for proper pairs: (1, 871)
[M::mem_pestat] skip orientation RF as there are not enough pairs
[M::mem_pestat] skip orientation RR as there are not enough pairs
[0000] 10. Calling kt_for - worker_sam
	[0000][ M::mem_process_seqs] Processed 529802 reads in 1190.568 CPU sec, 152.126 real sec
[0000] 2. Calling mem_process_seqs.., task: 69
[0000] 3. Calling kt_for - worker_bwt
[0000] read_chunk: 80000000, work_chunk_size: 80000102, nseq: 529802
	[0000][ M::kt_pipeline] read 529802 sequences (80000102 bp)...
[0000] 3. Calling kt_for - worker_aln
Inferring insert size distribution from data, l_pac: 2069526396, n: 529802
[M::mem_pestat] # candidate unique pairs for (FF, FR, RF, RR): (5, 56500, 7, 1)
[M::mem_pestat] skip orientation FF as there are not enough pairs
[M::mem_pestat] analyzing insert size distribution for orientation FR...
[M::mem_pestat] (25, 50, 75) percentile: (224, 292, 385)
[M::mem_pestat] low and high boundaries for computing mean and std.dev: (1, 707)
[M::mem_pestat] mean and std.dev: (312.07, 118.50)
[M::mem_pestat] low and high boundaries for proper pairs: (1, 868)
[M::mem_pestat] skip orientation RF as there are not enough pairs
[M::mem_pestat] skip orientation RR as there are not enough pairs
[0000] 10. Calling kt_for - worker_sam
	[0000][ M::mem_process_seqs] Processed 529802 reads in 1131.516 CPU sec, 143.851 real sec
[0000] 2. Calling mem_process_seqs.., task: 70
[0000] 3. Calling kt_for - worker_bwt
[0000] read_chunk: 80000000, work_chunk_size: 80000102, nseq: 529802
	[0000][ M::kt_pipeline] read 529802 sequences (80000102 bp)...
[0000] 3. Calling kt_for - worker_aln
Inferring insert size distribution from data, l_pac: 2069526396, n: 529802
[M::mem_pestat] # candidate unique pairs for (FF, FR, RF, RR): (2, 56463, 6, 4)
[M::mem_pestat] skip orientation FF as there are not enough pairs
[M::mem_pestat] analyzing insert size distribution for orientation FR...
[M::mem_pestat] (25, 50, 75) percentile: (223, 291, 384)
[M::mem_pestat] low and high boundaries for computing mean and std.dev: (1, 706)
[M::mem_pestat] mean and std.dev: (311.05, 118.58)
[M::mem_pestat] low and high boundaries for proper pairs: (1, 867)
[M::mem_pestat] skip orientation RF as there are not enough pairs
[M::mem_pestat] skip orientation RR as there are not enough pairs
[0000] 10. Calling kt_for - worker_sam
	[0000][ M::mem_process_seqs] Processed 529802 reads in 1068.281 CPU sec, 135.419 real sec
[0000] 2. Calling mem_process_seqs.., task: 71
[0000] 3. Calling kt_for - worker_bwt
[0000] read_chunk: 80000000, work_chunk_size: 80000102, nseq: 529802
	[0000][ M::kt_pipeline] read 529802 sequences (80000102 bp)...
[0000] 3. Calling kt_for - worker_aln
Inferring insert size distribution from data, l_pac: 2069526396, n: 529802
[M::mem_pestat] # candidate unique pairs for (FF, FR, RF, RR): (3, 56036, 10, 0)
[M::mem_pestat] skip orientation FF as there are not enough pairs
[M::mem_pestat] analyzing insert size distribution for orientation FR...
[M::mem_pestat] (25, 50, 75) percentile: (222, 291, 382)
[M::mem_pestat] low and high boundaries for computing mean and std.dev: (1, 702)
[M::mem_pestat] mean and std.dev: (309.93, 117.37)
[M::mem_pestat] low and high boundaries for proper pairs: (1, 862)
[M::mem_pestat] analyzing insert size distribution for orientation RF...
[M::mem_pestat] (25, 50, 75) percentile: (95, 2193, 3762)
[M::mem_pestat] low and high boundaries for computing mean and std.dev: (1, 11096)
[M::mem_pestat] mean and std.dev: (2162.90, 2145.75)
[M::mem_pestat] low and high boundaries for proper pairs: (1, 14763)
[M::mem_pestat] skip orientation RR as there are not enough pairs
[M::mem_pestat] skip orientation RF
[0000] 10. Calling kt_for - worker_sam
	[0000][ M::mem_process_seqs] Processed 529802 reads in 1108.357 CPU sec, 140.738 real sec
[0000] 2. Calling mem_process_seqs.., task: 72
[0000] 3. Calling kt_for - worker_bwt
[0000] read_chunk: 80000000, work_chunk_size: 80000102, nseq: 529802
	[0000][ M::kt_pipeline] read 529802 sequences (80000102 bp)...
[0000] 3. Calling kt_for - worker_aln
Inferring insert size distribution from data, l_pac: 2069526396, n: 529802
[M::mem_pestat] # candidate unique pairs for (FF, FR, RF, RR): (3, 56487, 3, 2)
[M::mem_pestat] skip orientation FF as there are not enough pairs
[M::mem_pestat] analyzing insert size distribution for orientation FR...
[M::mem_pestat] (25, 50, 75) percentile: (223, 290, 384)
[M::mem_pestat] low and high boundaries for computing mean and std.dev: (1, 706)
[M::mem_pestat] mean and std.dev: (311.10, 118.56)
[M::mem_pestat] low and high boundaries for proper pairs: (1, 867)
[M::mem_pestat] skip orientation RF as there are not enough pairs
[M::mem_pestat] skip orientation RR as there are not enough pairs
[0000] 10. Calling kt_for - worker_sam
	[0000][ M::mem_process_seqs] Processed 529802 reads in 1167.407 CPU sec, 149.320 real sec
[0000] 2. Calling mem_process_seqs.., task: 73
[0000] 3. Calling kt_for - worker_bwt
[0000] read_chunk: 80000000, work_chunk_size: 80000102, nseq: 529802
	[0000][ M::kt_pipeline] read 529802 sequences (80000102 bp)...
[0000] 3. Calling kt_for - worker_aln
Inferring insert size distribution from data, l_pac: 2069526396, n: 529802
[M::mem_pestat] # candidate unique pairs for (FF, FR, RF, RR): (0, 56379, 5, 2)
[M::mem_pestat] skip orientation FF as there are not enough pairs
[M::mem_pestat] analyzing insert size distribution for orientation FR...
[M::mem_pestat] (25, 50, 75) percentile: (224, 292, 386)
[M::mem_pestat] low and high boundaries for computing mean and std.dev: (1, 710)
[M::mem_pestat] mean and std.dev: (311.69, 118.01)
[M::mem_pestat] low and high boundaries for proper pairs: (1, 872)
[M::mem_pestat] skip orientation RF as there are not enough pairs
[M::mem_pestat] skip orientation RR as there are not enough pairs
[0000] 10. Calling kt_for - worker_sam
	[0000][ M::mem_process_seqs] Processed 529802 reads in 1184.446 CPU sec, 151.514 real sec
[0000] 2. Calling mem_process_seqs.., task: 74
[0000] 3. Calling kt_for - worker_bwt
[0000] read_chunk: 80000000, work_chunk_size: 80000102, nseq: 529802
	[0000][ M::kt_pipeline] read 529802 sequences (80000102 bp)...
[0000] 3. Calling kt_for - worker_aln
Inferring insert size distribution from data, l_pac: 2069526396, n: 529802
[M::mem_pestat] # candidate unique pairs for (FF, FR, RF, RR): (5, 56025, 6, 3)
[M::mem_pestat] skip orientation FF as there are not enough pairs
[M::mem_pestat] analyzing insert size distribution for orientation FR...
[M::mem_pestat] (25, 50, 75) percentile: (223, 290, 383)
[M::mem_pestat] low and high boundaries for computing mean and std.dev: (1, 703)
[M::mem_pestat] mean and std.dev: (310.69, 117.88)
[M::mem_pestat] low and high boundaries for proper pairs: (1, 863)
[M::mem_pestat] skip orientation RF as there are not enough pairs
[M::mem_pestat] skip orientation RR as there are not enough pairs
[0000] 10. Calling kt_for - worker_sam
	[0000][ M::mem_process_seqs] Processed 529802 reads in 1156.179 CPU sec, 147.534 real sec
[0000] 2. Calling mem_process_seqs.., task: 75
[0000] 3. Calling kt_for - worker_bwt
[0000] read_chunk: 80000000, work_chunk_size: 80000102, nseq: 529802
	[0000][ M::kt_pipeline] read 529802 sequences (80000102 bp)...
[0000] 3. Calling kt_for - worker_aln
Inferring insert size distribution from data, l_pac: 2069526396, n: 529802
[M::mem_pestat] # candidate unique pairs for (FF, FR, RF, RR): (1, 56006, 11, 2)
[M::mem_pestat] skip orientation FF as there are not enough pairs
[M::mem_pestat] analyzing insert size distribution for orientation FR...
[M::mem_pestat] (25, 50, 75) percentile: (223, 291, 385)
[M::mem_pestat] low and high boundaries for computing mean and std.dev: (1, 709)
[M::mem_pestat] mean and std.dev: (310.99, 117.82)
[M::mem_pestat] low and high boundaries for proper pairs: (1, 871)
[M::mem_pestat] analyzing insert size distribution for orientation RF...
[M::mem_pestat] (25, 50, 75) percentile: (279, 401, 1172)
[M::mem_pestat] low and high boundaries for computing mean and std.dev: (1, 2958)
[M::mem_pestat] mean and std.dev: (445.78, 367.05)
[M::mem_pestat] low and high boundaries for proper pairs: (1, 3851)
[M::mem_pestat] skip orientation RR as there are not enough pairs
[M::mem_pestat] skip orientation RF
[0000] 10. Calling kt_for - worker_sam
	[0000][ M::mem_process_seqs] Processed 529802 reads in 1169.410 CPU sec, 148.916 real sec
[0000] 2. Calling mem_process_seqs.., task: 76
[0000] 3. Calling kt_for - worker_bwt
[0000] read_chunk: 80000000, work_chunk_size: 80000102, nseq: 529802
	[0000][ M::kt_pipeline] read 529802 sequences (80000102 bp)...
[0000] 3. Calling kt_for - worker_aln
Inferring insert size distribution from data, l_pac: 2069526396, n: 529802
[M::mem_pestat] # candidate unique pairs for (FF, FR, RF, RR): (3, 55985, 8, 2)
[M::mem_pestat] skip orientation FF as there are not enough pairs
[M::mem_pestat] analyzing insert size distribution for orientation FR...
[M::mem_pestat] (25, 50, 75) percentile: (224, 292, 385)
[M::mem_pestat] low and high boundaries for computing mean and std.dev: (1, 707)
[M::mem_pestat] mean and std.dev: (311.72, 117.88)
[M::mem_pestat] low and high boundaries for proper pairs: (1, 868)
[M::mem_pestat] skip orientation RF as there are not enough pairs
[M::mem_pestat] skip orientation RR as there are not enough pairs
[0000] 10. Calling kt_for - worker_sam
	[0000][ M::mem_process_seqs] Processed 529802 reads in 1165.068 CPU sec, 148.866 real sec
[0000] 2. Calling mem_process_seqs.., task: 77
[0000] 3. Calling kt_for - worker_bwt
[0000] read_chunk: 80000000, work_chunk_size: 80000102, nseq: 529802
	[0000][ M::kt_pipeline] read 529802 sequences (80000102 bp)...
[0000] 3. Calling kt_for - worker_aln
Inferring insert size distribution from data, l_pac: 2069526396, n: 529802
[M::mem_pestat] # candidate unique pairs for (FF, FR, RF, RR): (2, 56165, 11, 3)
[M::mem_pestat] skip orientation FF as there are not enough pairs
[M::mem_pestat] analyzing insert size distribution for orientation FR...
[M::mem_pestat] (25, 50, 75) percentile: (224, 291, 384)
[M::mem_pestat] low and high boundaries for computing mean and std.dev: (1, 704)
[M::mem_pestat] mean and std.dev: (310.98, 117.83)
[M::mem_pestat] low and high boundaries for proper pairs: (1, 864)
[M::mem_pestat] analyzing insert size distribution for orientation RF...
[M::mem_pestat] (25, 50, 75) percentile: (459, 2807, 7117)
[M::mem_pestat] low and high boundaries for computing mean and std.dev: (1, 20433)
[M::mem_pestat] mean and std.dev: (3254.82, 2941.52)
[M::mem_pestat] low and high boundaries for proper pairs: (1, 27091)
[M::mem_pestat] skip orientation RR as there are not enough pairs
[M::mem_pestat] skip orientation RF
[0000] 10. Calling kt_for - worker_sam
	[0000][ M::mem_process_seqs] Processed 529802 reads in 1173.460 CPU sec, 149.534 real sec
[0000] 2. Calling mem_process_seqs.., task: 78
[0000] 3. Calling kt_for - worker_bwt
[0000] read_chunk: 80000000, work_chunk_size: 80000102, nseq: 529802
	[0000][ M::kt_pipeline] read 529802 sequences (80000102 bp)...
[0000] 3. Calling kt_for - worker_aln
Inferring insert size distribution from data, l_pac: 2069526396, n: 529802
[M::mem_pestat] # candidate unique pairs for (FF, FR, RF, RR): (4, 56115, 15, 4)
[M::mem_pestat] skip orientation FF as there are not enough pairs
[M::mem_pestat] analyzing insert size distribution for orientation FR...
[M::mem_pestat] (25, 50, 75) percentile: (224, 291, 384)
[M::mem_pestat] low and high boundaries for computing mean and std.dev: (1, 704)
[M::mem_pestat] mean and std.dev: (311.11, 117.41)
[M::mem_pestat] low and high boundaries for proper pairs: (1, 864)
[M::mem_pestat] analyzing insert size distribution for orientation RF...
[M::mem_pestat] (25, 50, 75) percentile: (431, 2349, 5044)
[M::mem_pestat] low and high boundaries for computing mean and std.dev: (1, 14270)
[M::mem_pestat] mean and std.dev: (2928.13, 2740.26)
[M::mem_pestat] low and high boundaries for proper pairs: (1, 18883)
[M::mem_pestat] skip orientation RR as there are not enough pairs
[M::mem_pestat] skip orientation RF
[0000] 10. Calling kt_for - worker_sam
	[0000][ M::mem_process_seqs] Processed 529802 reads in 1167.940 CPU sec, 148.602 real sec
[0000] 2. Calling mem_process_seqs.., task: 79
[0000] 3. Calling kt_for - worker_bwt
[0000] read_chunk: 80000000, work_chunk_size: 80000102, nseq: 529802
	[0000][ M::kt_pipeline] read 529802 sequences (80000102 bp)...
[0000] 3. Calling kt_for - worker_aln
Inferring insert size distribution from data, l_pac: 2069526396, n: 529802
[M::mem_pestat] # candidate unique pairs for (FF, FR, RF, RR): (3, 56386, 5, 2)
[M::mem_pestat] skip orientation FF as there are not enough pairs
[M::mem_pestat] analyzing insert size distribution for orientation FR...
[M::mem_pestat] (25, 50, 75) percentile: (224, 291, 384)
[M::mem_pestat] low and high boundaries for computing mean and std.dev: (1, 704)
[M::mem_pestat] mean and std.dev: (311.33, 117.68)
[M::mem_pestat] low and high boundaries for proper pairs: (1, 864)
[M::mem_pestat] skip orientation RF as there are not enough pairs
[M::mem_pestat] skip orientation RR as there are not enough pairs
[0000] 10. Calling kt_for - worker_sam
	[0000][ M::mem_process_seqs] Processed 529802 reads in 1174.460 CPU sec, 150.017 real sec
[0000] 2. Calling mem_process_seqs.., task: 80
[0000] 3. Calling kt_for - worker_bwt
[0000] read_chunk: 80000000, work_chunk_size: 80000102, nseq: 529802
	[0000][ M::kt_pipeline] read 529802 sequences (80000102 bp)...
[0000] 3. Calling kt_for - worker_aln
Inferring insert size distribution from data, l_pac: 2069526396, n: 529802
[M::mem_pestat] # candidate unique pairs for (FF, FR, RF, RR): (0, 56125, 9, 0)
[M::mem_pestat] skip orientation FF as there are not enough pairs
[M::mem_pestat] analyzing insert size distribution for orientation FR...
[M::mem_pestat] (25, 50, 75) percentile: (223, 290, 383)
[M::mem_pestat] low and high boundaries for computing mean and std.dev: (1, 703)
[M::mem_pestat] mean and std.dev: (310.71, 117.71)
[M::mem_pestat] low and high boundaries for proper pairs: (1, 863)
[M::mem_pestat] skip orientation RF as there are not enough pairs
[M::mem_pestat] skip orientation RR as there are not enough pairs
[0000] 10. Calling kt_for - worker_sam
	[0000][ M::mem_process_seqs] Processed 529802 reads in 1157.037 CPU sec, 146.889 real sec
[0000] 2. Calling mem_process_seqs.., task: 81
[0000] 3. Calling kt_for - worker_bwt
[0000] read_chunk: 80000000, work_chunk_size: 80000102, nseq: 529802
	[0000][ M::kt_pipeline] read 529802 sequences (80000102 bp)...
[0000] 3. Calling kt_for - worker_aln
Inferring insert size distribution from data, l_pac: 2069526396, n: 529802
[M::mem_pestat] # candidate unique pairs for (FF, FR, RF, RR): (4, 56132, 13, 4)
[M::mem_pestat] skip orientation FF as there are not enough pairs
[M::mem_pestat] analyzing insert size distribution for orientation FR...
[M::mem_pestat] (25, 50, 75) percentile: (224, 291, 384)
[M::mem_pestat] low and high boundaries for computing mean and std.dev: (1, 704)
[M::mem_pestat] mean and std.dev: (311.61, 118.32)
[M::mem_pestat] low and high boundaries for proper pairs: (1, 864)
[M::mem_pestat] analyzing insert size distribution for orientation RF...
[M::mem_pestat] (25, 50, 75) percentile: (124, 1325, 3990)
[M::mem_pestat] low and high boundaries for computing mean and std.dev: (1, 11722)
[M::mem_pestat] mean and std.dev: (2725.46, 3038.05)
[M::mem_pestat] low and high boundaries for proper pairs: (1, 15588)
[M::mem_pestat] skip orientation RR as there are not enough pairs
[M::mem_pestat] skip orientation RF
[0000] 10. Calling kt_for - worker_sam
	[0000][ M::mem_process_seqs] Processed 529802 reads in 1123.202 CPU sec, 142.878 real sec
[0000] 2. Calling mem_process_seqs.., task: 82
[0000] 3. Calling kt_for - worker_bwt
[0000] read_chunk: 80000000, work_chunk_size: 80000102, nseq: 529802
	[0000][ M::kt_pipeline] read 529802 sequences (80000102 bp)...
[0000] 3. Calling kt_for - worker_aln
Inferring insert size distribution from data, l_pac: 2069526396, n: 529802
[M::mem_pestat] # candidate unique pairs for (FF, FR, RF, RR): (5, 55712, 6, 3)
[M::mem_pestat] skip orientation FF as there are not enough pairs
[M::mem_pestat] analyzing insert size distribution for orientation FR...
[M::mem_pestat] (25, 50, 75) percentile: (224, 291, 384)
[M::mem_pestat] low and high boundaries for computing mean and std.dev: (1, 704)
[M::mem_pestat] mean and std.dev: (311.45, 117.76)
[M::mem_pestat] low and high boundaries for proper pairs: (1, 864)
[M::mem_pestat] skip orientation RF as there are not enough pairs
[M::mem_pestat] skip orientation RR as there are not enough pairs
[0000] 10. Calling kt_for - worker_sam
	[0000][ M::mem_process_seqs] Processed 529802 reads in 1142.699 CPU sec, 145.367 real sec
[0000] 2. Calling mem_process_seqs.., task: 83
[0000] 3. Calling kt_for - worker_bwt
[0000] read_chunk: 80000000, work_chunk_size: 80000102, nseq: 529802
	[0000][ M::kt_pipeline] read 529802 sequences (80000102 bp)...
[0000] 3. Calling kt_for - worker_aln
Inferring insert size distribution from data, l_pac: 2069526396, n: 529802
[M::mem_pestat] # candidate unique pairs for (FF, FR, RF, RR): (3, 55532, 8, 1)
[M::mem_pestat] skip orientation FF as there are not enough pairs
[M::mem_pestat] analyzing insert size distribution for orientation FR...
[M::mem_pestat] (25, 50, 75) percentile: (225, 293, 387)
[M::mem_pestat] low and high boundaries for computing mean and std.dev: (1, 711)
[M::mem_pestat] mean and std.dev: (313.32, 118.95)
[M::mem_pestat] low and high boundaries for proper pairs: (1, 873)
[M::mem_pestat] skip orientation RF as there are not enough pairs
[M::mem_pestat] skip orientation RR as there are not enough pairs
[0000] 10. Calling kt_for - worker_sam
	[0000][ M::mem_process_seqs] Processed 529802 reads in 1126.781 CPU sec, 143.135 real sec
[0000] 2. Calling mem_process_seqs.., task: 84
[0000] 3. Calling kt_for - worker_bwt
[0000] read_chunk: 80000000, work_chunk_size: 80000102, nseq: 529802
	[0000][ M::kt_pipeline] read 529802 sequences (80000102 bp)...
[0000] 3. Calling kt_for - worker_aln
Inferring insert size distribution from data, l_pac: 2069526396, n: 529802
[M::mem_pestat] # candidate unique pairs for (FF, FR, RF, RR): (2, 56113, 6, 1)
[M::mem_pestat] skip orientation FF as there are not enough pairs
[M::mem_pestat] analyzing insert size distribution for orientation FR...
[M::mem_pestat] (25, 50, 75) percentile: (224, 292, 386)
[M::mem_pestat] low and high boundaries for computing mean and std.dev: (1, 710)
[M::mem_pestat] mean and std.dev: (312.31, 118.43)
[M::mem_pestat] low and high boundaries for proper pairs: (1, 872)
[M::mem_pestat] skip orientation RF as there are not enough pairs
[M::mem_pestat] skip orientation RR as there are not enough pairs
[0000] 10. Calling kt_for - worker_sam
	[0000][ M::mem_process_seqs] Processed 529802 reads in 1155.066 CPU sec, 146.954 real sec
[0000] 2. Calling mem_process_seqs.., task: 85
[0000] 3. Calling kt_for - worker_bwt
[0000] read_chunk: 80000000, work_chunk_size: 80000102, nseq: 529802
	[0000][ M::kt_pipeline] read 529802 sequences (80000102 bp)...
[0000] 3. Calling kt_for - worker_aln
Inferring insert size distribution from data, l_pac: 2069526396, n: 529802
[M::mem_pestat] # candidate unique pairs for (FF, FR, RF, RR): (2, 55941, 6, 2)
[M::mem_pestat] skip orientation FF as there are not enough pairs
[M::mem_pestat] analyzing insert size distribution for orientation FR...
[M::mem_pestat] (25, 50, 75) percentile: (225, 293, 386)
[M::mem_pestat] low and high boundaries for computing mean and std.dev: (1, 708)
[M::mem_pestat] mean and std.dev: (312.77, 118.69)
[M::mem_pestat] low and high boundaries for proper pairs: (1, 869)
[M::mem_pestat] skip orientation RF as there are not enough pairs
[M::mem_pestat] skip orientation RR as there are not enough pairs
[0000] 10. Calling kt_for - worker_sam
	[0000][ M::mem_process_seqs] Processed 529802 reads in 1086.447 CPU sec, 137.878 real sec
[0000] 2. Calling mem_process_seqs.., task: 86
[0000] 3. Calling kt_for - worker_bwt
[0000] read_chunk: 80000000, work_chunk_size: 80000102, nseq: 529802
	[0000][ M::kt_pipeline] read 529802 sequences (80000102 bp)...
[0000] 3. Calling kt_for - worker_aln
Inferring insert size distribution from data, l_pac: 2069526396, n: 529802
[M::mem_pestat] # candidate unique pairs for (FF, FR, RF, RR): (4, 56321, 14, 4)
[M::mem_pestat] skip orientation FF as there are not enough pairs
[M::mem_pestat] analyzing insert size distribution for orientation FR...
[M::mem_pestat] (25, 50, 75) percentile: (224, 292, 386)
[M::mem_pestat] low and high boundaries for computing mean and std.dev: (1, 710)
[M::mem_pestat] mean and std.dev: (311.98, 117.97)
[M::mem_pestat] low and high boundaries for proper pairs: (1, 872)
[M::mem_pestat] analyzing insert size distribution for orientation RF...
[M::mem_pestat] (25, 50, 75) percentile: (477, 1462, 2080)
[M::mem_pestat] low and high boundaries for computing mean and std.dev: (1, 5286)
[M::mem_pestat] mean and std.dev: (995.82, 681.29)
[M::mem_pestat] low and high boundaries for proper pairs: (1, 6889)
[M::mem_pestat] skip orientation RR as there are not enough pairs
[M::mem_pestat] skip orientation RF
[0000] 10. Calling kt_for - worker_sam
	[0000][ M::mem_process_seqs] Processed 529802 reads in 1074.041 CPU sec, 136.443 real sec
[0000] 2. Calling mem_process_seqs.., task: 87
[0000] 3. Calling kt_for - worker_bwt
[0000] read_chunk: 80000000, work_chunk_size: 80000102, nseq: 529802
	[0000][ M::kt_pipeline] read 529802 sequences (80000102 bp)...
[0000] 3. Calling kt_for - worker_aln
Inferring insert size distribution from data, l_pac: 2069526396, n: 529802
[M::mem_pestat] # candidate unique pairs for (FF, FR, RF, RR): (0, 56321, 6, 3)
[M::mem_pestat] skip orientation FF as there are not enough pairs
[M::mem_pestat] analyzing insert size distribution for orientation FR...
[M::mem_pestat] (25, 50, 75) percentile: (224, 292, 385)
[M::mem_pestat] low and high boundaries for computing mean and std.dev: (1, 707)
[M::mem_pestat] mean and std.dev: (311.68, 117.79)
[M::mem_pestat] low and high boundaries for proper pairs: (1, 868)
[M::mem_pestat] skip orientation RF as there are not enough pairs
[M::mem_pestat] skip orientation RR as there are not enough pairs
[0000] 10. Calling kt_for - worker_sam
	[0000][ M::mem_process_seqs] Processed 529802 reads in 1164.093 CPU sec, 148.441 real sec
[0000] 2. Calling mem_process_seqs.., task: 88
[0000] 3. Calling kt_for - worker_bwt
[0000] read_chunk: 80000000, work_chunk_size: 80000102, nseq: 529802
	[0000][ M::kt_pipeline] read 529802 sequences (80000102 bp)...
[0000] 3. Calling kt_for - worker_aln
Inferring insert size distribution from data, l_pac: 2069526396, n: 529802
[M::mem_pestat] # candidate unique pairs for (FF, FR, RF, RR): (0, 56345, 11, 1)
[M::mem_pestat] skip orientation FF as there are not enough pairs
[M::mem_pestat] analyzing insert size distribution for orientation FR...
[M::mem_pestat] (25, 50, 75) percentile: (224, 292, 385)
[M::mem_pestat] low and high boundaries for computing mean and std.dev: (1, 707)
[M::mem_pestat] mean and std.dev: (311.97, 118.33)
[M::mem_pestat] low and high boundaries for proper pairs: (1, 868)
[M::mem_pestat] analyzing insert size distribution for orientation RF...
[M::mem_pestat] (25, 50, 75) percentile: (379, 969, 5272)
[M::mem_pestat] low and high boundaries for computing mean and std.dev: (1, 15058)
[M::mem_pestat] mean and std.dev: (2844.18, 3386.02)
[M::mem_pestat] low and high boundaries for proper pairs: (1, 19951)
[M::mem_pestat] skip orientation RR as there are not enough pairs
[M::mem_pestat] skip orientation RF
[0000] 10. Calling kt_for - worker_sam
	[0000][ M::mem_process_seqs] Processed 529802 reads in 1128.848 CPU sec, 143.614 real sec
[0000] 2. Calling mem_process_seqs.., task: 89
[0000] 3. Calling kt_for - worker_bwt
[0000] read_chunk: 80000000, work_chunk_size: 80000102, nseq: 529802
	[0000][ M::kt_pipeline] read 529802 sequences (80000102 bp)...
[0000] 3. Calling kt_for - worker_aln
Inferring insert size distribution from data, l_pac: 2069526396, n: 529802
[M::mem_pestat] # candidate unique pairs for (FF, FR, RF, RR): (1, 56388, 4, 2)
[M::mem_pestat] skip orientation FF as there are not enough pairs
[M::mem_pestat] analyzing insert size distribution for orientation FR...
[M::mem_pestat] (25, 50, 75) percentile: (225, 293, 388)
[M::mem_pestat] low and high boundaries for computing mean and std.dev: (1, 714)
[M::mem_pestat] mean and std.dev: (313.40, 119.20)
[M::mem_pestat] low and high boundaries for proper pairs: (1, 877)
[M::mem_pestat] skip orientation RF as there are not enough pairs
[M::mem_pestat] skip orientation RR as there are not enough pairs
[0000] 10. Calling kt_for - worker_sam
	[0000][ M::mem_process_seqs] Processed 529802 reads in 1142.050 CPU sec, 145.440 real sec
[0000] 2. Calling mem_process_seqs.., task: 90
[0000] 3. Calling kt_for - worker_bwt
[0000] read_chunk: 80000000, work_chunk_size: 80000102, nseq: 529802
	[0000][ M::kt_pipeline] read 529802 sequences (80000102 bp)...
[0000] 3. Calling kt_for - worker_aln
Inferring insert size distribution from data, l_pac: 2069526396, n: 529802
[M::mem_pestat] # candidate unique pairs for (FF, FR, RF, RR): (2, 56108, 5, 1)
[M::mem_pestat] skip orientation FF as there are not enough pairs
[M::mem_pestat] analyzing insert size distribution for orientation FR...
[M::mem_pestat] (25, 50, 75) percentile: (224, 292, 385)
[M::mem_pestat] low and high boundaries for computing mean and std.dev: (1, 707)
[M::mem_pestat] mean and std.dev: (311.81, 117.53)
[M::mem_pestat] low and high boundaries for proper pairs: (1, 868)
[M::mem_pestat] skip orientation RF as there are not enough pairs
[M::mem_pestat] skip orientation RR as there are not enough pairs
[0000] 10. Calling kt_for - worker_sam
	[0000][ M::mem_process_seqs] Processed 529802 reads in 1139.285 CPU sec, 144.746 real sec
[0000] 2. Calling mem_process_seqs.., task: 91
[0000] 3. Calling kt_for - worker_bwt
[0000] read_chunk: 80000000, work_chunk_size: 80000102, nseq: 529802
	[0000][ M::kt_pipeline] read 529802 sequences (80000102 bp)...
[0000] 3. Calling kt_for - worker_aln
Inferring insert size distribution from data, l_pac: 2069526396, n: 529802
[M::mem_pestat] # candidate unique pairs for (FF, FR, RF, RR): (3, 56001, 9, 4)
[M::mem_pestat] skip orientation FF as there are not enough pairs
[M::mem_pestat] analyzing insert size distribution for orientation FR...
[M::mem_pestat] (25, 50, 75) percentile: (224, 292, 386)
[M::mem_pestat] low and high boundaries for computing mean and std.dev: (1, 710)
[M::mem_pestat] mean and std.dev: (312.37, 118.85)
[M::mem_pestat] low and high boundaries for proper pairs: (1, 872)
[M::mem_pestat] skip orientation RF as there are not enough pairs
[M::mem_pestat] skip orientation RR as there are not enough pairs
[0000] 10. Calling kt_for - worker_sam
	[0000][ M::mem_process_seqs] Processed 529802 reads in 1174.278 CPU sec, 149.903 real sec
[0000] 2. Calling mem_process_seqs.., task: 92
[0000] 3. Calling kt_for - worker_bwt
[0000] read_chunk: 80000000, work_chunk_size: 80000102, nseq: 529802
	[0000][ M::kt_pipeline] read 529802 sequences (80000102 bp)...
[0000] 3. Calling kt_for - worker_aln
Inferring insert size distribution from data, l_pac: 2069526396, n: 529802
[M::mem_pestat] # candidate unique pairs for (FF, FR, RF, RR): (2, 56127, 11, 1)
[M::mem_pestat] skip orientation FF as there are not enough pairs
[M::mem_pestat] analyzing insert size distribution for orientation FR...
[M::mem_pestat] (25, 50, 75) percentile: (225, 294, 389)
[M::mem_pestat] low and high boundaries for computing mean and std.dev: (1, 717)
[M::mem_pestat] mean and std.dev: (314.02, 119.64)
[M::mem_pestat] low and high boundaries for proper pairs: (1, 881)
[M::mem_pestat] analyzing insert size distribution for orientation RF...
[M::mem_pestat] (25, 50, 75) percentile: (194, 1444, 3033)
[M::mem_pestat] low and high boundaries for computing mean and std.dev: (1, 8711)
[M::mem_pestat] mean and std.dev: (1379.30, 1395.09)
[M::mem_pestat] low and high boundaries for proper pairs: (1, 11550)
[M::mem_pestat] skip orientation RR as there are not enough pairs
[M::mem_pestat] skip orientation RF
[0000] 10. Calling kt_for - worker_sam
	[0000][ M::mem_process_seqs] Processed 529802 reads in 1104.062 CPU sec, 140.386 real sec
[0000] 2. Calling mem_process_seqs.., task: 93
[0000] 3. Calling kt_for - worker_bwt
[0000] read_chunk: 80000000, work_chunk_size: 80000102, nseq: 529802
	[0000][ M::kt_pipeline] read 529802 sequences (80000102 bp)...
[0000] 3. Calling kt_for - worker_aln
Inferring insert size distribution from data, l_pac: 2069526396, n: 529802
[M::mem_pestat] # candidate unique pairs for (FF, FR, RF, RR): (3, 56662, 9, 1)
[M::mem_pestat] skip orientation FF as there are not enough pairs
[M::mem_pestat] analyzing insert size distribution for orientation FR...
[M::mem_pestat] (25, 50, 75) percentile: (225, 292, 385)
[M::mem_pestat] low and high boundaries for computing mean and std.dev: (1, 705)
[M::mem_pestat] mean and std.dev: (311.74, 117.80)
[M::mem_pestat] low and high boundaries for proper pairs: (1, 865)
[M::mem_pestat] skip orientation RF as there are not enough pairs
[M::mem_pestat] skip orientation RR as there are not enough pairs
[0000] 10. Calling kt_for - worker_sam
	[0000][ M::mem_process_seqs] Processed 529802 reads in 1082.366 CPU sec, 137.662 real sec
[0000] 2. Calling mem_process_seqs.., task: 94
[0000] 3. Calling kt_for - worker_bwt
[0000] read_chunk: 80000000, work_chunk_size: 80000102, nseq: 529802
	[0000][ M::kt_pipeline] read 529802 sequences (80000102 bp)...
[0000] 3. Calling kt_for - worker_aln
Inferring insert size distribution from data, l_pac: 2069526396, n: 529802
[M::mem_pestat] # candidate unique pairs for (FF, FR, RF, RR): (1, 56032, 11, 4)
[M::mem_pestat] skip orientation FF as there are not enough pairs
[M::mem_pestat] analyzing insert size distribution for orientation FR...
[M::mem_pestat] (25, 50, 75) percentile: (224, 292, 386)
[M::mem_pestat] low and high boundaries for computing mean and std.dev: (1, 710)
[M::mem_pestat] mean and std.dev: (312.49, 118.58)
[M::mem_pestat] low and high boundaries for proper pairs: (1, 872)
[M::mem_pestat] analyzing insert size distribution for orientation RF...
[M::mem_pestat] (25, 50, 75) percentile: (576, 1529, 5000)
[M::mem_pestat] low and high boundaries for computing mean and std.dev: (1, 13848)
[M::mem_pestat] mean and std.dev: (2685.36, 2600.40)
[M::mem_pestat] low and high boundaries for proper pairs: (1, 18272)
[M::mem_pestat] skip orientation RR as there are not enough pairs
[M::mem_pestat] skip orientation RF
[0000] 10. Calling kt_for - worker_sam
	[0000][ M::mem_process_seqs] Processed 529802 reads in 1110.207 CPU sec, 141.096 real sec
[0000] 2. Calling mem_process_seqs.., task: 95
[0000] 3. Calling kt_for - worker_bwt
[0000] read_chunk: 80000000, work_chunk_size: 80000102, nseq: 529802
	[0000][ M::kt_pipeline] read 529802 sequences (80000102 bp)...
[0000] 3. Calling kt_for - worker_aln
Inferring insert size distribution from data, l_pac: 2069526396, n: 529802
[M::mem_pestat] # candidate unique pairs for (FF, FR, RF, RR): (0, 56465, 9, 1)
[M::mem_pestat] skip orientation FF as there are not enough pairs
[M::mem_pestat] analyzing insert size distribution for orientation FR...
[M::mem_pestat] (25, 50, 75) percentile: (225, 291, 385)
[M::mem_pestat] low and high boundaries for computing mean and std.dev: (1, 705)
[M::mem_pestat] mean and std.dev: (312.01, 117.65)
[M::mem_pestat] low and high boundaries for proper pairs: (1, 865)
[M::mem_pestat] skip orientation RF as there are not enough pairs
[M::mem_pestat] skip orientation RR as there are not enough pairs
[0000] 10. Calling kt_for - worker_sam
	[0000][ M::mem_process_seqs] Processed 529802 reads in 1136.246 CPU sec, 144.535 real sec
[0000] 2. Calling mem_process_seqs.., task: 96
[0000] 3. Calling kt_for - worker_bwt
[0000] read_chunk: 80000000, work_chunk_size: 80000102, nseq: 529802
	[0000][ M::kt_pipeline] read 529802 sequences (80000102 bp)...
[0000] 3. Calling kt_for - worker_aln
Inferring insert size distribution from data, l_pac: 2069526396, n: 529802
[M::mem_pestat] # candidate unique pairs for (FF, FR, RF, RR): (1, 55964, 5, 3)
[M::mem_pestat] skip orientation FF as there are not enough pairs
[M::mem_pestat] analyzing insert size distribution for orientation FR...
[M::mem_pestat] (25, 50, 75) percentile: (223, 291, 383)
[M::mem_pestat] low and high boundaries for computing mean and std.dev: (1, 703)
[M::mem_pestat] mean and std.dev: (310.04, 117.29)
[M::mem_pestat] low and high boundaries for proper pairs: (1, 863)
[M::mem_pestat] skip orientation RF as there are not enough pairs
[M::mem_pestat] skip orientation RR as there are not enough pairs
[0000] 10. Calling kt_for - worker_sam
	[0000][ M::mem_process_seqs] Processed 529802 reads in 1122.382 CPU sec, 142.611 real sec
[0000] 2. Calling mem_process_seqs.., task: 97
[0000] 3. Calling kt_for - worker_bwt
[0000] read_chunk: 80000000, work_chunk_size: 80000102, nseq: 529802
	[0000][ M::kt_pipeline] read 529802 sequences (80000102 bp)...
[0000] 3. Calling kt_for - worker_aln
Inferring insert size distribution from data, l_pac: 2069526396, n: 529802
[M::mem_pestat] # candidate unique pairs for (FF, FR, RF, RR): (1, 56050, 9, 3)
[M::mem_pestat] skip orientation FF as there are not enough pairs
[M::mem_pestat] analyzing insert size distribution for orientation FR...
[M::mem_pestat] (25, 50, 75) percentile: (223, 291, 383)
[M::mem_pestat] low and high boundaries for computing mean and std.dev: (1, 703)
[M::mem_pestat] mean and std.dev: (310.92, 117.71)
[M::mem_pestat] low and high boundaries for proper pairs: (1, 863)
[M::mem_pestat] skip orientation RF as there are not enough pairs
[M::mem_pestat] skip orientation RR as there are not enough pairs
[0000] 10. Calling kt_for - worker_sam
	[0000][ M::mem_process_seqs] Processed 529802 reads in 1043.140 CPU sec, 131.864 real sec
[0000] 2. Calling mem_process_seqs.., task: 98
[0000] 3. Calling kt_for - worker_bwt
[0000] read_chunk: 80000000, work_chunk_size: 80000102, nseq: 529802
	[0000][ M::kt_pipeline] read 529802 sequences (80000102 bp)...
[0000] 3. Calling kt_for - worker_aln
Inferring insert size distribution from data, l_pac: 2069526396, n: 529802
[M::mem_pestat] # candidate unique pairs for (FF, FR, RF, RR): (2, 56538, 7, 3)
[M::mem_pestat] skip orientation FF as there are not enough pairs
[M::mem_pestat] analyzing insert size distribution for orientation FR...
[M::mem_pestat] (25, 50, 75) percentile: (224, 291, 383)
[M::mem_pestat] low and high boundaries for computing mean and std.dev: (1, 701)
[M::mem_pestat] mean and std.dev: (310.94, 116.87)
[M::mem_pestat] low and high boundaries for proper pairs: (1, 860)
[M::mem_pestat] skip orientation RF as there are not enough pairs
[M::mem_pestat] skip orientation RR as there are not enough pairs
[0000] 10. Calling kt_for - worker_sam
	[0000][ M::mem_process_seqs] Processed 529802 reads in 1065.484 CPU sec, 135.093 real sec
[0000] 2. Calling mem_process_seqs.., task: 99
[0000] 3. Calling kt_for - worker_bwt
[0000] read_chunk: 80000000, work_chunk_size: 80000102, nseq: 529802
	[0000][ M::kt_pipeline] read 529802 sequences (80000102 bp)...
[0000] 3. Calling kt_for - worker_aln
Inferring insert size distribution from data, l_pac: 2069526396, n: 529802
[M::mem_pestat] # candidate unique pairs for (FF, FR, RF, RR): (4, 55974, 10, 1)
[M::mem_pestat] skip orientation FF as there are not enough pairs
[M::mem_pestat] analyzing insert size distribution for orientation FR...
[M::mem_pestat] (25, 50, 75) percentile: (223, 290, 384)
[M::mem_pestat] low and high boundaries for computing mean and std.dev: (1, 706)
[M::mem_pestat] mean and std.dev: (310.41, 117.96)
[M::mem_pestat] low and high boundaries for proper pairs: (1, 867)
[M::mem_pestat] analyzing insert size distribution for orientation RF...
[M::mem_pestat] (25, 50, 75) percentile: (425, 1942, 3078)
[M::mem_pestat] low and high boundaries for computing mean and std.dev: (1, 8384)
[M::mem_pestat] mean and std.dev: (2270.20, 2158.48)
[M::mem_pestat] low and high boundaries for proper pairs: (1, 11037)
[M::mem_pestat] skip orientation RR as there are not enough pairs
[M::mem_pestat] skip orientation RF
[0000] 10. Calling kt_for - worker_sam
	[0000][ M::mem_process_seqs] Processed 529802 reads in 1143.110 CPU sec, 145.780 real sec
[0000] 2. Calling mem_process_seqs.., task: 100
[0000] 3. Calling kt_for - worker_bwt
[0000] read_chunk: 80000000, work_chunk_size: 80000102, nseq: 529802
	[0000][ M::kt_pipeline] read 529802 sequences (80000102 bp)...
[0000] 3. Calling kt_for - worker_aln
Inferring insert size distribution from data, l_pac: 2069526396, n: 529802
[M::mem_pestat] # candidate unique pairs for (FF, FR, RF, RR): (5, 56077, 9, 4)
[M::mem_pestat] skip orientation FF as there are not enough pairs
[M::mem_pestat] analyzing insert size distribution for orientation FR...
[M::mem_pestat] (25, 50, 75) percentile: (223, 292, 385)
[M::mem_pestat] low and high boundaries for computing mean and std.dev: (1, 709)
[M::mem_pestat] mean and std.dev: (311.85, 118.33)
[M::mem_pestat] low and high boundaries for proper pairs: (1, 871)
[M::mem_pestat] skip orientation RF as there are not enough pairs
[M::mem_pestat] skip orientation RR as there are not enough pairs
[0000] 10. Calling kt_for - worker_sam
	[0000][ M::mem_process_seqs] Processed 529802 reads in 1135.384 CPU sec, 144.499 real sec
[0000] 2. Calling mem_process_seqs.., task: 101
[0000] 3. Calling kt_for - worker_bwt
[0000] read_chunk: 80000000, work_chunk_size: 80000102, nseq: 529802
	[0000][ M::kt_pipeline] read 529802 sequences (80000102 bp)...
[0000] 3. Calling kt_for - worker_aln
Inferring insert size distribution from data, l_pac: 2069526396, n: 529802
[M::mem_pestat] # candidate unique pairs for (FF, FR, RF, RR): (5, 56133, 10, 3)
[M::mem_pestat] skip orientation FF as there are not enough pairs
[M::mem_pestat] analyzing insert size distribution for orientation FR...
[M::mem_pestat] (25, 50, 75) percentile: (224, 291, 384)
[M::mem_pestat] low and high boundaries for computing mean and std.dev: (1, 704)
[M::mem_pestat] mean and std.dev: (310.95, 117.45)
[M::mem_pestat] low and high boundaries for proper pairs: (1, 864)
[M::mem_pestat] analyzing insert size distribution for orientation RF...
[M::mem_pestat] (25, 50, 75) percentile: (55, 751, 4008)
[M::mem_pestat] low and high boundaries for computing mean and std.dev: (1, 11914)
[M::mem_pestat] mean and std.dev: (1841.00, 1922.67)
[M::mem_pestat] low and high boundaries for proper pairs: (1, 15867)
[M::mem_pestat] skip orientation RR as there are not enough pairs
[M::mem_pestat] skip orientation RF
[0000] 10. Calling kt_for - worker_sam
	[0000][ M::mem_process_seqs] Processed 529802 reads in 1128.553 CPU sec, 143.857 real sec
[0000] 2. Calling mem_process_seqs.., task: 102
[0000] 3. Calling kt_for - worker_bwt
[0000] read_chunk: 80000000, work_chunk_size: 80000102, nseq: 529802
	[0000][ M::kt_pipeline] read 529802 sequences (80000102 bp)...
[0000] 3. Calling kt_for - worker_aln
Inferring insert size distribution from data, l_pac: 2069526396, n: 529802
[M::mem_pestat] # candidate unique pairs for (FF, FR, RF, RR): (1, 56258, 10, 1)
[M::mem_pestat] skip orientation FF as there are not enough pairs
[M::mem_pestat] analyzing insert size distribution for orientation FR...
[M::mem_pestat] (25, 50, 75) percentile: (223, 291, 383)
[M::mem_pestat] low and high boundaries for computing mean and std.dev: (1, 703)
[M::mem_pestat] mean and std.dev: (310.94, 117.86)
[M::mem_pestat] low and high boundaries for proper pairs: (1, 863)
[M::mem_pestat] analyzing insert size distribution for orientation RF...
[M::mem_pestat] (25, 50, 75) percentile: (1993, 4049, 6852)
[M::mem_pestat] low and high boundaries for computing mean and std.dev: (1, 16570)
[M::mem_pestat] mean and std.dev: (4398.40, 2993.71)
[M::mem_pestat] low and high boundaries for proper pairs: (1, 21429)
[M::mem_pestat] skip orientation RR as there are not enough pairs
[M::mem_pestat] skip orientation RF
[0000] 10. Calling kt_for - worker_sam
	[0000][ M::mem_process_seqs] Processed 529802 reads in 1125.120 CPU sec, 142.772 real sec
[0000] 2. Calling mem_process_seqs.., task: 103
[0000] 3. Calling kt_for - worker_bwt
[0000] read_chunk: 80000000, work_chunk_size: 80000102, nseq: 529802
	[0000][ M::kt_pipeline] read 529802 sequences (80000102 bp)...
[0000] 3. Calling kt_for - worker_aln
Inferring insert size distribution from data, l_pac: 2069526396, n: 529802
[M::mem_pestat] # candidate unique pairs for (FF, FR, RF, RR): (2, 56306, 11, 1)
[M::mem_pestat] skip orientation FF as there are not enough pairs
[M::mem_pestat] analyzing insert size distribution for orientation FR...
[M::mem_pestat] (25, 50, 75) percentile: (224, 292, 386)
[M::mem_pestat] low and high boundaries for computing mean and std.dev: (1, 710)
[M::mem_pestat] mean and std.dev: (311.97, 118.05)
[M::mem_pestat] low and high boundaries for proper pairs: (1, 872)
[M::mem_pestat] analyzing insert size distribution for orientation RF...
[M::mem_pestat] (25, 50, 75) percentile: (1173, 1579, 6679)
[M::mem_pestat] low and high boundaries for computing mean and std.dev: (1, 17691)
[M::mem_pestat] mean and std.dev: (3120.27, 2600.14)
[M::mem_pestat] low and high boundaries for proper pairs: (1, 23197)
[M::mem_pestat] skip orientation RR as there are not enough pairs
[M::mem_pestat] skip orientation RF
[0000] 10. Calling kt_for - worker_sam
	[0000][ M::mem_process_seqs] Processed 529802 reads in 1133.722 CPU sec, 144.385 real sec
[0000] 2. Calling mem_process_seqs.., task: 104
[0000] 3. Calling kt_for - worker_bwt
[0000] read_chunk: 80000000, work_chunk_size: 80000102, nseq: 529802
	[0000][ M::kt_pipeline] read 529802 sequences (80000102 bp)...
[0000] 3. Calling kt_for - worker_aln
Inferring insert size distribution from data, l_pac: 2069526396, n: 529802
[M::mem_pestat] # candidate unique pairs for (FF, FR, RF, RR): (1, 56442, 7, 2)
[M::mem_pestat] skip orientation FF as there are not enough pairs
[M::mem_pestat] analyzing insert size distribution for orientation FR...
[M::mem_pestat] (25, 50, 75) percentile: (224, 291, 384)
[M::mem_pestat] low and high boundaries for computing mean and std.dev: (1, 704)
[M::mem_pestat] mean and std.dev: (311.52, 118.00)
[M::mem_pestat] low and high boundaries for proper pairs: (1, 864)
[M::mem_pestat] skip orientation RF as there are not enough pairs
[M::mem_pestat] skip orientation RR as there are not enough pairs
[0000] 10. Calling kt_for - worker_sam
	[0000][ M::mem_process_seqs] Processed 529802 reads in 1117.765 CPU sec, 142.169 real sec
[0000] 2. Calling mem_process_seqs.., task: 105
[0000] 3. Calling kt_for - worker_bwt
[0000] read_chunk: 80000000, work_chunk_size: 80000102, nseq: 529802
	[0000][ M::kt_pipeline] read 529802 sequences (80000102 bp)...
[0000] 3. Calling kt_for - worker_aln
Inferring insert size distribution from data, l_pac: 2069526396, n: 529802
[M::mem_pestat] # candidate unique pairs for (FF, FR, RF, RR): (2, 56069, 11, 2)
[M::mem_pestat] skip orientation FF as there are not enough pairs
[M::mem_pestat] analyzing insert size distribution for orientation FR...
[M::mem_pestat] (25, 50, 75) percentile: (223, 292, 385)
[M::mem_pestat] low and high boundaries for computing mean and std.dev: (1, 709)
[M::mem_pestat] mean and std.dev: (311.53, 118.23)
[M::mem_pestat] low and high boundaries for proper pairs: (1, 871)
[M::mem_pestat] analyzing insert size distribution for orientation RF...
[M::mem_pestat] (25, 50, 75) percentile: (1342, 1522, 4573)
[M::mem_pestat] low and high boundaries for computing mean and std.dev: (1, 11035)
[M::mem_pestat] mean and std.dev: (2495.45, 2523.78)
[M::mem_pestat] low and high boundaries for proper pairs: (1, 14266)
[M::mem_pestat] skip orientation RR as there are not enough pairs
[M::mem_pestat] skip orientation RF
[0000] 10. Calling kt_for - worker_sam
	[0000][ M::mem_process_seqs] Processed 529802 reads in 1047.192 CPU sec, 132.815 real sec
[0000] 2. Calling mem_process_seqs.., task: 106
[0000] 3. Calling kt_for - worker_bwt
[0000] read_chunk: 80000000, work_chunk_size: 80000102, nseq: 529802
	[0000][ M::kt_pipeline] read 529802 sequences (80000102 bp)...
[0000] 3. Calling kt_for - worker_aln
Inferring insert size distribution from data, l_pac: 2069526396, n: 529802
[M::mem_pestat] # candidate unique pairs for (FF, FR, RF, RR): (7, 56328, 5, 0)
[M::mem_pestat] skip orientation FF as there are not enough pairs
[M::mem_pestat] analyzing insert size distribution for orientation FR...
[M::mem_pestat] (25, 50, 75) percentile: (225, 293, 386)
[M::mem_pestat] low and high boundaries for computing mean and std.dev: (1, 708)
[M::mem_pestat] mean and std.dev: (312.28, 117.57)
[M::mem_pestat] low and high boundaries for proper pairs: (1, 869)
[M::mem_pestat] skip orientation RF as there are not enough pairs
[M::mem_pestat] skip orientation RR as there are not enough pairs
[0000] 10. Calling kt_for - worker_sam
	[0000][ M::mem_process_seqs] Processed 529802 reads in 1098.931 CPU sec, 139.768 real sec
[0000] 2. Calling mem_process_seqs.., task: 107
[0000] 3. Calling kt_for - worker_bwt
[0000] read_chunk: 80000000, work_chunk_size: 80000102, nseq: 529802
	[0000][ M::kt_pipeline] read 529802 sequences (80000102 bp)...
[0000] 3. Calling kt_for - worker_aln
Inferring insert size distribution from data, l_pac: 2069526396, n: 529802
[M::mem_pestat] # candidate unique pairs for (FF, FR, RF, RR): (3, 56575, 7, 4)
[M::mem_pestat] skip orientation FF as there are not enough pairs
[M::mem_pestat] analyzing insert size distribution for orientation FR...
[M::mem_pestat] (25, 50, 75) percentile: (224, 292, 386)
[M::mem_pestat] low and high boundaries for computing mean and std.dev: (1, 710)
[M::mem_pestat] mean and std.dev: (311.95, 118.03)
[M::mem_pestat] low and high boundaries for proper pairs: (1, 872)
[M::mem_pestat] skip orientation RF as there are not enough pairs
[M::mem_pestat] skip orientation RR as there are not enough pairs
[0000] 10. Calling kt_for - worker_sam
	[0000][ M::mem_process_seqs] Processed 529802 reads in 1111.049 CPU sec, 141.162 real sec
[0000] 2. Calling mem_process_seqs.., task: 108
[0000] 3. Calling kt_for - worker_bwt
[0000] read_chunk: 80000000, work_chunk_size: 80000102, nseq: 529802
	[0000][ M::kt_pipeline] read 529802 sequences (80000102 bp)...
[0000] 3. Calling kt_for - worker_aln
Inferring insert size distribution from data, l_pac: 2069526396, n: 529802
[M::mem_pestat] # candidate unique pairs for (FF, FR, RF, RR): (0, 56318, 10, 1)
[M::mem_pestat] skip orientation FF as there are not enough pairs
[M::mem_pestat] analyzing insert size distribution for orientation FR...
[M::mem_pestat] (25, 50, 75) percentile: (223, 291, 384)
[M::mem_pestat] low and high boundaries for computing mean and std.dev: (1, 706)
[M::mem_pestat] mean and std.dev: (311.21, 117.99)
[M::mem_pestat] low and high boundaries for proper pairs: (1, 867)
[M::mem_pestat] analyzing insert size distribution for orientation RF...
[M::mem_pestat] (25, 50, 75) percentile: (130, 2071, 6007)
[M::mem_pestat] low and high boundaries for computing mean and std.dev: (1, 17761)
[M::mem_pestat] mean and std.dev: (3425.40, 3635.93)
[M::mem_pestat] low and high boundaries for proper pairs: (1, 23638)
[M::mem_pestat] skip orientation RR as there are not enough pairs
[M::mem_pestat] skip orientation RF
[0000] 10. Calling kt_for - worker_sam
	[0000][ M::mem_process_seqs] Processed 529802 reads in 1068.399 CPU sec, 135.622 real sec
[0000] 2. Calling mem_process_seqs.., task: 109
[0000] 3. Calling kt_for - worker_bwt
[0000] read_chunk: 80000000, work_chunk_size: 80000102, nseq: 529802
	[0000][ M::kt_pipeline] read 529802 sequences (80000102 bp)...
[0000] 3. Calling kt_for - worker_aln
Inferring insert size distribution from data, l_pac: 2069526396, n: 529802
[M::mem_pestat] # candidate unique pairs for (FF, FR, RF, RR): (0, 56366, 4, 3)
[M::mem_pestat] skip orientation FF as there are not enough pairs
[M::mem_pestat] analyzing insert size distribution for orientation FR...
[M::mem_pestat] (25, 50, 75) percentile: (223, 292, 385)
[M::mem_pestat] low and high boundaries for computing mean and std.dev: (1, 709)
[M::mem_pestat] mean and std.dev: (311.67, 118.05)
[M::mem_pestat] low and high boundaries for proper pairs: (1, 871)
[M::mem_pestat] skip orientation RF as there are not enough pairs
[M::mem_pestat] skip orientation RR as there are not enough pairs
[0000] 10. Calling kt_for - worker_sam
	[0000][ M::mem_process_seqs] Processed 529802 reads in 1011.673 CPU sec, 127.968 real sec
[0000] 2. Calling mem_process_seqs.., task: 110
[0000] 3. Calling kt_for - worker_bwt
[0000] read_chunk: 80000000, work_chunk_size: 80000102, nseq: 529802
	[0000][ M::kt_pipeline] read 529802 sequences (80000102 bp)...
[0000] 3. Calling kt_for - worker_aln
Inferring insert size distribution from data, l_pac: 2069526396, n: 529802
[M::mem_pestat] # candidate unique pairs for (FF, FR, RF, RR): (3, 56270, 5, 4)
[M::mem_pestat] skip orientation FF as there are not enough pairs
[M::mem_pestat] analyzing insert size distribution for orientation FR...
[M::mem_pestat] (25, 50, 75) percentile: (224, 292, 385)
[M::mem_pestat] low and high boundaries for computing mean and std.dev: (1, 707)
[M::mem_pestat] mean and std.dev: (311.84, 118.11)
[M::mem_pestat] low and high boundaries for proper pairs: (1, 868)
[M::mem_pestat] skip orientation RF as there are not enough pairs
[M::mem_pestat] skip orientation RR as there are not enough pairs
[0000] 10. Calling kt_for - worker_sam
	[0000][ M::mem_process_seqs] Processed 529802 reads in 1107.206 CPU sec, 141.073 real sec
[0000] 2. Calling mem_process_seqs.., task: 111
[0000] 3. Calling kt_for - worker_bwt
[0000] read_chunk: 80000000, work_chunk_size: 80000102, nseq: 529802
	[0000][ M::kt_pipeline] read 529802 sequences (80000102 bp)...
[0000] 3. Calling kt_for - worker_aln
Inferring insert size distribution from data, l_pac: 2069526396, n: 529802
[M::mem_pestat] # candidate unique pairs for (FF, FR, RF, RR): (2, 56483, 8, 5)
[M::mem_pestat] skip orientation FF as there are not enough pairs
[M::mem_pestat] analyzing insert size distribution for orientation FR...
[M::mem_pestat] (25, 50, 75) percentile: (224, 291, 383)
[M::mem_pestat] low and high boundaries for computing mean and std.dev: (1, 701)
[M::mem_pestat] mean and std.dev: (311.05, 117.36)
[M::mem_pestat] low and high boundaries for proper pairs: (1, 860)
[M::mem_pestat] skip orientation RF as there are not enough pairs
[M::mem_pestat] skip orientation RR as there are not enough pairs
[0000] 10. Calling kt_for - worker_sam
	[0000][ M::mem_process_seqs] Processed 529802 reads in 1140.006 CPU sec, 145.531 real sec
[0000] 2. Calling mem_process_seqs.., task: 112
[0000] 3. Calling kt_for - worker_bwt
[0000] read_chunk: 80000000, work_chunk_size: 80000102, nseq: 529802
	[0000][ M::kt_pipeline] read 529802 sequences (80000102 bp)...
[0000] 3. Calling kt_for - worker_aln
Inferring insert size distribution from data, l_pac: 2069526396, n: 529802
[M::mem_pestat] # candidate unique pairs for (FF, FR, RF, RR): (0, 56412, 11, 4)
[M::mem_pestat] skip orientation FF as there are not enough pairs
[M::mem_pestat] analyzing insert size distribution for orientation FR...
[M::mem_pestat] (25, 50, 75) percentile: (223, 291, 384)
[M::mem_pestat] low and high boundaries for computing mean and std.dev: (1, 706)
[M::mem_pestat] mean and std.dev: (310.96, 117.75)
[M::mem_pestat] low and high boundaries for proper pairs: (1, 867)
[M::mem_pestat] analyzing insert size distribution for orientation RF...
[M::mem_pestat] (25, 50, 75) percentile: (133, 535, 4182)
[M::mem_pestat] low and high boundaries for computing mean and std.dev: (1, 12280)
[M::mem_pestat] mean and std.dev: (2136.45, 2375.91)
[M::mem_pestat] low and high boundaries for proper pairs: (1, 16329)
[M::mem_pestat] skip orientation RR as there are not enough pairs
[M::mem_pestat] skip orientation RF
[0000] 10. Calling kt_for - worker_sam
	[0000][ M::mem_process_seqs] Processed 529802 reads in 1079.846 CPU sec, 137.035 real sec
[0000] 2. Calling mem_process_seqs.., task: 113
[0000] 3. Calling kt_for - worker_bwt
[0000] read_chunk: 80000000, work_chunk_size: 80000102, nseq: 529802
	[0000][ M::kt_pipeline] read 529802 sequences (80000102 bp)...
[0000] 3. Calling kt_for - worker_aln
Inferring insert size distribution from data, l_pac: 2069526396, n: 529802
[M::mem_pestat] # candidate unique pairs for (FF, FR, RF, RR): (3, 56345, 9, 2)
[M::mem_pestat] skip orientation FF as there are not enough pairs
[M::mem_pestat] analyzing insert size distribution for orientation FR...
[M::mem_pestat] (25, 50, 75) percentile: (224, 292, 386)
[M::mem_pestat] low and high boundaries for computing mean and std.dev: (1, 710)
[M::mem_pestat] mean and std.dev: (312.42, 118.49)
[M::mem_pestat] low and high boundaries for proper pairs: (1, 872)
[M::mem_pestat] skip orientation RF as there are not enough pairs
[M::mem_pestat] skip orientation RR as there are not enough pairs
[0000] 10. Calling kt_for - worker_sam
	[0000][ M::mem_process_seqs] Processed 529802 reads in 1128.301 CPU sec, 143.541 real sec
[0000] 2. Calling mem_process_seqs.., task: 114
[0000] 3. Calling kt_for - worker_bwt
[0000] read_chunk: 80000000, work_chunk_size: 80000102, nseq: 529802
	[0000][ M::kt_pipeline] read 529802 sequences (80000102 bp)...
[0000] 3. Calling kt_for - worker_aln
Inferring insert size distribution from data, l_pac: 2069526396, n: 529802
[M::mem_pestat] # candidate unique pairs for (FF, FR, RF, RR): (3, 56504, 4, 4)
[M::mem_pestat] skip orientation FF as there are not enough pairs
[M::mem_pestat] analyzing insert size distribution for orientation FR...
[M::mem_pestat] (25, 50, 75) percentile: (224, 293, 385)
[M::mem_pestat] low and high boundaries for computing mean and std.dev: (1, 707)
[M::mem_pestat] mean and std.dev: (312.69, 118.03)
[M::mem_pestat] low and high boundaries for proper pairs: (1, 868)
[M::mem_pestat] skip orientation RF as there are not enough pairs
[M::mem_pestat] skip orientation RR as there are not enough pairs
[0000] 10. Calling kt_for - worker_sam
	[0000][ M::mem_process_seqs] Processed 529802 reads in 1103.323 CPU sec, 140.040 real sec
[0000] 2. Calling mem_process_seqs.., task: 115
[0000] 3. Calling kt_for - worker_bwt
[0000] read_chunk: 80000000, work_chunk_size: 80000102, nseq: 529802
	[0000][ M::kt_pipeline] read 529802 sequences (80000102 bp)...
[0000] 3. Calling kt_for - worker_aln
Inferring insert size distribution from data, l_pac: 2069526396, n: 529802
[M::mem_pestat] # candidate unique pairs for (FF, FR, RF, RR): (2, 55820, 9, 4)
[M::mem_pestat] skip orientation FF as there are not enough pairs
[M::mem_pestat] analyzing insert size distribution for orientation FR...
[M::mem_pestat] (25, 50, 75) percentile: (224, 292, 385)
[M::mem_pestat] low and high boundaries for computing mean and std.dev: (1, 707)
[M::mem_pestat] mean and std.dev: (312.01, 118.11)
[M::mem_pestat] low and high boundaries for proper pairs: (1, 868)
[M::mem_pestat] skip orientation RF as there are not enough pairs
[M::mem_pestat] skip orientation RR as there are not enough pairs
[0000] 10. Calling kt_for - worker_sam
	[0000][ M::mem_process_seqs] Processed 529802 reads in 1074.846 CPU sec, 136.063 real sec
[0000] 2. Calling mem_process_seqs.., task: 116
[0000] 3. Calling kt_for - worker_bwt
[0000] read_chunk: 80000000, work_chunk_size: 80000102, nseq: 529802
	[0000][ M::kt_pipeline] read 529802 sequences (80000102 bp)...
[0000] 3. Calling kt_for - worker_aln
Inferring insert size distribution from data, l_pac: 2069526396, n: 529802
[M::mem_pestat] # candidate unique pairs for (FF, FR, RF, RR): (2, 55965, 9, 0)
[M::mem_pestat] skip orientation FF as there are not enough pairs
[M::mem_pestat] analyzing insert size distribution for orientation FR...
[M::mem_pestat] (25, 50, 75) percentile: (224, 292, 385)
[M::mem_pestat] low and high boundaries for computing mean and std.dev: (1, 707)
[M::mem_pestat] mean and std.dev: (312.02, 117.85)
[M::mem_pestat] low and high boundaries for proper pairs: (1, 868)
[M::mem_pestat] skip orientation RF as there are not enough pairs
[M::mem_pestat] skip orientation RR as there are not enough pairs
[0000] 10. Calling kt_for - worker_sam
	[0000][ M::mem_process_seqs] Processed 529802 reads in 1044.567 CPU sec, 132.430 real sec
[0000] 2. Calling mem_process_seqs.., task: 117
[0000] 3. Calling kt_for - worker_bwt
[0000] read_chunk: 80000000, work_chunk_size: 80000102, nseq: 529802
	[0000][ M::kt_pipeline] read 529802 sequences (80000102 bp)...
[0000] 3. Calling kt_for - worker_aln
Inferring insert size distribution from data, l_pac: 2069526396, n: 529802
[M::mem_pestat] # candidate unique pairs for (FF, FR, RF, RR): (2, 56219, 9, 3)
[M::mem_pestat] skip orientation FF as there are not enough pairs
[M::mem_pestat] analyzing insert size distribution for orientation FR...
[M::mem_pestat] (25, 50, 75) percentile: (224, 292, 385)
[M::mem_pestat] low and high boundaries for computing mean and std.dev: (1, 707)
[M::mem_pestat] mean and std.dev: (312.06, 118.42)
[M::mem_pestat] low and high boundaries for proper pairs: (1, 868)
[M::mem_pestat] skip orientation RF as there are not enough pairs
[M::mem_pestat] skip orientation RR as there are not enough pairs
[0000] 10. Calling kt_for - worker_sam
	[0000][ M::mem_process_seqs] Processed 529802 reads in 1080.186 CPU sec, 137.404 real sec
[0000] 2. Calling mem_process_seqs.., task: 118
[0000] 3. Calling kt_for - worker_bwt
[0000] read_chunk: 80000000, work_chunk_size: 80000102, nseq: 529802
	[0000][ M::kt_pipeline] read 529802 sequences (80000102 bp)...
[0000] 3. Calling kt_for - worker_aln
Inferring insert size distribution from data, l_pac: 2069526396, n: 529802
[M::mem_pestat] # candidate unique pairs for (FF, FR, RF, RR): (3, 55753, 8, 2)
[M::mem_pestat] skip orientation FF as there are not enough pairs
[M::mem_pestat] analyzing insert size distribution for orientation FR...
[M::mem_pestat] (25, 50, 75) percentile: (224, 292, 386)
[M::mem_pestat] low and high boundaries for computing mean and std.dev: (1, 710)
[M::mem_pestat] mean and std.dev: (312.41, 119.23)
[M::mem_pestat] low and high boundaries for proper pairs: (1, 872)
[M::mem_pestat] skip orientation RF as there are not enough pairs
[M::mem_pestat] skip orientation RR as there are not enough pairs
[0000] 10. Calling kt_for - worker_sam
	[0000][ M::mem_process_seqs] Processed 529802 reads in 1162.864 CPU sec, 148.016 real sec
[0000] 2. Calling mem_process_seqs.., task: 119
[0000] 3. Calling kt_for - worker_bwt
[0000] read_chunk: 80000000, work_chunk_size: 80000102, nseq: 529802
	[0000][ M::kt_pipeline] read 529802 sequences (80000102 bp)...
[0000] 3. Calling kt_for - worker_aln
Inferring insert size distribution from data, l_pac: 2069526396, n: 529802
[M::mem_pestat] # candidate unique pairs for (FF, FR, RF, RR): (4, 56096, 12, 1)
[M::mem_pestat] skip orientation FF as there are not enough pairs
[M::mem_pestat] analyzing insert size distribution for orientation FR...
[M::mem_pestat] (25, 50, 75) percentile: (224, 291, 386)
[M::mem_pestat] low and high boundaries for computing mean and std.dev: (1, 710)
[M::mem_pestat] mean and std.dev: (312.33, 118.11)
[M::mem_pestat] low and high boundaries for proper pairs: (1, 872)
[M::mem_pestat] analyzing insert size distribution for orientation RF...
[M::mem_pestat] (25, 50, 75) percentile: (180, 489, 5294)
[M::mem_pestat] low and high boundaries for computing mean and std.dev: (1, 15522)
[M::mem_pestat] mean and std.dev: (2356.83, 3641.62)
[M::mem_pestat] low and high boundaries for proper pairs: (1, 20636)
[M::mem_pestat] skip orientation RR as there are not enough pairs
[M::mem_pestat] skip orientation RF
[0000] 10. Calling kt_for - worker_sam
	[0000][ M::mem_process_seqs] Processed 529802 reads in 1141.572 CPU sec, 144.887 real sec
[0000] 2. Calling mem_process_seqs.., task: 120
[0000] 3. Calling kt_for - worker_bwt
[0000] read_chunk: 80000000, work_chunk_size: 80000102, nseq: 529802
	[0000][ M::kt_pipeline] read 529802 sequences (80000102 bp)...
[0000] 3. Calling kt_for - worker_aln
Inferring insert size distribution from data, l_pac: 2069526396, n: 529802
[M::mem_pestat] # candidate unique pairs for (FF, FR, RF, RR): (0, 56291, 11, 0)
[M::mem_pestat] skip orientation FF as there are not enough pairs
[M::mem_pestat] analyzing insert size distribution for orientation FR...
[M::mem_pestat] (25, 50, 75) percentile: (221, 289, 380)
[M::mem_pestat] low and high boundaries for computing mean and std.dev: (1, 698)
[M::mem_pestat] mean and std.dev: (308.24, 116.17)
[M::mem_pestat] low and high boundaries for proper pairs: (1, 857)
[M::mem_pestat] analyzing insert size distribution for orientation RF...
[M::mem_pestat] (25, 50, 75) percentile: (71, 822, 1805)
[M::mem_pestat] low and high boundaries for computing mean and std.dev: (1, 5273)
[M::mem_pestat] mean and std.dev: (1114.82, 1089.90)
[M::mem_pestat] low and high boundaries for proper pairs: (1, 7007)
[M::mem_pestat] skip orientation RR as there are not enough pairs
[M::mem_pestat] skip orientation RF
[0000] 10. Calling kt_for - worker_sam
	[0000][ M::mem_process_seqs] Processed 529802 reads in 1173.952 CPU sec, 149.431 real sec
[0000] 2. Calling mem_process_seqs.., task: 121
[0000] 3. Calling kt_for - worker_bwt
[0000] read_chunk: 80000000, work_chunk_size: 80000102, nseq: 529802
	[0000][ M::kt_pipeline] read 529802 sequences (80000102 bp)...
[0000] 3. Calling kt_for - worker_aln
Inferring insert size distribution from data, l_pac: 2069526396, n: 529802
[M::mem_pestat] # candidate unique pairs for (FF, FR, RF, RR): (3, 56179, 9, 4)
[M::mem_pestat] skip orientation FF as there are not enough pairs
[M::mem_pestat] analyzing insert size distribution for orientation FR...
[M::mem_pestat] (25, 50, 75) percentile: (223, 290, 381)
[M::mem_pestat] low and high boundaries for computing mean and std.dev: (1, 697)
[M::mem_pestat] mean and std.dev: (308.75, 115.87)
[M::mem_pestat] low and high boundaries for proper pairs: (1, 855)
[M::mem_pestat] skip orientation RF as there are not enough pairs
[M::mem_pestat] skip orientation RR as there are not enough pairs
[0000] 10. Calling kt_for - worker_sam
	[0000][ M::mem_process_seqs] Processed 529802 reads in 1124.821 CPU sec, 142.773 real sec
[0000] 2. Calling mem_process_seqs.., task: 122
[0000] 3. Calling kt_for - worker_bwt
[0000] read_chunk: 80000000, work_chunk_size: 80000102, nseq: 529802
	[0000][ M::kt_pipeline] read 529802 sequences (80000102 bp)...
[0000] 3. Calling kt_for - worker_aln
Inferring insert size distribution from data, l_pac: 2069526396, n: 529802
[M::mem_pestat] # candidate unique pairs for (FF, FR, RF, RR): (3, 55899, 5, 4)
[M::mem_pestat] skip orientation FF as there are not enough pairs
[M::mem_pestat] analyzing insert size distribution for orientation FR...
[M::mem_pestat] (25, 50, 75) percentile: (222, 288, 380)
[M::mem_pestat] low and high boundaries for computing mean and std.dev: (1, 696)
[M::mem_pestat] mean and std.dev: (308.21, 115.92)
[M::mem_pestat] low and high boundaries for proper pairs: (1, 854)
[M::mem_pestat] skip orientation RF as there are not enough pairs
[M::mem_pestat] skip orientation RR as there are not enough pairs
[0000] 10. Calling kt_for - worker_sam
	[0000][ M::mem_process_seqs] Processed 529802 reads in 1146.003 CPU sec, 145.403 real sec
[0000] 2. Calling mem_process_seqs.., task: 123
[0000] 3. Calling kt_for - worker_bwt
[0000] read_chunk: 80000000, work_chunk_size: 80000102, nseq: 529802
	[0000][ M::kt_pipeline] read 529802 sequences (80000102 bp)...
[0000] 3. Calling kt_for - worker_aln
Inferring insert size distribution from data, l_pac: 2069526396, n: 529802
[M::mem_pestat] # candidate unique pairs for (FF, FR, RF, RR): (3, 56084, 4, 2)
[M::mem_pestat] skip orientation FF as there are not enough pairs
[M::mem_pestat] analyzing insert size distribution for orientation FR...
[M::mem_pestat] (25, 50, 75) percentile: (222, 288, 380)
[M::mem_pestat] low and high boundaries for computing mean and std.dev: (1, 696)
[M::mem_pestat] mean and std.dev: (307.90, 116.16)
[M::mem_pestat] low and high boundaries for proper pairs: (1, 854)
[M::mem_pestat] skip orientation RF as there are not enough pairs
[M::mem_pestat] skip orientation RR as there are not enough pairs
[0000] 10. Calling kt_for - worker_sam
	[0000][ M::mem_process_seqs] Processed 529802 reads in 1119.152 CPU sec, 141.884 real sec
[0000] 2. Calling mem_process_seqs.., task: 124
[0000] 3. Calling kt_for - worker_bwt
[0000] read_chunk: 80000000, work_chunk_size: 80000102, nseq: 529802
	[0000][ M::kt_pipeline] read 529802 sequences (80000102 bp)...
[0000] 3. Calling kt_for - worker_aln
Inferring insert size distribution from data, l_pac: 2069526396, n: 529802
[M::mem_pestat] # candidate unique pairs for (FF, FR, RF, RR): (4, 55889, 7, 2)
[M::mem_pestat] skip orientation FF as there are not enough pairs
[M::mem_pestat] analyzing insert size distribution for orientation FR...
[M::mem_pestat] (25, 50, 75) percentile: (222, 289, 382)
[M::mem_pestat] low and high boundaries for computing mean and std.dev: (1, 702)
[M::mem_pestat] mean and std.dev: (309.24, 116.95)
[M::mem_pestat] low and high boundaries for proper pairs: (1, 862)
[M::mem_pestat] skip orientation RF as there are not enough pairs
[M::mem_pestat] skip orientation RR as there are not enough pairs
[0000] 10. Calling kt_for - worker_sam
	[0000][ M::mem_process_seqs] Processed 529802 reads in 1122.680 CPU sec, 142.421 real sec
[0000] 2. Calling mem_process_seqs.., task: 125
[0000] 3. Calling kt_for - worker_bwt
[0000] read_chunk: 80000000, work_chunk_size: 80000102, nseq: 529802
	[0000][ M::kt_pipeline] read 529802 sequences (80000102 bp)...
[0000] 3. Calling kt_for - worker_aln
Inferring insert size distribution from data, l_pac: 2069526396, n: 529802
[M::mem_pestat] # candidate unique pairs for (FF, FR, RF, RR): (1, 56210, 3, 1)
[M::mem_pestat] skip orientation FF as there are not enough pairs
[M::mem_pestat] analyzing insert size distribution for orientation FR...
[M::mem_pestat] (25, 50, 75) percentile: (223, 291, 381)
[M::mem_pestat] low and high boundaries for computing mean and std.dev: (1, 697)
[M::mem_pestat] mean and std.dev: (309.18, 115.87)
[M::mem_pestat] low and high boundaries for proper pairs: (1, 855)
[M::mem_pestat] skip orientation RF as there are not enough pairs
[M::mem_pestat] skip orientation RR as there are not enough pairs
[0000] 10. Calling kt_for - worker_sam
	[0000][ M::mem_process_seqs] Processed 529802 reads in 1097.123 CPU sec, 139.192 real sec
[0000] 2. Calling mem_process_seqs.., task: 126
[0000] 3. Calling kt_for - worker_bwt
[0000] read_chunk: 80000000, work_chunk_size: 80000102, nseq: 529802
	[0000][ M::kt_pipeline] read 529802 sequences (80000102 bp)...
[0000] 3. Calling kt_for - worker_aln
Inferring insert size distribution from data, l_pac: 2069526396, n: 529802
[M::mem_pestat] # candidate unique pairs for (FF, FR, RF, RR): (2, 56553, 7, 7)
[M::mem_pestat] skip orientation FF as there are not enough pairs
[M::mem_pestat] analyzing insert size distribution for orientation FR...
[M::mem_pestat] (25, 50, 75) percentile: (222, 289, 381)
[M::mem_pestat] low and high boundaries for computing mean and std.dev: (1, 699)
[M::mem_pestat] mean and std.dev: (308.87, 116.54)
[M::mem_pestat] low and high boundaries for proper pairs: (1, 858)
[M::mem_pestat] skip orientation RF as there are not enough pairs
[M::mem_pestat] skip orientation RR as there are not enough pairs
[0000] 10. Calling kt_for - worker_sam
	[0000][ M::mem_process_seqs] Processed 529802 reads in 1074.664 CPU sec, 135.939 real sec
[0000] 2. Calling mem_process_seqs.., task: 127
[0000] 3. Calling kt_for - worker_bwt
[0000] read_chunk: 80000000, work_chunk_size: 80000102, nseq: 529802
	[0000][ M::kt_pipeline] read 529802 sequences (80000102 bp)...
[0000] 3. Calling kt_for - worker_aln
Inferring insert size distribution from data, l_pac: 2069526396, n: 529802
[M::mem_pestat] # candidate unique pairs for (FF, FR, RF, RR): (1, 55941, 7, 4)
[M::mem_pestat] skip orientation FF as there are not enough pairs
[M::mem_pestat] analyzing insert size distribution for orientation FR...
[M::mem_pestat] (25, 50, 75) percentile: (222, 288, 380)
[M::mem_pestat] low and high boundaries for computing mean and std.dev: (1, 696)
[M::mem_pestat] mean and std.dev: (307.86, 115.86)
[M::mem_pestat] low and high boundaries for proper pairs: (1, 854)
[M::mem_pestat] skip orientation RF as there are not enough pairs
[M::mem_pestat] skip orientation RR as there are not enough pairs
[0000] 10. Calling kt_for - worker_sam
	[0000][ M::mem_process_seqs] Processed 529802 reads in 1109.334 CPU sec, 140.759 real sec
[0000] 2. Calling mem_process_seqs.., task: 128
[0000] 3. Calling kt_for - worker_bwt
[0000] read_chunk: 80000000, work_chunk_size: 80000102, nseq: 529802
	[0000][ M::kt_pipeline] read 529802 sequences (80000102 bp)...
[0000] 3. Calling kt_for - worker_aln
Inferring insert size distribution from data, l_pac: 2069526396, n: 529802
[M::mem_pestat] # candidate unique pairs for (FF, FR, RF, RR): (0, 56367, 3, 2)
[M::mem_pestat] skip orientation FF as there are not enough pairs
[M::mem_pestat] analyzing insert size distribution for orientation FR...
[M::mem_pestat] (25, 50, 75) percentile: (222, 289, 380)
[M::mem_pestat] low and high boundaries for computing mean and std.dev: (1, 696)
[M::mem_pestat] mean and std.dev: (307.82, 115.06)
[M::mem_pestat] low and high boundaries for proper pairs: (1, 854)
[M::mem_pestat] skip orientation RF as there are not enough pairs
[M::mem_pestat] skip orientation RR as there are not enough pairs
[0000] 10. Calling kt_for - worker_sam
	[0000][ M::mem_process_seqs] Processed 529802 reads in 1124.328 CPU sec, 142.359 real sec
[0000] 2. Calling mem_process_seqs.., task: 129
[0000] 3. Calling kt_for - worker_bwt
[0000] read_chunk: 80000000, work_chunk_size: 80000102, nseq: 529802
	[0000][ M::kt_pipeline] read 529802 sequences (80000102 bp)...
[0000] 3. Calling kt_for - worker_aln
Inferring insert size distribution from data, l_pac: 2069526396, n: 529802
[M::mem_pestat] # candidate unique pairs for (FF, FR, RF, RR): (1, 55760, 7, 4)
[M::mem_pestat] skip orientation FF as there are not enough pairs
[M::mem_pestat] analyzing insert size distribution for orientation FR...
[M::mem_pestat] (25, 50, 75) percentile: (222, 289, 380)
[M::mem_pestat] low and high boundaries for computing mean and std.dev: (1, 696)
[M::mem_pestat] mean and std.dev: (308.14, 115.94)
[M::mem_pestat] low and high boundaries for proper pairs: (1, 854)
[M::mem_pestat] skip orientation RF as there are not enough pairs
[M::mem_pestat] skip orientation RR as there are not enough pairs
[0000] 10. Calling kt_for - worker_sam
	[0000][ M::mem_process_seqs] Processed 529802 reads in 1129.613 CPU sec, 143.389 real sec
[0000] 2. Calling mem_process_seqs.., task: 130
[0000] 3. Calling kt_for - worker_bwt
[0000] read_chunk: 80000000, work_chunk_size: 80000102, nseq: 529802
	[0000][ M::kt_pipeline] read 529802 sequences (80000102 bp)...
[0000] 3. Calling kt_for - worker_aln
Inferring insert size distribution from data, l_pac: 2069526396, n: 529802
[M::mem_pestat] # candidate unique pairs for (FF, FR, RF, RR): (2, 56088, 5, 0)
[M::mem_pestat] skip orientation FF as there are not enough pairs
[M::mem_pestat] analyzing insert size distribution for orientation FR...
[M::mem_pestat] (25, 50, 75) percentile: (222, 289, 379)
[M::mem_pestat] low and high boundaries for computing mean and std.dev: (1, 693)
[M::mem_pestat] mean and std.dev: (308.01, 115.21)
[M::mem_pestat] low and high boundaries for proper pairs: (1, 850)
[M::mem_pestat] skip orientation RF as there are not enough pairs
[M::mem_pestat] skip orientation RR as there are not enough pairs
[0000] 10. Calling kt_for - worker_sam
	[0000][ M::mem_process_seqs] Processed 529802 reads in 1110.855 CPU sec, 140.552 real sec
[0000] 2. Calling mem_process_seqs.., task: 131
[0000] 3. Calling kt_for - worker_bwt
[0000] read_chunk: 80000000, work_chunk_size: 80000102, nseq: 529802
	[0000][ M::kt_pipeline] read 529802 sequences (80000102 bp)...
[0000] 3. Calling kt_for - worker_aln
Inferring insert size distribution from data, l_pac: 2069526396, n: 529802
[M::mem_pestat] # candidate unique pairs for (FF, FR, RF, RR): (2, 56006, 14, 1)
[M::mem_pestat] skip orientation FF as there are not enough pairs
[M::mem_pestat] analyzing insert size distribution for orientation FR...
[M::mem_pestat] (25, 50, 75) percentile: (221, 287, 380)
[M::mem_pestat] low and high boundaries for computing mean and std.dev: (1, 698)
[M::mem_pestat] mean and std.dev: (307.56, 115.94)
[M::mem_pestat] low and high boundaries for proper pairs: (1, 857)
[M::mem_pestat] analyzing insert size distribution for orientation RF...
[M::mem_pestat] (25, 50, 75) percentile: (610, 2305, 5569)
[M::mem_pestat] low and high boundaries for computing mean and std.dev: (1, 15487)
[M::mem_pestat] mean and std.dev: (2802.50, 2603.10)
[M::mem_pestat] low and high boundaries for proper pairs: (1, 20446)
[M::mem_pestat] skip orientation RR as there are not enough pairs
[M::mem_pestat] skip orientation RF
[0000] 10. Calling kt_for - worker_sam
	[0000][ M::mem_process_seqs] Processed 529802 reads in 1121.130 CPU sec, 142.107 real sec
[0000] 2. Calling mem_process_seqs.., task: 132
[0000] 3. Calling kt_for - worker_bwt
[0000] read_chunk: 80000000, work_chunk_size: 80000102, nseq: 529802
	[0000][ M::kt_pipeline] read 529802 sequences (80000102 bp)...
[0000] 3. Calling kt_for - worker_aln
Inferring insert size distribution from data, l_pac: 2069526396, n: 529802
[M::mem_pestat] # candidate unique pairs for (FF, FR, RF, RR): (2, 56310, 5, 1)
[M::mem_pestat] skip orientation FF as there are not enough pairs
[M::mem_pestat] analyzing insert size distribution for orientation FR...
[M::mem_pestat] (25, 50, 75) percentile: (222, 288, 380)
[M::mem_pestat] low and high boundaries for computing mean and std.dev: (1, 696)
[M::mem_pestat] mean and std.dev: (307.38, 115.18)
[M::mem_pestat] low and high boundaries for proper pairs: (1, 854)
[M::mem_pestat] skip orientation RF as there are not enough pairs
[M::mem_pestat] skip orientation RR as there are not enough pairs
[0000] 10. Calling kt_for - worker_sam
	[0000][ M::mem_process_seqs] Processed 529802 reads in 1148.004 CPU sec, 145.908 real sec
[0000] 2. Calling mem_process_seqs.., task: 133
[0000] 3. Calling kt_for - worker_bwt
[0000] read_chunk: 80000000, work_chunk_size: 80000102, nseq: 529802
	[0000][ M::kt_pipeline] read 529802 sequences (80000102 bp)...
[0000] 3. Calling kt_for - worker_aln
Inferring insert size distribution from data, l_pac: 2069526396, n: 529802
[M::mem_pestat] # candidate unique pairs for (FF, FR, RF, RR): (0, 56007, 9, 2)
[M::mem_pestat] skip orientation FF as there are not enough pairs
[M::mem_pestat] analyzing insert size distribution for orientation FR...
[M::mem_pestat] (25, 50, 75) percentile: (222, 289, 380)
[M::mem_pestat] low and high boundaries for computing mean and std.dev: (1, 696)
[M::mem_pestat] mean and std.dev: (308.35, 115.57)
[M::mem_pestat] low and high boundaries for proper pairs: (1, 854)
[M::mem_pestat] skip orientation RF as there are not enough pairs
[M::mem_pestat] skip orientation RR as there are not enough pairs
[0000] 10. Calling kt_for - worker_sam
	[0000][ M::mem_process_seqs] Processed 529802 reads in 1139.339 CPU sec, 144.961 real sec
[0000] 2. Calling mem_process_seqs.., task: 134
[0000] 3. Calling kt_for - worker_bwt
[0000] read_chunk: 80000000, work_chunk_size: 80000102, nseq: 529802
	[0000][ M::kt_pipeline] read 529802 sequences (80000102 bp)...
[0000] 3. Calling kt_for - worker_aln
Inferring insert size distribution from data, l_pac: 2069526396, n: 529802
[M::mem_pestat] # candidate unique pairs for (FF, FR, RF, RR): (4, 56125, 7, 7)
[M::mem_pestat] skip orientation FF as there are not enough pairs
[M::mem_pestat] analyzing insert size distribution for orientation FR...
[M::mem_pestat] (25, 50, 75) percentile: (222, 289, 380)
[M::mem_pestat] low and high boundaries for computing mean and std.dev: (1, 696)
[M::mem_pestat] mean and std.dev: (307.93, 115.58)
[M::mem_pestat] low and high boundaries for proper pairs: (1, 854)
[M::mem_pestat] skip orientation RF as there are not enough pairs
[M::mem_pestat] skip orientation RR as there are not enough pairs
[0000] 10. Calling kt_for - worker_sam
	[0000][ M::mem_process_seqs] Processed 529802 reads in 1117.745 CPU sec, 141.793 real sec
[0000] 2. Calling mem_process_seqs.., task: 135
[0000] 3. Calling kt_for - worker_bwt
[0000] read_chunk: 80000000, work_chunk_size: 80000102, nseq: 529802
	[0000][ M::kt_pipeline] read 529802 sequences (80000102 bp)...
[0000] 3. Calling kt_for - worker_aln
Inferring insert size distribution from data, l_pac: 2069526396, n: 529802
[M::mem_pestat] # candidate unique pairs for (FF, FR, RF, RR): (3, 56168, 8, 3)
[M::mem_pestat] skip orientation FF as there are not enough pairs
[M::mem_pestat] analyzing insert size distribution for orientation FR...
[M::mem_pestat] (25, 50, 75) percentile: (222, 289, 380)
[M::mem_pestat] low and high boundaries for computing mean and std.dev: (1, 696)
[M::mem_pestat] mean and std.dev: (307.98, 116.11)
[M::mem_pestat] low and high boundaries for proper pairs: (1, 854)
[M::mem_pestat] skip orientation RF as there are not enough pairs
[M::mem_pestat] skip orientation RR as there are not enough pairs
[0000] 10. Calling kt_for - worker_sam
	[0000][ M::mem_process_seqs] Processed 529802 reads in 1123.211 CPU sec, 142.556 real sec
[0000] 2. Calling mem_process_seqs.., task: 136
[0000] 3. Calling kt_for - worker_bwt
[0000] read_chunk: 80000000, work_chunk_size: 80000102, nseq: 529802
	[0000][ M::kt_pipeline] read 529802 sequences (80000102 bp)...
[0000] 3. Calling kt_for - worker_aln
Inferring insert size distribution from data, l_pac: 2069526396, n: 529802
[M::mem_pestat] # candidate unique pairs for (FF, FR, RF, RR): (3, 56679, 8, 4)
[M::mem_pestat] skip orientation FF as there are not enough pairs
[M::mem_pestat] analyzing insert size distribution for orientation FR...
[M::mem_pestat] (25, 50, 75) percentile: (222, 288, 380)
[M::mem_pestat] low and high boundaries for computing mean and std.dev: (1, 696)
[M::mem_pestat] mean and std.dev: (308.31, 116.27)
[M::mem_pestat] low and high boundaries for proper pairs: (1, 854)
[M::mem_pestat] skip orientation RF as there are not enough pairs
[M::mem_pestat] skip orientation RR as there are not enough pairs
[0000] 10. Calling kt_for - worker_sam
	[0000][ M::mem_process_seqs] Processed 529802 reads in 1120.895 CPU sec, 142.681 real sec
[0000] 2. Calling mem_process_seqs.., task: 137
[0000] 3. Calling kt_for - worker_bwt
[0000] read_chunk: 80000000, work_chunk_size: 80000102, nseq: 529802
	[0000][ M::kt_pipeline] read 529802 sequences (80000102 bp)...
[0000] 3. Calling kt_for - worker_aln
Inferring insert size distribution from data, l_pac: 2069526396, n: 529802
[M::mem_pestat] # candidate unique pairs for (FF, FR, RF, RR): (1, 56389, 10, 5)
[M::mem_pestat] skip orientation FF as there are not enough pairs
[M::mem_pestat] analyzing insert size distribution for orientation FR...
[M::mem_pestat] (25, 50, 75) percentile: (223, 289, 381)
[M::mem_pestat] low and high boundaries for computing mean and std.dev: (1, 697)
[M::mem_pestat] mean and std.dev: (308.38, 115.72)
[M::mem_pestat] low and high boundaries for proper pairs: (1, 855)
[M::mem_pestat] analyzing insert size distribution for orientation RF...
[M::mem_pestat] (25, 50, 75) percentile: (256, 2600, 4949)
[M::mem_pestat] low and high boundaries for computing mean and std.dev: (1, 14335)
[M::mem_pestat] mean and std.dev: (3042.60, 2872.85)
[M::mem_pestat] low and high boundaries for proper pairs: (1, 19028)
[M::mem_pestat] skip orientation RR as there are not enough pairs
[M::mem_pestat] skip orientation RF
[0000] 10. Calling kt_for - worker_sam
	[0000][ M::mem_process_seqs] Processed 529802 reads in 1127.299 CPU sec, 143.230 real sec
[0000] 2. Calling mem_process_seqs.., task: 138
[0000] 3. Calling kt_for - worker_bwt
[0000] read_chunk: 80000000, work_chunk_size: 80000102, nseq: 529802
	[0000][ M::kt_pipeline] read 529802 sequences (80000102 bp)...
[0000] 3. Calling kt_for - worker_aln
Inferring insert size distribution from data, l_pac: 2069526396, n: 529802
[M::mem_pestat] # candidate unique pairs for (FF, FR, RF, RR): (3, 56433, 11, 1)
[M::mem_pestat] skip orientation FF as there are not enough pairs
[M::mem_pestat] analyzing insert size distribution for orientation FR...
[M::mem_pestat] (25, 50, 75) percentile: (222, 289, 379)
[M::mem_pestat] low and high boundaries for computing mean and std.dev: (1, 693)
[M::mem_pestat] mean and std.dev: (307.94, 115.76)
[M::mem_pestat] low and high boundaries for proper pairs: (1, 850)
[M::mem_pestat] analyzing insert size distribution for orientation RF...
[M::mem_pestat] (25, 50, 75) percentile: (247, 1034, 9048)
[M::mem_pestat] low and high boundaries for computing mean and std.dev: (1, 26650)
[M::mem_pestat] mean and std.dev: (2916.55, 3922.26)
[M::mem_pestat] low and high boundaries for proper pairs: (1, 35451)
[M::mem_pestat] skip orientation RR as there are not enough pairs
[M::mem_pestat] skip orientation RF
[0000] 10. Calling kt_for - worker_sam
	[0000][ M::mem_process_seqs] Processed 529802 reads in 1136.667 CPU sec, 144.595 real sec
[0000] 2. Calling mem_process_seqs.., task: 139
[0000] 3. Calling kt_for - worker_bwt
[0000] read_chunk: 80000000, work_chunk_size: 80000102, nseq: 529802
	[0000][ M::kt_pipeline] read 529802 sequences (80000102 bp)...
[0000] 3. Calling kt_for - worker_aln
Inferring insert size distribution from data, l_pac: 2069526396, n: 529802
[M::mem_pestat] # candidate unique pairs for (FF, FR, RF, RR): (3, 56467, 7, 1)
[M::mem_pestat] skip orientation FF as there are not enough pairs
[M::mem_pestat] analyzing insert size distribution for orientation FR...
[M::mem_pestat] (25, 50, 75) percentile: (222, 288, 380)
[M::mem_pestat] low and high boundaries for computing mean and std.dev: (1, 696)
[M::mem_pestat] mean and std.dev: (308.27, 116.23)
[M::mem_pestat] low and high boundaries for proper pairs: (1, 854)
[M::mem_pestat] skip orientation RF as there are not enough pairs
[M::mem_pestat] skip orientation RR as there are not enough pairs
[0000] 10. Calling kt_for - worker_sam
	[0000][ M::mem_process_seqs] Processed 529802 reads in 1113.003 CPU sec, 141.379 real sec
[0000] 2. Calling mem_process_seqs.., task: 140
[0000] 3. Calling kt_for - worker_bwt
[0000] read_chunk: 80000000, work_chunk_size: 80000102, nseq: 529802
	[0000][ M::kt_pipeline] read 529802 sequences (80000102 bp)...
[0000] 3. Calling kt_for - worker_aln
Inferring insert size distribution from data, l_pac: 2069526396, n: 529802
[M::mem_pestat] # candidate unique pairs for (FF, FR, RF, RR): (1, 56471, 11, 2)
[M::mem_pestat] skip orientation FF as there are not enough pairs
[M::mem_pestat] analyzing insert size distribution for orientation FR...
[M::mem_pestat] (25, 50, 75) percentile: (222, 287, 381)
[M::mem_pestat] low and high boundaries for computing mean and std.dev: (1, 699)
[M::mem_pestat] mean and std.dev: (307.90, 116.24)
[M::mem_pestat] low and high boundaries for proper pairs: (1, 858)
[M::mem_pestat] analyzing insert size distribution for orientation RF...
[M::mem_pestat] (25, 50, 75) percentile: (224, 743, 6308)
[M::mem_pestat] low and high boundaries for computing mean and std.dev: (1, 18476)
[M::mem_pestat] mean and std.dev: (2465.73, 2670.35)
[M::mem_pestat] low and high boundaries for proper pairs: (1, 24560)
[M::mem_pestat] skip orientation RR as there are not enough pairs
[M::mem_pestat] skip orientation RF
[0000] 10. Calling kt_for - worker_sam
	[0000][ M::mem_process_seqs] Processed 529802 reads in 1083.901 CPU sec, 137.644 real sec
[0000] 2. Calling mem_process_seqs.., task: 141
[0000] 3. Calling kt_for - worker_bwt
[0000] read_chunk: 80000000, work_chunk_size: 80000102, nseq: 529802
	[0000][ M::kt_pipeline] read 529802 sequences (80000102 bp)...
[0000] 3. Calling kt_for - worker_aln
Inferring insert size distribution from data, l_pac: 2069526396, n: 529802
[M::mem_pestat] # candidate unique pairs for (FF, FR, RF, RR): (0, 56089, 3, 2)
[M::mem_pestat] skip orientation FF as there are not enough pairs
[M::mem_pestat] analyzing insert size distribution for orientation FR...
[M::mem_pestat] (25, 50, 75) percentile: (223, 289, 381)
[M::mem_pestat] low and high boundaries for computing mean and std.dev: (1, 697)
[M::mem_pestat] mean and std.dev: (308.73, 116.09)
[M::mem_pestat] low and high boundaries for proper pairs: (1, 855)
[M::mem_pestat] skip orientation RF as there are not enough pairs
[M::mem_pestat] skip orientation RR as there are not enough pairs
[0000] 10. Calling kt_for - worker_sam
	[0000][ M::mem_process_seqs] Processed 529802 reads in 1112.969 CPU sec, 141.180 real sec
[0000] 2. Calling mem_process_seqs.., task: 142
[0000] 3. Calling kt_for - worker_bwt
[0000] read_chunk: 80000000, work_chunk_size: 80000102, nseq: 529802
	[0000][ M::kt_pipeline] read 529802 sequences (80000102 bp)...
[0000] 3. Calling kt_for - worker_aln
Inferring insert size distribution from data, l_pac: 2069526396, n: 529802
[M::mem_pestat] # candidate unique pairs for (FF, FR, RF, RR): (4, 56101, 5, 2)
[M::mem_pestat] skip orientation FF as there are not enough pairs
[M::mem_pestat] analyzing insert size distribution for orientation FR...
[M::mem_pestat] (25, 50, 75) percentile: (223, 291, 382)
[M::mem_pestat] low and high boundaries for computing mean and std.dev: (1, 700)
[M::mem_pestat] mean and std.dev: (310.20, 116.93)
[M::mem_pestat] low and high boundaries for proper pairs: (1, 859)
[M::mem_pestat] skip orientation RF as there are not enough pairs
[M::mem_pestat] skip orientation RR as there are not enough pairs
[0000] 10. Calling kt_for - worker_sam
	[0000][ M::mem_process_seqs] Processed 529802 reads in 1116.435 CPU sec, 141.561 real sec
[0000] 2. Calling mem_process_seqs.., task: 143
[0000] 3. Calling kt_for - worker_bwt
[0000] read_chunk: 80000000, work_chunk_size: 80000102, nseq: 529802
	[0000][ M::kt_pipeline] read 529802 sequences (80000102 bp)...
[0000] 3. Calling kt_for - worker_aln
Inferring insert size distribution from data, l_pac: 2069526396, n: 529802
[M::mem_pestat] # candidate unique pairs for (FF, FR, RF, RR): (6, 55902, 15, 2)
[M::mem_pestat] skip orientation FF as there are not enough pairs
[M::mem_pestat] analyzing insert size distribution for orientation FR...
[M::mem_pestat] (25, 50, 75) percentile: (223, 289, 380)
[M::mem_pestat] low and high boundaries for computing mean and std.dev: (1, 694)
[M::mem_pestat] mean and std.dev: (308.57, 115.57)
[M::mem_pestat] low and high boundaries for proper pairs: (1, 851)
[M::mem_pestat] analyzing insert size distribution for orientation RF...
[M::mem_pestat] (25, 50, 75) percentile: (715, 1664, 6200)
[M::mem_pestat] low and high boundaries for computing mean and std.dev: (1, 17170)
[M::mem_pestat] mean and std.dev: (3014.93, 2988.79)
[M::mem_pestat] low and high boundaries for proper pairs: (1, 22655)
[M::mem_pestat] skip orientation RR as there are not enough pairs
[M::mem_pestat] skip orientation RF
[0000] 10. Calling kt_for - worker_sam
	[0000][ M::mem_process_seqs] Processed 529802 reads in 1095.835 CPU sec, 138.582 real sec
[0000] 2. Calling mem_process_seqs.., task: 144
[0000] 3. Calling kt_for - worker_bwt
[0000] read_chunk: 80000000, work_chunk_size: 80000102, nseq: 529802
	[0000][ M::kt_pipeline] read 529802 sequences (80000102 bp)...
[0000] 3. Calling kt_for - worker_aln
Inferring insert size distribution from data, l_pac: 2069526396, n: 529802
[M::mem_pestat] # candidate unique pairs for (FF, FR, RF, RR): (2, 56275, 6, 1)
[M::mem_pestat] skip orientation FF as there are not enough pairs
[M::mem_pestat] analyzing insert size distribution for orientation FR...
[M::mem_pestat] (25, 50, 75) percentile: (223, 290, 381)
[M::mem_pestat] low and high boundaries for computing mean and std.dev: (1, 697)
[M::mem_pestat] mean and std.dev: (309.13, 115.43)
[M::mem_pestat] low and high boundaries for proper pairs: (1, 855)
[M::mem_pestat] skip orientation RF as there are not enough pairs
[M::mem_pestat] skip orientation RR as there are not enough pairs
[0000] 10. Calling kt_for - worker_sam
	[0000][ M::mem_process_seqs] Processed 529802 reads in 1116.464 CPU sec, 141.963 real sec
[0000] 2. Calling mem_process_seqs.., task: 145
[0000] 3. Calling kt_for - worker_bwt
[0000] read_chunk: 80000000, work_chunk_size: 80000102, nseq: 529802
	[0000][ M::kt_pipeline] read 529802 sequences (80000102 bp)...
[0000] 3. Calling kt_for - worker_aln
Inferring insert size distribution from data, l_pac: 2069526396, n: 529802
[M::mem_pestat] # candidate unique pairs for (FF, FR, RF, RR): (4, 56272, 5, 1)
[M::mem_pestat] skip orientation FF as there are not enough pairs
[M::mem_pestat] analyzing insert size distribution for orientation FR...
[M::mem_pestat] (25, 50, 75) percentile: (223, 291, 382)
[M::mem_pestat] low and high boundaries for computing mean and std.dev: (1, 700)
[M::mem_pestat] mean and std.dev: (309.95, 116.70)
[M::mem_pestat] low and high boundaries for proper pairs: (1, 859)
[M::mem_pestat] skip orientation RF as there are not enough pairs
[M::mem_pestat] skip orientation RR as there are not enough pairs
[0000] 10. Calling kt_for - worker_sam
	[0000][ M::mem_process_seqs] Processed 529802 reads in 1106.954 CPU sec, 140.577 real sec
[0000] 2. Calling mem_process_seqs.., task: 146
[0000] 3. Calling kt_for - worker_bwt
[0000] read_chunk: 80000000, work_chunk_size: 80000102, nseq: 529802
	[0000][ M::kt_pipeline] read 529802 sequences (80000102 bp)...
[0000] 3. Calling kt_for - worker_aln
Inferring insert size distribution from data, l_pac: 2069526396, n: 529802
[M::mem_pestat] # candidate unique pairs for (FF, FR, RF, RR): (2, 56282, 11, 2)
[M::mem_pestat] skip orientation FF as there are not enough pairs
[M::mem_pestat] analyzing insert size distribution for orientation FR...
[M::mem_pestat] (25, 50, 75) percentile: (223, 289, 380)
[M::mem_pestat] low and high boundaries for computing mean and std.dev: (1, 694)
[M::mem_pestat] mean and std.dev: (308.61, 115.77)
[M::mem_pestat] low and high boundaries for proper pairs: (1, 851)
[M::mem_pestat] analyzing insert size distribution for orientation RF...
[M::mem_pestat] (25, 50, 75) percentile: (115, 576, 3535)
[M::mem_pestat] low and high boundaries for computing mean and std.dev: (1, 10375)
[M::mem_pestat] mean and std.dev: (1506.18, 2093.07)
[M::mem_pestat] low and high boundaries for proper pairs: (1, 13795)
[M::mem_pestat] skip orientation RR as there are not enough pairs
[M::mem_pestat] skip orientation RF
[0000] 10. Calling kt_for - worker_sam
	[0000][ M::mem_process_seqs] Processed 529802 reads in 1059.153 CPU sec, 134.454 real sec
[0000] 2. Calling mem_process_seqs.., task: 147
[0000] 3. Calling kt_for - worker_bwt
[0000] read_chunk: 80000000, work_chunk_size: 80000102, nseq: 529802
	[0000][ M::kt_pipeline] read 529802 sequences (80000102 bp)...
[0000] 3. Calling kt_for - worker_aln
Inferring insert size distribution from data, l_pac: 2069526396, n: 529802
[M::mem_pestat] # candidate unique pairs for (FF, FR, RF, RR): (2, 55892, 10, 4)
[M::mem_pestat] skip orientation FF as there are not enough pairs
[M::mem_pestat] analyzing insert size distribution for orientation FR...
[M::mem_pestat] (25, 50, 75) percentile: (223, 290, 381)
[M::mem_pestat] low and high boundaries for computing mean and std.dev: (1, 697)
[M::mem_pestat] mean and std.dev: (309.45, 116.05)
[M::mem_pestat] low and high boundaries for proper pairs: (1, 855)
[M::mem_pestat] analyzing insert size distribution for orientation RF...
[M::mem_pestat] (25, 50, 75) percentile: (632, 4034, 7162)
[M::mem_pestat] low and high boundaries for computing mean and std.dev: (1, 20222)
[M::mem_pestat] mean and std.dev: (4157.10, 3150.83)
[M::mem_pestat] low and high boundaries for proper pairs: (1, 26752)
[M::mem_pestat] skip orientation RR as there are not enough pairs
[M::mem_pestat] skip orientation RF
[0000] 10. Calling kt_for - worker_sam
	[0000][ M::mem_process_seqs] Processed 529802 reads in 1071.271 CPU sec, 135.837 real sec
[0000] 2. Calling mem_process_seqs.., task: 148
[0000] 3. Calling kt_for - worker_bwt
[0000] read_chunk: 80000000, work_chunk_size: 80000102, nseq: 529802
	[0000][ M::kt_pipeline] read 529802 sequences (80000102 bp)...
[0000] 3. Calling kt_for - worker_aln
Inferring insert size distribution from data, l_pac: 2069526396, n: 529802
[M::mem_pestat] # candidate unique pairs for (FF, FR, RF, RR): (9, 56414, 12, 2)
[M::mem_pestat] skip orientation FF as there are not enough pairs
[M::mem_pestat] analyzing insert size distribution for orientation FR...
[M::mem_pestat] (25, 50, 75) percentile: (224, 291, 381)
[M::mem_pestat] low and high boundaries for computing mean and std.dev: (1, 695)
[M::mem_pestat] mean and std.dev: (309.90, 116.26)
[M::mem_pestat] low and high boundaries for proper pairs: (1, 852)
[M::mem_pestat] analyzing insert size distribution for orientation RF...
[M::mem_pestat] (25, 50, 75) percentile: (710, 1928, 3030)
[M::mem_pestat] low and high boundaries for computing mean and std.dev: (1, 7670)
[M::mem_pestat] mean and std.dev: (2155.50, 1932.19)
[M::mem_pestat] low and high boundaries for proper pairs: (1, 9990)
[M::mem_pestat] skip orientation RR as there are not enough pairs
[M::mem_pestat] skip orientation RF
[0000] 10. Calling kt_for - worker_sam
	[0000][ M::mem_process_seqs] Processed 529802 reads in 1143.837 CPU sec, 145.412 real sec
[0000] 2. Calling mem_process_seqs.., task: 149
[0000] 3. Calling kt_for - worker_bwt
[0000] read_chunk: 80000000, work_chunk_size: 80000102, nseq: 529802
	[0000][ M::kt_pipeline] read 529802 sequences (80000102 bp)...
[0000] 3. Calling kt_for - worker_aln
Inferring insert size distribution from data, l_pac: 2069526396, n: 529802
[M::mem_pestat] # candidate unique pairs for (FF, FR, RF, RR): (4, 56261, 6, 3)
[M::mem_pestat] skip orientation FF as there are not enough pairs
[M::mem_pestat] analyzing insert size distribution for orientation FR...
[M::mem_pestat] (25, 50, 75) percentile: (222, 290, 381)
[M::mem_pestat] low and high boundaries for computing mean and std.dev: (1, 699)
[M::mem_pestat] mean and std.dev: (309.00, 116.51)
[M::mem_pestat] low and high boundaries for proper pairs: (1, 858)
[M::mem_pestat] skip orientation RF as there are not enough pairs
[M::mem_pestat] skip orientation RR as there are not enough pairs
[0000] 10. Calling kt_for - worker_sam
	[0000][ M::mem_process_seqs] Processed 529802 reads in 1118.376 CPU sec, 142.257 real sec
[0000] 2. Calling mem_process_seqs.., task: 150
[0000] 3. Calling kt_for - worker_bwt
[0000] read_chunk: 80000000, work_chunk_size: 80000102, nseq: 529802
	[0000][ M::kt_pipeline] read 529802 sequences (80000102 bp)...
[0000] 3. Calling kt_for - worker_aln
Inferring insert size distribution from data, l_pac: 2069526396, n: 529802
[M::mem_pestat] # candidate unique pairs for (FF, FR, RF, RR): (4, 56550, 8, 4)
[M::mem_pestat] skip orientation FF as there are not enough pairs
[M::mem_pestat] analyzing insert size distribution for orientation FR...
[M::mem_pestat] (25, 50, 75) percentile: (223, 289, 380)
[M::mem_pestat] low and high boundaries for computing mean and std.dev: (1, 694)
[M::mem_pestat] mean and std.dev: (308.76, 115.56)
[M::mem_pestat] low and high boundaries for proper pairs: (1, 851)
[M::mem_pestat] skip orientation RF as there are not enough pairs
[M::mem_pestat] skip orientation RR as there are not enough pairs
[0000] 10. Calling kt_for - worker_sam
	[0000][ M::mem_process_seqs] Processed 529802 reads in 1131.001 CPU sec, 143.546 real sec
[0000] 2. Calling mem_process_seqs.., task: 151
[0000] 3. Calling kt_for - worker_bwt
[0000] read_chunk: 80000000, work_chunk_size: 80000102, nseq: 529802
	[0000][ M::kt_pipeline] read 529802 sequences (80000102 bp)...
[0000] 3. Calling kt_for - worker_aln
Inferring insert size distribution from data, l_pac: 2069526396, n: 529802
[M::mem_pestat] # candidate unique pairs for (FF, FR, RF, RR): (2, 56396, 7, 4)
[M::mem_pestat] skip orientation FF as there are not enough pairs
[M::mem_pestat] analyzing insert size distribution for orientation FR...
[M::mem_pestat] (25, 50, 75) percentile: (223, 289, 380)
[M::mem_pestat] low and high boundaries for computing mean and std.dev: (1, 694)
[M::mem_pestat] mean and std.dev: (309.03, 115.76)
[M::mem_pestat] low and high boundaries for proper pairs: (1, 851)
[M::mem_pestat] skip orientation RF as there are not enough pairs
[M::mem_pestat] skip orientation RR as there are not enough pairs
[0000] 10. Calling kt_for - worker_sam
	[0000][ M::mem_process_seqs] Processed 529802 reads in 1124.288 CPU sec, 143.045 real sec
[0000] 2. Calling mem_process_seqs.., task: 152
[0000] 3. Calling kt_for - worker_bwt
[0000] read_chunk: 80000000, work_chunk_size: 80000102, nseq: 529802
	[0000][ M::kt_pipeline] read 529802 sequences (80000102 bp)...
[0000] 3. Calling kt_for - worker_aln
Inferring insert size distribution from data, l_pac: 2069526396, n: 529802
[M::mem_pestat] # candidate unique pairs for (FF, FR, RF, RR): (3, 56078, 13, 2)
[M::mem_pestat] skip orientation FF as there are not enough pairs
[M::mem_pestat] analyzing insert size distribution for orientation FR...
[M::mem_pestat] (25, 50, 75) percentile: (223, 289, 379)
[M::mem_pestat] low and high boundaries for computing mean and std.dev: (1, 691)
[M::mem_pestat] mean and std.dev: (307.98, 114.96)
[M::mem_pestat] low and high boundaries for proper pairs: (1, 847)
[M::mem_pestat] analyzing insert size distribution for orientation RF...
[M::mem_pestat] (25, 50, 75) percentile: (284, 729, 5072)
[M::mem_pestat] low and high boundaries for computing mean and std.dev: (1, 14648)
[M::mem_pestat] mean and std.dev: (2297.31, 2542.22)
[M::mem_pestat] low and high boundaries for proper pairs: (1, 19436)
[M::mem_pestat] skip orientation RR as there are not enough pairs
[M::mem_pestat] skip orientation RF
[0000] 10. Calling kt_for - worker_sam
	[0000][ M::mem_process_seqs] Processed 529802 reads in 1126.450 CPU sec, 143.273 real sec
[0000] 2. Calling mem_process_seqs.., task: 153
[0000] 3. Calling kt_for - worker_bwt
[0000] read_chunk: 80000000, work_chunk_size: 80000102, nseq: 529802
	[0000][ M::kt_pipeline] read 529802 sequences (80000102 bp)...
[0000] 3. Calling kt_for - worker_aln
Inferring insert size distribution from data, l_pac: 2069526396, n: 529802
[M::mem_pestat] # candidate unique pairs for (FF, FR, RF, RR): (3, 56409, 3, 6)
[M::mem_pestat] skip orientation FF as there are not enough pairs
[M::mem_pestat] analyzing insert size distribution for orientation FR...
[M::mem_pestat] (25, 50, 75) percentile: (222, 288, 380)
[M::mem_pestat] low and high boundaries for computing mean and std.dev: (1, 696)
[M::mem_pestat] mean and std.dev: (307.67, 115.42)
[M::mem_pestat] low and high boundaries for proper pairs: (1, 854)
[M::mem_pestat] skip orientation RF as there are not enough pairs
[M::mem_pestat] skip orientation RR as there are not enough pairs
[0000] 10. Calling kt_for - worker_sam
	[0000][ M::mem_process_seqs] Processed 529802 reads in 1116.562 CPU sec, 141.629 real sec
[0000] 2. Calling mem_process_seqs.., task: 154
[0000] 3. Calling kt_for - worker_bwt
[0000] read_chunk: 80000000, work_chunk_size: 80000102, nseq: 529802
	[0000][ M::kt_pipeline] read 529802 sequences (80000102 bp)...
[0000] 3. Calling kt_for - worker_aln
Inferring insert size distribution from data, l_pac: 2069526396, n: 529802
[M::mem_pestat] # candidate unique pairs for (FF, FR, RF, RR): (2, 56542, 10, 6)
[M::mem_pestat] skip orientation FF as there are not enough pairs
[M::mem_pestat] analyzing insert size distribution for orientation FR...
[M::mem_pestat] (25, 50, 75) percentile: (223, 289, 380)
[M::mem_pestat] low and high boundaries for computing mean and std.dev: (1, 694)
[M::mem_pestat] mean and std.dev: (309.01, 115.72)
[M::mem_pestat] low and high boundaries for proper pairs: (1, 851)
[M::mem_pestat] analyzing insert size distribution for orientation RF...
[M::mem_pestat] (25, 50, 75) percentile: (104, 613, 1820)
[M::mem_pestat] low and high boundaries for computing mean and std.dev: (1, 5252)
[M::mem_pestat] mean and std.dev: (917.44, 1149.92)
[M::mem_pestat] low and high boundaries for proper pairs: (1, 6968)
[M::mem_pestat] skip orientation RR as there are not enough pairs
[M::mem_pestat] skip orientation RF
[0000] 10. Calling kt_for - worker_sam
	[0000][ M::mem_process_seqs] Processed 529802 reads in 1140.285 CPU sec, 145.012 real sec
[0000] 2. Calling mem_process_seqs.., task: 155
[0000] 3. Calling kt_for - worker_bwt
[0000] read_chunk: 80000000, work_chunk_size: 80000102, nseq: 529802
	[0000][ M::kt_pipeline] read 529802 sequences (80000102 bp)...
[0000] 3. Calling kt_for - worker_aln
Inferring insert size distribution from data, l_pac: 2069526396, n: 529802
[M::mem_pestat] # candidate unique pairs for (FF, FR, RF, RR): (0, 56168, 9, 2)
[M::mem_pestat] skip orientation FF as there are not enough pairs
[M::mem_pestat] analyzing insert size distribution for orientation FR...
[M::mem_pestat] (25, 50, 75) percentile: (222, 288, 378)
[M::mem_pestat] low and high boundaries for computing mean and std.dev: (1, 690)
[M::mem_pestat] mean and std.dev: (307.09, 114.27)
[M::mem_pestat] low and high boundaries for proper pairs: (1, 846)
[M::mem_pestat] skip orientation RF as there are not enough pairs
[M::mem_pestat] skip orientation RR as there are not enough pairs
[0000] 10. Calling kt_for - worker_sam
	[0000][ M::mem_process_seqs] Processed 529802 reads in 1120.949 CPU sec, 142.508 real sec
[0000] 2. Calling mem_process_seqs.., task: 156
[0000] 3. Calling kt_for - worker_bwt
[0000] read_chunk: 80000000, work_chunk_size: 80000102, nseq: 529802
	[0000][ M::kt_pipeline] read 529802 sequences (80000102 bp)...
[0000] 3. Calling kt_for - worker_aln
Inferring insert size distribution from data, l_pac: 2069526396, n: 529802
[M::mem_pestat] # candidate unique pairs for (FF, FR, RF, RR): (3, 56659, 13, 3)
[M::mem_pestat] skip orientation FF as there are not enough pairs
[M::mem_pestat] analyzing insert size distribution for orientation FR...
[M::mem_pestat] (25, 50, 75) percentile: (222, 289, 379)
[M::mem_pestat] low and high boundaries for computing mean and std.dev: (1, 693)
[M::mem_pestat] mean and std.dev: (307.71, 115.05)
[M::mem_pestat] low and high boundaries for proper pairs: (1, 850)
[M::mem_pestat] analyzing insert size distribution for orientation RF...
[M::mem_pestat] (25, 50, 75) percentile: (331, 1200, 1869)
[M::mem_pestat] low and high boundaries for computing mean and std.dev: (1, 4945)
[M::mem_pestat] mean and std.dev: (994.08, 995.28)
[M::mem_pestat] low and high boundaries for proper pairs: (1, 6483)
[M::mem_pestat] skip orientation RR as there are not enough pairs
[M::mem_pestat] skip orientation RF
[0000] 10. Calling kt_for - worker_sam
	[0000][ M::mem_process_seqs] Processed 529802 reads in 1124.674 CPU sec, 142.778 real sec
[0000] 2. Calling mem_process_seqs.., task: 157
[0000] 3. Calling kt_for - worker_bwt
[0000] read_chunk: 80000000, work_chunk_size: 80000102, nseq: 529802
	[0000][ M::kt_pipeline] read 529802 sequences (80000102 bp)...
[0000] 3. Calling kt_for - worker_aln
Inferring insert size distribution from data, l_pac: 2069526396, n: 529802
[M::mem_pestat] # candidate unique pairs for (FF, FR, RF, RR): (5, 56334, 9, 4)
[M::mem_pestat] skip orientation FF as there are not enough pairs
[M::mem_pestat] analyzing insert size distribution for orientation FR...
[M::mem_pestat] (25, 50, 75) percentile: (221, 287, 378)
[M::mem_pestat] low and high boundaries for computing mean and std.dev: (1, 692)
[M::mem_pestat] mean and std.dev: (306.71, 114.77)
[M::mem_pestat] low and high boundaries for proper pairs: (1, 849)
[M::mem_pestat] skip orientation RF as there are not enough pairs
[M::mem_pestat] skip orientation RR as there are not enough pairs
[0000] 10. Calling kt_for - worker_sam
	[0000][ M::mem_process_seqs] Processed 529802 reads in 1098.537 CPU sec, 139.597 real sec
[0000] 2. Calling mem_process_seqs.., task: 158
[0000] 3. Calling kt_for - worker_bwt
[0000] read_chunk: 80000000, work_chunk_size: 80000102, nseq: 529802
	[0000][ M::kt_pipeline] read 529802 sequences (80000102 bp)...
[0000] 3. Calling kt_for - worker_aln
Inferring insert size distribution from data, l_pac: 2069526396, n: 529802
[M::mem_pestat] # candidate unique pairs for (FF, FR, RF, RR): (3, 56064, 10, 1)
[M::mem_pestat] skip orientation FF as there are not enough pairs
[M::mem_pestat] analyzing insert size distribution for orientation FR...
[M::mem_pestat] (25, 50, 75) percentile: (222, 288, 379)
[M::mem_pestat] low and high boundaries for computing mean and std.dev: (1, 693)
[M::mem_pestat] mean and std.dev: (307.00, 114.97)
[M::mem_pestat] low and high boundaries for proper pairs: (1, 850)
[M::mem_pestat] analyzing insert size distribution for orientation RF...
[M::mem_pestat] (25, 50, 75) percentile: (105, 2266, 4873)
[M::mem_pestat] low and high boundaries for computing mean and std.dev: (1, 14409)
[M::mem_pestat] mean and std.dev: (2854.10, 2676.34)
[M::mem_pestat] low and high boundaries for proper pairs: (1, 19177)
[M::mem_pestat] skip orientation RR as there are not enough pairs
[M::mem_pestat] skip orientation RF
[0000] 10. Calling kt_for - worker_sam
	[0000][ M::mem_process_seqs] Processed 529802 reads in 1117.087 CPU sec, 142.062 real sec
[0000] 2. Calling mem_process_seqs.., task: 159
[0000] 3. Calling kt_for - worker_bwt
[0000] read_chunk: 80000000, work_chunk_size: 80000102, nseq: 529802
	[0000][ M::kt_pipeline] read 529802 sequences (80000102 bp)...
[0000] 3. Calling kt_for - worker_aln
Inferring insert size distribution from data, l_pac: 2069526396, n: 529802
[M::mem_pestat] # candidate unique pairs for (FF, FR, RF, RR): (0, 55803, 7, 1)
[M::mem_pestat] skip orientation FF as there are not enough pairs
[M::mem_pestat] analyzing insert size distribution for orientation FR...
[M::mem_pestat] (25, 50, 75) percentile: (222, 289, 379)
[M::mem_pestat] low and high boundaries for computing mean and std.dev: (1, 693)
[M::mem_pestat] mean and std.dev: (307.60, 115.22)
[M::mem_pestat] low and high boundaries for proper pairs: (1, 850)
[M::mem_pestat] skip orientation RF as there are not enough pairs
[M::mem_pestat] skip orientation RR as there are not enough pairs
[0000] 10. Calling kt_for - worker_sam
	[0000][ M::mem_process_seqs] Processed 529802 reads in 1090.758 CPU sec, 138.473 real sec
[0000] 2. Calling mem_process_seqs.., task: 160
[0000] 3. Calling kt_for - worker_bwt
[0000] read_chunk: 80000000, work_chunk_size: 80000102, nseq: 529802
	[0000][ M::kt_pipeline] read 529802 sequences (80000102 bp)...
[0000] 3. Calling kt_for - worker_aln
Inferring insert size distribution from data, l_pac: 2069526396, n: 529802
[M::mem_pestat] # candidate unique pairs for (FF, FR, RF, RR): (3, 56457, 12, 1)
[M::mem_pestat] skip orientation FF as there are not enough pairs
[M::mem_pestat] analyzing insert size distribution for orientation FR...
[M::mem_pestat] (25, 50, 75) percentile: (223, 290, 381)
[M::mem_pestat] low and high boundaries for computing mean and std.dev: (1, 697)
[M::mem_pestat] mean and std.dev: (308.79, 115.66)
[M::mem_pestat] low and high boundaries for proper pairs: (1, 855)
[M::mem_pestat] analyzing insert size distribution for orientation RF...
[M::mem_pestat] (25, 50, 75) percentile: (97, 1360, 9834)
[M::mem_pestat] low and high boundaries for computing mean and std.dev: (1, 29308)
[M::mem_pestat] mean and std.dev: (3245.00, 4002.66)
[M::mem_pestat] low and high boundaries for proper pairs: (1, 39045)
[M::mem_pestat] skip orientation RR as there are not enough pairs
[M::mem_pestat] skip orientation RF
[0000] 10. Calling kt_for - worker_sam
	[0000][ M::mem_process_seqs] Processed 529802 reads in 1066.722 CPU sec, 135.274 real sec
[0000] 2. Calling mem_process_seqs.., task: 161
[0000] 3. Calling kt_for - worker_bwt
[0000] read_chunk: 80000000, work_chunk_size: 80000102, nseq: 529802
	[0000][ M::kt_pipeline] read 529802 sequences (80000102 bp)...
[0000] 3. Calling kt_for - worker_aln
Inferring insert size distribution from data, l_pac: 2069526396, n: 529802
[M::mem_pestat] # candidate unique pairs for (FF, FR, RF, RR): (1, 56556, 10, 2)
[M::mem_pestat] skip orientation FF as there are not enough pairs
[M::mem_pestat] analyzing insert size distribution for orientation FR...
[M::mem_pestat] (25, 50, 75) percentile: (223, 289, 379)
[M::mem_pestat] low and high boundaries for computing mean and std.dev: (1, 691)
[M::mem_pestat] mean and std.dev: (308.22, 114.98)
[M::mem_pestat] low and high boundaries for proper pairs: (1, 847)
[M::mem_pestat] analyzing insert size distribution for orientation RF...
[M::mem_pestat] (25, 50, 75) percentile: (275, 1552, 5619)
[M::mem_pestat] low and high boundaries for computing mean and std.dev: (1, 16307)
[M::mem_pestat] mean and std.dev: (3030.90, 3192.21)
[M::mem_pestat] low and high boundaries for proper pairs: (1, 21651)
[M::mem_pestat] skip orientation RR as there are not enough pairs
[M::mem_pestat] skip orientation RF
[0000] 10. Calling kt_for - worker_sam
	[0000][ M::mem_process_seqs] Processed 529802 reads in 1048.434 CPU sec, 132.913 real sec
[0000] 2. Calling mem_process_seqs.., task: 162
[0000] 3. Calling kt_for - worker_bwt
[0000] read_chunk: 80000000, work_chunk_size: 80000102, nseq: 529802
	[0000][ M::kt_pipeline] read 529802 sequences (80000102 bp)...
[0000] 3. Calling kt_for - worker_aln
Inferring insert size distribution from data, l_pac: 2069526396, n: 529802
[M::mem_pestat] # candidate unique pairs for (FF, FR, RF, RR): (9, 56065, 7, 5)
[M::mem_pestat] skip orientation FF as there are not enough pairs
[M::mem_pestat] analyzing insert size distribution for orientation FR...
[M::mem_pestat] (25, 50, 75) percentile: (222, 290, 381)
[M::mem_pestat] low and high boundaries for computing mean and std.dev: (1, 699)
[M::mem_pestat] mean and std.dev: (309.09, 116.39)
[M::mem_pestat] low and high boundaries for proper pairs: (1, 858)
[M::mem_pestat] skip orientation RF as there are not enough pairs
[M::mem_pestat] skip orientation RR as there are not enough pairs
[0000] 10. Calling kt_for - worker_sam
	[0000][ M::mem_process_seqs] Processed 529802 reads in 1043.243 CPU sec, 132.256 real sec
[0000] 2. Calling mem_process_seqs.., task: 163
[0000] 3. Calling kt_for - worker_bwt
[0000] read_chunk: 80000000, work_chunk_size: 80000102, nseq: 529802
	[0000][ M::kt_pipeline] read 529802 sequences (80000102 bp)...
[0000] 3. Calling kt_for - worker_aln
Inferring insert size distribution from data, l_pac: 2069526396, n: 529802
[M::mem_pestat] # candidate unique pairs for (FF, FR, RF, RR): (6, 56655, 6, 3)
[M::mem_pestat] skip orientation FF as there are not enough pairs
[M::mem_pestat] analyzing insert size distribution for orientation FR...
[M::mem_pestat] (25, 50, 75) percentile: (222, 290, 380)
[M::mem_pestat] low and high boundaries for computing mean and std.dev: (1, 696)
[M::mem_pestat] mean and std.dev: (308.30, 115.94)
[M::mem_pestat] low and high boundaries for proper pairs: (1, 854)
[M::mem_pestat] skip orientation RF as there are not enough pairs
[M::mem_pestat] skip orientation RR as there are not enough pairs
[0000] 10. Calling kt_for - worker_sam
	[0000][ M::mem_process_seqs] Processed 529802 reads in 989.436 CPU sec, 125.088 real sec
[0000] 2. Calling mem_process_seqs.., task: 164
[0000] 3. Calling kt_for - worker_bwt
[0000] read_chunk: 80000000, work_chunk_size: 80000102, nseq: 529802
	[0000][ M::kt_pipeline] read 529802 sequences (80000102 bp)...
[0000] 3. Calling kt_for - worker_aln
Inferring insert size distribution from data, l_pac: 2069526396, n: 529802
[M::mem_pestat] # candidate unique pairs for (FF, FR, RF, RR): (3, 56073, 8, 4)
[M::mem_pestat] skip orientation FF as there are not enough pairs
[M::mem_pestat] analyzing insert size distribution for orientation FR...
[M::mem_pestat] (25, 50, 75) percentile: (222, 289, 380)
[M::mem_pestat] low and high boundaries for computing mean and std.dev: (1, 696)
[M::mem_pestat] mean and std.dev: (308.29, 115.60)
[M::mem_pestat] low and high boundaries for proper pairs: (1, 854)
[M::mem_pestat] skip orientation RF as there are not enough pairs
[M::mem_pestat] skip orientation RR as there are not enough pairs
[0000] 10. Calling kt_for - worker_sam
	[0000][ M::mem_process_seqs] Processed 529802 reads in 1019.814 CPU sec, 129.016 real sec
[0000] 2. Calling mem_process_seqs.., task: 165
[0000] 3. Calling kt_for - worker_bwt
[0000] read_chunk: 80000000, work_chunk_size: 80000102, nseq: 529802
	[0000][ M::kt_pipeline] read 529802 sequences (80000102 bp)...
[0000] 3. Calling kt_for - worker_aln
Inferring insert size distribution from data, l_pac: 2069526396, n: 529802
[M::mem_pestat] # candidate unique pairs for (FF, FR, RF, RR): (3, 56546, 7, 1)
[M::mem_pestat] skip orientation FF as there are not enough pairs
[M::mem_pestat] analyzing insert size distribution for orientation FR...
[M::mem_pestat] (25, 50, 75) percentile: (223, 289, 382)
[M::mem_pestat] low and high boundaries for computing mean and std.dev: (1, 700)
[M::mem_pestat] mean and std.dev: (309.53, 116.80)
[M::mem_pestat] low and high boundaries for proper pairs: (1, 859)
[M::mem_pestat] skip orientation RF as there are not enough pairs
[M::mem_pestat] skip orientation RR as there are not enough pairs
[0000] 10. Calling kt_for - worker_sam
	[0000][ M::mem_process_seqs] Processed 529802 reads in 996.078 CPU sec, 126.295 real sec
[0000] 2. Calling mem_process_seqs.., task: 166
[0000] 3. Calling kt_for - worker_bwt
[0000] read_chunk: 80000000, work_chunk_size: 80000102, nseq: 529802
	[0000][ M::kt_pipeline] read 529802 sequences (80000102 bp)...
[0000] 3. Calling kt_for - worker_aln
Inferring insert size distribution from data, l_pac: 2069526396, n: 529802
[M::mem_pestat] # candidate unique pairs for (FF, FR, RF, RR): (1, 56404, 10, 0)
[M::mem_pestat] skip orientation FF as there are not enough pairs
[M::mem_pestat] analyzing insert size distribution for orientation FR...
[M::mem_pestat] (25, 50, 75) percentile: (223, 289, 381)
[M::mem_pestat] low and high boundaries for computing mean and std.dev: (1, 697)
[M::mem_pestat] mean and std.dev: (309.06, 115.64)
[M::mem_pestat] low and high boundaries for proper pairs: (1, 855)
[M::mem_pestat] analyzing insert size distribution for orientation RF...
[M::mem_pestat] (25, 50, 75) percentile: (159, 1608, 3835)
[M::mem_pestat] low and high boundaries for computing mean and std.dev: (1, 11187)
[M::mem_pestat] mean and std.dev: (1906.30, 1832.23)
[M::mem_pestat] low and high boundaries for proper pairs: (1, 14863)
[M::mem_pestat] skip orientation RR as there are not enough pairs
[M::mem_pestat] skip orientation RF
[0000] 10. Calling kt_for - worker_sam
	[0000][ M::mem_process_seqs] Processed 529802 reads in 986.204 CPU sec, 124.738 real sec
[0000] 2. Calling mem_process_seqs.., task: 167
[0000] 3. Calling kt_for - worker_bwt
[0000] read_chunk: 80000000, work_chunk_size: 80000102, nseq: 529802
	[0000][ M::kt_pipeline] read 529802 sequences (80000102 bp)...
[0000] 3. Calling kt_for - worker_aln
Inferring insert size distribution from data, l_pac: 2069526396, n: 529802
[M::mem_pestat] # candidate unique pairs for (FF, FR, RF, RR): (1, 56998, 5, 2)
[M::mem_pestat] skip orientation FF as there are not enough pairs
[M::mem_pestat] analyzing insert size distribution for orientation FR...
[M::mem_pestat] (25, 50, 75) percentile: (223, 290, 380)
[M::mem_pestat] low and high boundaries for computing mean and std.dev: (1, 694)
[M::mem_pestat] mean and std.dev: (308.90, 115.62)
[M::mem_pestat] low and high boundaries for proper pairs: (1, 851)
[M::mem_pestat] skip orientation RF as there are not enough pairs
[M::mem_pestat] skip orientation RR as there are not enough pairs
[0000] 10. Calling kt_for - worker_sam
	[0000][ M::mem_process_seqs] Processed 529802 reads in 976.275 CPU sec, 123.710 real sec
[0000] 2. Calling mem_process_seqs.., task: 168
[0000] 3. Calling kt_for - worker_bwt
[0000] read_chunk: 80000000, work_chunk_size: 80000102, nseq: 529802
	[0000][ M::kt_pipeline] read 529802 sequences (80000102 bp)...
[0000] 3. Calling kt_for - worker_aln
Inferring insert size distribution from data, l_pac: 2069526396, n: 529802
[M::mem_pestat] # candidate unique pairs for (FF, FR, RF, RR): (1, 56312, 7, 4)
[M::mem_pestat] skip orientation FF as there are not enough pairs
[M::mem_pestat] analyzing insert size distribution for orientation FR...
[M::mem_pestat] (25, 50, 75) percentile: (223, 289, 382)
[M::mem_pestat] low and high boundaries for computing mean and std.dev: (1, 700)
[M::mem_pestat] mean and std.dev: (309.23, 116.49)
[M::mem_pestat] low and high boundaries for proper pairs: (1, 859)
[M::mem_pestat] skip orientation RF as there are not enough pairs
[M::mem_pestat] skip orientation RR as there are not enough pairs
[0000] 10. Calling kt_for - worker_sam
	[0000][ M::mem_process_seqs] Processed 529802 reads in 963.483 CPU sec, 121.731 real sec
[0000] 2. Calling mem_process_seqs.., task: 169
[0000] 3. Calling kt_for - worker_bwt
[0000] read_chunk: 80000000, work_chunk_size: 80000102, nseq: 529802
	[0000][ M::kt_pipeline] read 529802 sequences (80000102 bp)...
[0000] 3. Calling kt_for - worker_aln
Inferring insert size distribution from data, l_pac: 2069526396, n: 529802
[M::mem_pestat] # candidate unique pairs for (FF, FR, RF, RR): (1, 55835, 8, 0)
[M::mem_pestat] skip orientation FF as there are not enough pairs
[M::mem_pestat] analyzing insert size distribution for orientation FR...
[M::mem_pestat] (25, 50, 75) percentile: (222, 289, 381)
[M::mem_pestat] low and high boundaries for computing mean and std.dev: (1, 699)
[M::mem_pestat] mean and std.dev: (308.70, 116.16)
[M::mem_pestat] low and high boundaries for proper pairs: (1, 858)
[M::mem_pestat] skip orientation RF as there are not enough pairs
[M::mem_pestat] skip orientation RR as there are not enough pairs
[0000] 10. Calling kt_for - worker_sam
	[0000][ M::mem_process_seqs] Processed 529802 reads in 974.617 CPU sec, 123.224 real sec
[0000] 2. Calling mem_process_seqs.., task: 170
[0000] 3. Calling kt_for - worker_bwt
[0000] read_chunk: 80000000, work_chunk_size: 80000102, nseq: 529802
	[0000][ M::kt_pipeline] read 529802 sequences (80000102 bp)...
[0000] 3. Calling kt_for - worker_aln
Inferring insert size distribution from data, l_pac: 2069526396, n: 529802
[M::mem_pestat] # candidate unique pairs for (FF, FR, RF, RR): (3, 56176, 7, 2)
[M::mem_pestat] skip orientation FF as there are not enough pairs
[M::mem_pestat] analyzing insert size distribution for orientation FR...
[M::mem_pestat] (25, 50, 75) percentile: (221, 289, 380)
[M::mem_pestat] low and high boundaries for computing mean and std.dev: (1, 698)
[M::mem_pestat] mean and std.dev: (308.21, 115.84)
[M::mem_pestat] low and high boundaries for proper pairs: (1, 857)
[M::mem_pestat] skip orientation RF as there are not enough pairs
[M::mem_pestat] skip orientation RR as there are not enough pairs
[0000] 10. Calling kt_for - worker_sam
	[0000][ M::mem_process_seqs] Processed 529802 reads in 965.380 CPU sec, 122.092 real sec
[0000] 2. Calling mem_process_seqs.., task: 171
[0000] 3. Calling kt_for - worker_bwt
[0000] read_chunk: 80000000, work_chunk_size: 80000102, nseq: 529802
	[0000][ M::kt_pipeline] read 529802 sequences (80000102 bp)...
[0000] 3. Calling kt_for - worker_aln
Inferring insert size distribution from data, l_pac: 2069526396, n: 529802
[M::mem_pestat] # candidate unique pairs for (FF, FR, RF, RR): (2, 56283, 13, 2)
[M::mem_pestat] skip orientation FF as there are not enough pairs
[M::mem_pestat] analyzing insert size distribution for orientation FR...
[M::mem_pestat] (25, 50, 75) percentile: (222, 288, 382)
[M::mem_pestat] low and high boundaries for computing mean and std.dev: (1, 702)
[M::mem_pestat] mean and std.dev: (308.99, 117.09)
[M::mem_pestat] low and high boundaries for proper pairs: (1, 862)
[M::mem_pestat] analyzing insert size distribution for orientation RF...
[M::mem_pestat] (25, 50, 75) percentile: (1239, 1239, 3487)
[M::mem_pestat] low and high boundaries for computing mean and std.dev: (1, 7983)
[M::mem_pestat] mean and std.dev: (2188.85, 1723.06)
[M::mem_pestat] low and high boundaries for proper pairs: (1, 10231)
[M::mem_pestat] skip orientation RR as there are not enough pairs
[M::mem_pestat] skip orientation RF
[0000] 10. Calling kt_for - worker_sam
	[0000][ M::mem_process_seqs] Processed 529802 reads in 979.405 CPU sec, 123.896 real sec
[0000] 2. Calling mem_process_seqs.., task: 172
[0000] 3. Calling kt_for - worker_bwt
[0000] read_chunk: 80000000, work_chunk_size: 80000102, nseq: 529802
	[0000][ M::kt_pipeline] read 529802 sequences (80000102 bp)...
[0000] 3. Calling kt_for - worker_aln
Inferring insert size distribution from data, l_pac: 2069526396, n: 529802
[M::mem_pestat] # candidate unique pairs for (FF, FR, RF, RR): (1, 55838, 8, 5)
[M::mem_pestat] skip orientation FF as there are not enough pairs
[M::mem_pestat] analyzing insert size distribution for orientation FR...
[M::mem_pestat] (25, 50, 75) percentile: (223, 290, 382)
[M::mem_pestat] low and high boundaries for computing mean and std.dev: (1, 700)
[M::mem_pestat] mean and std.dev: (309.43, 116.54)
[M::mem_pestat] low and high boundaries for proper pairs: (1, 859)
[M::mem_pestat] skip orientation RF as there are not enough pairs
[M::mem_pestat] skip orientation RR as there are not enough pairs
[0000] 10. Calling kt_for - worker_sam
	[0000][ M::mem_process_seqs] Processed 529802 reads in 964.798 CPU sec, 122.100 real sec
[0000] 2. Calling mem_process_seqs.., task: 173
[0000] 3. Calling kt_for - worker_bwt
[0000] read_chunk: 80000000, work_chunk_size: 80000102, nseq: 529802
	[0000][ M::kt_pipeline] read 529802 sequences (80000102 bp)...
[0000] 3. Calling kt_for - worker_aln
Inferring insert size distribution from data, l_pac: 2069526396, n: 529802
[M::mem_pestat] # candidate unique pairs for (FF, FR, RF, RR): (3, 56490, 11, 4)
[M::mem_pestat] skip orientation FF as there are not enough pairs
[M::mem_pestat] analyzing insert size distribution for orientation FR...
[M::mem_pestat] (25, 50, 75) percentile: (224, 291, 382)
[M::mem_pestat] low and high boundaries for computing mean and std.dev: (1, 698)
[M::mem_pestat] mean and std.dev: (310.23, 116.70)
[M::mem_pestat] low and high boundaries for proper pairs: (1, 856)
[M::mem_pestat] analyzing insert size distribution for orientation RF...
[M::mem_pestat] (25, 50, 75) percentile: (1902, 1902, 3416)
[M::mem_pestat] low and high boundaries for computing mean and std.dev: (1, 6444)
[M::mem_pestat] mean and std.dev: (2415.09, 1410.73)
[M::mem_pestat] low and high boundaries for proper pairs: (1, 8058)
[M::mem_pestat] skip orientation RR as there are not enough pairs
[M::mem_pestat] skip orientation RF
[0000] 10. Calling kt_for - worker_sam
	[0000][ M::mem_process_seqs] Processed 529802 reads in 966.563 CPU sec, 121.951 real sec
[0000] 2. Calling mem_process_seqs.., task: 174
[0000] 3. Calling kt_for - worker_bwt
[0000] read_chunk: 80000000, work_chunk_size: 80000102, nseq: 529802
	[0000][ M::kt_pipeline] read 529802 sequences (80000102 bp)...
[0000] 3. Calling kt_for - worker_aln
Inferring insert size distribution from data, l_pac: 2069526396, n: 529802
[M::mem_pestat] # candidate unique pairs for (FF, FR, RF, RR): (2, 56726, 6, 2)
[M::mem_pestat] skip orientation FF as there are not enough pairs
[M::mem_pestat] analyzing insert size distribution for orientation FR...
[M::mem_pestat] (25, 50, 75) percentile: (223, 290, 382)
[M::mem_pestat] low and high boundaries for computing mean and std.dev: (1, 700)
[M::mem_pestat] mean and std.dev: (309.94, 116.53)
[M::mem_pestat] low and high boundaries for proper pairs: (1, 859)
[M::mem_pestat] skip orientation RF as there are not enough pairs
[M::mem_pestat] skip orientation RR as there are not enough pairs
[0000] 10. Calling kt_for - worker_sam
	[0000][ M::mem_process_seqs] Processed 529802 reads in 1016.570 CPU sec, 128.746 real sec
[0000] 2. Calling mem_process_seqs.., task: 175
[0000] 3. Calling kt_for - worker_bwt
[0000] read_chunk: 80000000, work_chunk_size: 80000102, nseq: 529802
	[0000][ M::kt_pipeline] read 529802 sequences (80000102 bp)...
[0000] 3. Calling kt_for - worker_aln
Inferring insert size distribution from data, l_pac: 2069526396, n: 529802
[M::mem_pestat] # candidate unique pairs for (FF, FR, RF, RR): (2, 56192, 6, 4)
[M::mem_pestat] skip orientation FF as there are not enough pairs
[M::mem_pestat] analyzing insert size distribution for orientation FR...
[M::mem_pestat] (25, 50, 75) percentile: (223, 291, 383)
[M::mem_pestat] low and high boundaries for computing mean and std.dev: (1, 703)
[M::mem_pestat] mean and std.dev: (310.21, 116.43)
[M::mem_pestat] low and high boundaries for proper pairs: (1, 863)
[M::mem_pestat] skip orientation RF as there are not enough pairs
[M::mem_pestat] skip orientation RR as there are not enough pairs
[0000] 10. Calling kt_for - worker_sam
	[0000][ M::mem_process_seqs] Processed 529802 reads in 994.606 CPU sec, 125.840 real sec
[0000] 2. Calling mem_process_seqs.., task: 176
[0000] 3. Calling kt_for - worker_bwt
[0000] read_chunk: 80000000, work_chunk_size: 80000102, nseq: 529802
	[0000][ M::kt_pipeline] read 529802 sequences (80000102 bp)...
[0000] 3. Calling kt_for - worker_aln
Inferring insert size distribution from data, l_pac: 2069526396, n: 529802
[M::mem_pestat] # candidate unique pairs for (FF, FR, RF, RR): (2, 56118, 5, 1)
[M::mem_pestat] skip orientation FF as there are not enough pairs
[M::mem_pestat] analyzing insert size distribution for orientation FR...
[M::mem_pestat] (25, 50, 75) percentile: (223, 290, 381)
[M::mem_pestat] low and high boundaries for computing mean and std.dev: (1, 697)
[M::mem_pestat] mean and std.dev: (309.37, 115.93)
[M::mem_pestat] low and high boundaries for proper pairs: (1, 855)
[M::mem_pestat] skip orientation RF as there are not enough pairs
[M::mem_pestat] skip orientation RR as there are not enough pairs
[0000] 10. Calling kt_for - worker_sam
	[0000][ M::mem_process_seqs] Processed 529802 reads in 1004.225 CPU sec, 126.934 real sec
[0000] 2. Calling mem_process_seqs.., task: 177
[0000] 3. Calling kt_for - worker_bwt
[0000] read_chunk: 80000000, work_chunk_size: 80000102, nseq: 529802
	[0000][ M::kt_pipeline] read 529802 sequences (80000102 bp)...
[0000] 3. Calling kt_for - worker_aln
Inferring insert size distribution from data, l_pac: 2069526396, n: 529802
[M::mem_pestat] # candidate unique pairs for (FF, FR, RF, RR): (1, 56426, 13, 1)
[M::mem_pestat] skip orientation FF as there are not enough pairs
[M::mem_pestat] analyzing insert size distribution for orientation FR...
[M::mem_pestat] (25, 50, 75) percentile: (223, 290, 382)
[M::mem_pestat] low and high boundaries for computing mean and std.dev: (1, 700)
[M::mem_pestat] mean and std.dev: (309.94, 116.79)
[M::mem_pestat] low and high boundaries for proper pairs: (1, 859)
[M::mem_pestat] analyzing insert size distribution for orientation RF...
[M::mem_pestat] (25, 50, 75) percentile: (1052, 4828, 7509)
[M::mem_pestat] low and high boundaries for computing mean and std.dev: (1, 20423)
[M::mem_pestat] mean and std.dev: (4049.92, 3041.72)
[M::mem_pestat] low and high boundaries for proper pairs: (1, 26880)
[M::mem_pestat] skip orientation RR as there are not enough pairs
[M::mem_pestat] skip orientation RF
[0000] 10. Calling kt_for - worker_sam
	[0000][ M::mem_process_seqs] Processed 529802 reads in 991.583 CPU sec, 125.606 real sec
[0000] 2. Calling mem_process_seqs.., task: 178
[0000] 3. Calling kt_for - worker_bwt
[0000] read_chunk: 80000000, work_chunk_size: 80000102, nseq: 529802
	[0000][ M::kt_pipeline] read 529802 sequences (80000102 bp)...
[0000] 3. Calling kt_for - worker_aln
Inferring insert size distribution from data, l_pac: 2069526396, n: 529802
[M::mem_pestat] # candidate unique pairs for (FF, FR, RF, RR): (1, 56260, 6, 1)
[M::mem_pestat] skip orientation FF as there are not enough pairs
[M::mem_pestat] analyzing insert size distribution for orientation FR...
[M::mem_pestat] (25, 50, 75) percentile: (223, 291, 383)
[M::mem_pestat] low and high boundaries for computing mean and std.dev: (1, 703)
[M::mem_pestat] mean and std.dev: (309.85, 116.67)
[M::mem_pestat] low and high boundaries for proper pairs: (1, 863)
[M::mem_pestat] skip orientation RF as there are not enough pairs
[M::mem_pestat] skip orientation RR as there are not enough pairs
[0000] 10. Calling kt_for - worker_sam
	[0000][ M::mem_process_seqs] Processed 529802 reads in 1003.466 CPU sec, 126.904 real sec
[0000] 2. Calling mem_process_seqs.., task: 179
[0000] 3. Calling kt_for - worker_bwt
[0000] read_chunk: 80000000, work_chunk_size: 80000102, nseq: 529802
	[0000][ M::kt_pipeline] read 529802 sequences (80000102 bp)...
[0000] 3. Calling kt_for - worker_aln
Inferring insert size distribution from data, l_pac: 2069526396, n: 529802
[M::mem_pestat] # candidate unique pairs for (FF, FR, RF, RR): (4, 56042, 6, 3)
[M::mem_pestat] skip orientation FF as there are not enough pairs
[M::mem_pestat] analyzing insert size distribution for orientation FR...
[M::mem_pestat] (25, 50, 75) percentile: (223, 289, 381)
[M::mem_pestat] low and high boundaries for computing mean and std.dev: (1, 697)
[M::mem_pestat] mean and std.dev: (309.17, 116.53)
[M::mem_pestat] low and high boundaries for proper pairs: (1, 855)
[M::mem_pestat] skip orientation RF as there are not enough pairs
[M::mem_pestat] skip orientation RR as there are not enough pairs
[0000] 10. Calling kt_for - worker_sam
	[0000][ M::mem_process_seqs] Processed 529802 reads in 997.414 CPU sec, 126.067 real sec
[0000] 2. Calling mem_process_seqs.., task: 180
[0000] 3. Calling kt_for - worker_bwt
[0000] read_chunk: 80000000, work_chunk_size: 80000102, nseq: 529802
	[0000][ M::kt_pipeline] read 529802 sequences (80000102 bp)...
[0000] 3. Calling kt_for - worker_aln
Inferring insert size distribution from data, l_pac: 2069526396, n: 529802
[M::mem_pestat] # candidate unique pairs for (FF, FR, RF, RR): (2, 55950, 6, 2)
[M::mem_pestat] skip orientation FF as there are not enough pairs
[M::mem_pestat] analyzing insert size distribution for orientation FR...
[M::mem_pestat] (25, 50, 75) percentile: (221, 288, 379)
[M::mem_pestat] low and high boundaries for computing mean and std.dev: (1, 695)
[M::mem_pestat] mean and std.dev: (307.28, 115.81)
[M::mem_pestat] low and high boundaries for proper pairs: (1, 853)
[M::mem_pestat] skip orientation RF as there are not enough pairs
[M::mem_pestat] skip orientation RR as there are not enough pairs
[0000] 10. Calling kt_for - worker_sam
	[0000][ M::mem_process_seqs] Processed 529802 reads in 982.213 CPU sec, 124.238 real sec
[0000] 2. Calling mem_process_seqs.., task: 181
[0000] 3. Calling kt_for - worker_bwt
[0000] read_chunk: 80000000, work_chunk_size: 80000102, nseq: 529802
	[0000][ M::kt_pipeline] read 529802 sequences (80000102 bp)...
[0000] 3. Calling kt_for - worker_aln
Inferring insert size distribution from data, l_pac: 2069526396, n: 529802
[M::mem_pestat] # candidate unique pairs for (FF, FR, RF, RR): (2, 55774, 4, 8)
[M::mem_pestat] skip orientation FF as there are not enough pairs
[M::mem_pestat] analyzing insert size distribution for orientation FR...
[M::mem_pestat] (25, 50, 75) percentile: (222, 288, 379)
[M::mem_pestat] low and high boundaries for computing mean and std.dev: (1, 693)
[M::mem_pestat] mean and std.dev: (307.33, 115.38)
[M::mem_pestat] low and high boundaries for proper pairs: (1, 850)
[M::mem_pestat] skip orientation RF as there are not enough pairs
[M::mem_pestat] skip orientation RR as there are not enough pairs
[0000] 10. Calling kt_for - worker_sam
	[0000][ M::mem_process_seqs] Processed 529802 reads in 1009.466 CPU sec, 127.775 real sec
[0000] 2. Calling mem_process_seqs.., task: 182
[0000] 3. Calling kt_for - worker_bwt
[0000] read_chunk: 80000000, work_chunk_size: 80000102, nseq: 529802
	[0000][ M::kt_pipeline] read 529802 sequences (80000102 bp)...
[0000] 3. Calling kt_for - worker_aln
Inferring insert size distribution from data, l_pac: 2069526396, n: 529802
[M::mem_pestat] # candidate unique pairs for (FF, FR, RF, RR): (2, 56129, 13, 2)
[M::mem_pestat] skip orientation FF as there are not enough pairs
[M::mem_pestat] analyzing insert size distribution for orientation FR...
[M::mem_pestat] (25, 50, 75) percentile: (221, 288, 379)
[M::mem_pestat] low and high boundaries for computing mean and std.dev: (1, 695)
[M::mem_pestat] mean and std.dev: (307.58, 115.59)
[M::mem_pestat] low and high boundaries for proper pairs: (1, 853)
[M::mem_pestat] analyzing insert size distribution for orientation RF...
[M::mem_pestat] (25, 50, 75) percentile: (301, 2552, 5504)
[M::mem_pestat] low and high boundaries for computing mean and std.dev: (1, 15910)
[M::mem_pestat] mean and std.dev: (2821.15, 2673.22)
[M::mem_pestat] low and high boundaries for proper pairs: (1, 21113)
[M::mem_pestat] skip orientation RR as there are not enough pairs
[M::mem_pestat] skip orientation RF
[0000] 10. Calling kt_for - worker_sam
	[0000][ M::mem_process_seqs] Processed 529802 reads in 953.954 CPU sec, 120.408 real sec
[0000] 2. Calling mem_process_seqs.., task: 183
[0000] 3. Calling kt_for - worker_bwt
[0000] read_chunk: 80000000, work_chunk_size: 80000102, nseq: 529802
	[0000][ M::kt_pipeline] read 529802 sequences (80000102 bp)...
[0000] 3. Calling kt_for - worker_aln
Inferring insert size distribution from data, l_pac: 2069526396, n: 529802
[M::mem_pestat] # candidate unique pairs for (FF, FR, RF, RR): (4, 56195, 6, 2)
[M::mem_pestat] skip orientation FF as there are not enough pairs
[M::mem_pestat] analyzing insert size distribution for orientation FR...
[M::mem_pestat] (25, 50, 75) percentile: (222, 289, 379)
[M::mem_pestat] low and high boundaries for computing mean and std.dev: (1, 693)
[M::mem_pestat] mean and std.dev: (307.85, 115.20)
[M::mem_pestat] low and high boundaries for proper pairs: (1, 850)
[M::mem_pestat] skip orientation RF as there are not enough pairs
[M::mem_pestat] skip orientation RR as there are not enough pairs
[0000] 10. Calling kt_for - worker_sam
	[0000][ M::mem_process_seqs] Processed 529802 reads in 989.210 CPU sec, 125.190 real sec
[0000] 2. Calling mem_process_seqs.., task: 184
[0000] 3. Calling kt_for - worker_bwt
[0000] read_chunk: 80000000, work_chunk_size: 80000102, nseq: 529802
	[0000][ M::kt_pipeline] read 529802 sequences (80000102 bp)...
[0000] 3. Calling kt_for - worker_aln
Inferring insert size distribution from data, l_pac: 2069526396, n: 529802
[M::mem_pestat] # candidate unique pairs for (FF, FR, RF, RR): (2, 56370, 4, 0)
[M::mem_pestat] skip orientation FF as there are not enough pairs
[M::mem_pestat] analyzing insert size distribution for orientation FR...
[M::mem_pestat] (25, 50, 75) percentile: (222, 289, 381)
[M::mem_pestat] low and high boundaries for computing mean and std.dev: (1, 699)
[M::mem_pestat] mean and std.dev: (308.59, 116.53)
[M::mem_pestat] low and high boundaries for proper pairs: (1, 858)
[M::mem_pestat] skip orientation RF as there are not enough pairs
[M::mem_pestat] skip orientation RR as there are not enough pairs
[0000] 10. Calling kt_for - worker_sam
	[0000][ M::mem_process_seqs] Processed 529802 reads in 964.194 CPU sec, 121.710 real sec
[0000] 2. Calling mem_process_seqs.., task: 185
[0000] 3. Calling kt_for - worker_bwt
[0000] read_chunk: 80000000, work_chunk_size: 80000102, nseq: 529802
	[0000][ M::kt_pipeline] read 529802 sequences (80000102 bp)...
[0000] 3. Calling kt_for - worker_aln
Inferring insert size distribution from data, l_pac: 2069526396, n: 529802
[M::mem_pestat] # candidate unique pairs for (FF, FR, RF, RR): (3, 55907, 12, 3)
[M::mem_pestat] skip orientation FF as there are not enough pairs
[M::mem_pestat] analyzing insert size distribution for orientation FR...
[M::mem_pestat] (25, 50, 75) percentile: (223, 290, 381)
[M::mem_pestat] low and high boundaries for computing mean and std.dev: (1, 697)
[M::mem_pestat] mean and std.dev: (308.57, 115.61)
[M::mem_pestat] low and high boundaries for proper pairs: (1, 855)
[M::mem_pestat] analyzing insert size distribution for orientation RF...
[M::mem_pestat] (25, 50, 75) percentile: (1094, 2279, 3229)
[M::mem_pestat] low and high boundaries for computing mean and std.dev: (1, 7499)
[M::mem_pestat] mean and std.dev: (2232.25, 1769.97)
[M::mem_pestat] low and high boundaries for proper pairs: (1, 9634)
[M::mem_pestat] skip orientation RR as there are not enough pairs
[M::mem_pestat] skip orientation RF
[0000] 10. Calling kt_for - worker_sam
	[0000][ M::mem_process_seqs] Processed 529802 reads in 964.185 CPU sec, 121.980 real sec
[0000] 2. Calling mem_process_seqs.., task: 186
[0000] 3. Calling kt_for - worker_bwt
[0000] read_chunk: 80000000, work_chunk_size: 80000102, nseq: 529802
	[0000][ M::kt_pipeline] read 529802 sequences (80000102 bp)...
[0000] 3. Calling kt_for - worker_aln
Inferring insert size distribution from data, l_pac: 2069526396, n: 529802
[M::mem_pestat] # candidate unique pairs for (FF, FR, RF, RR): (0, 56536, 5, 1)
[M::mem_pestat] skip orientation FF as there are not enough pairs
[M::mem_pestat] analyzing insert size distribution for orientation FR...
[M::mem_pestat] (25, 50, 75) percentile: (222, 288, 381)
[M::mem_pestat] low and high boundaries for computing mean and std.dev: (1, 699)
[M::mem_pestat] mean and std.dev: (308.70, 116.42)
[M::mem_pestat] low and high boundaries for proper pairs: (1, 858)
[M::mem_pestat] skip orientation RF as there are not enough pairs
[M::mem_pestat] skip orientation RR as there are not enough pairs
[0000] 10. Calling kt_for - worker_sam
	[0000][ M::mem_process_seqs] Processed 529802 reads in 978.300 CPU sec, 123.661 real sec
[0000] 2. Calling mem_process_seqs.., task: 187
[0000] 3. Calling kt_for - worker_bwt
[0000] read_chunk: 80000000, work_chunk_size: 80000102, nseq: 529802
	[0000][ M::kt_pipeline] read 529802 sequences (80000102 bp)...
[0000] 3. Calling kt_for - worker_aln
Inferring insert size distribution from data, l_pac: 2069526396, n: 529802
[M::mem_pestat] # candidate unique pairs for (FF, FR, RF, RR): (1, 56091, 10, 3)
[M::mem_pestat] skip orientation FF as there are not enough pairs
[M::mem_pestat] analyzing insert size distribution for orientation FR...
[M::mem_pestat] (25, 50, 75) percentile: (222, 289, 381)
[M::mem_pestat] low and high boundaries for computing mean and std.dev: (1, 699)
[M::mem_pestat] mean and std.dev: (308.52, 116.37)
[M::mem_pestat] low and high boundaries for proper pairs: (1, 858)
[M::mem_pestat] analyzing insert size distribution for orientation RF...
[M::mem_pestat] (25, 50, 75) percentile: (588, 2085, 3280)
[M::mem_pestat] low and high boundaries for computing mean and std.dev: (1, 8664)
[M::mem_pestat] mean and std.dev: (2373.30, 2118.11)
[M::mem_pestat] low and high boundaries for proper pairs: (1, 11356)
[M::mem_pestat] skip orientation RR as there are not enough pairs
[M::mem_pestat] skip orientation RF
[0000] 10. Calling kt_for - worker_sam
	[0000][ M::mem_process_seqs] Processed 529802 reads in 973.904 CPU sec, 123.391 real sec
[0000] 2. Calling mem_process_seqs.., task: 188
[0000] 3. Calling kt_for - worker_bwt
[0000] read_chunk: 80000000, work_chunk_size: 80000102, nseq: 529802
	[0000][ M::kt_pipeline] read 529802 sequences (80000102 bp)...
[0000] 3. Calling kt_for - worker_aln
Inferring insert size distribution from data, l_pac: 2069526396, n: 529802
[M::mem_pestat] # candidate unique pairs for (FF, FR, RF, RR): (5, 56286, 8, 3)
[M::mem_pestat] skip orientation FF as there are not enough pairs
[M::mem_pestat] analyzing insert size distribution for orientation FR...
[M::mem_pestat] (25, 50, 75) percentile: (222, 289, 382)
[M::mem_pestat] low and high boundaries for computing mean and std.dev: (1, 702)
[M::mem_pestat] mean and std.dev: (309.64, 117.12)
[M::mem_pestat] low and high boundaries for proper pairs: (1, 862)
[M::mem_pestat] skip orientation RF as there are not enough pairs
[M::mem_pestat] skip orientation RR as there are not enough pairs
[0000] 10. Calling kt_for - worker_sam
	[0000][ M::mem_process_seqs] Processed 529802 reads in 953.088 CPU sec, 120.284 real sec
[0000] 2. Calling mem_process_seqs.., task: 189
[0000] 3. Calling kt_for - worker_bwt
[0000] read_chunk: 80000000, work_chunk_size: 80000102, nseq: 529802
	[0000][ M::kt_pipeline] read 529802 sequences (80000102 bp)...
[0000] 3. Calling kt_for - worker_aln
Inferring insert size distribution from data, l_pac: 2069526396, n: 529802
[M::mem_pestat] # candidate unique pairs for (FF, FR, RF, RR): (0, 56803, 12, 5)
[M::mem_pestat] skip orientation FF as there are not enough pairs
[M::mem_pestat] analyzing insert size distribution for orientation FR...
[M::mem_pestat] (25, 50, 75) percentile: (223, 289, 380)
[M::mem_pestat] low and high boundaries for computing mean and std.dev: (1, 694)
[M::mem_pestat] mean and std.dev: (308.30, 115.93)
[M::mem_pestat] low and high boundaries for proper pairs: (1, 851)
[M::mem_pestat] analyzing insert size distribution for orientation RF...
[M::mem_pestat] (25, 50, 75) percentile: (1387, 2742, 4217)
[M::mem_pestat] low and high boundaries for computing mean and std.dev: (1, 9877)
[M::mem_pestat] mean and std.dev: (2802.25, 1898.03)
[M::mem_pestat] low and high boundaries for proper pairs: (1, 12707)
[M::mem_pestat] skip orientation RR as there are not enough pairs
[M::mem_pestat] skip orientation RF
[0000] 10. Calling kt_for - worker_sam
	[0000][ M::mem_process_seqs] Processed 529802 reads in 942.760 CPU sec, 118.998 real sec
[0000] 2. Calling mem_process_seqs.., task: 190
[0000] 3. Calling kt_for - worker_bwt
[0000] read_chunk: 80000000, work_chunk_size: 80000102, nseq: 529802
	[0000][ M::kt_pipeline] read 529802 sequences (80000102 bp)...
[0000] 3. Calling kt_for - worker_aln
Inferring insert size distribution from data, l_pac: 2069526396, n: 529802
[M::mem_pestat] # candidate unique pairs for (FF, FR, RF, RR): (3, 55994, 7, 2)
[M::mem_pestat] skip orientation FF as there are not enough pairs
[M::mem_pestat] analyzing insert size distribution for orientation FR...
[M::mem_pestat] (25, 50, 75) percentile: (222, 287, 380)
[M::mem_pestat] low and high boundaries for computing mean and std.dev: (1, 696)
[M::mem_pestat] mean and std.dev: (307.73, 115.81)
[M::mem_pestat] low and high boundaries for proper pairs: (1, 854)
[M::mem_pestat] skip orientation RF as there are not enough pairs
[M::mem_pestat] skip orientation RR as there are not enough pairs
[0000] 10. Calling kt_for - worker_sam
	[0000][ M::mem_process_seqs] Processed 529802 reads in 971.443 CPU sec, 122.944 real sec
[0000] 2. Calling mem_process_seqs.., task: 191
[0000] 3. Calling kt_for - worker_bwt
[0000] read_chunk: 80000000, work_chunk_size: 80000102, nseq: 529802
	[0000][ M::kt_pipeline] read 529802 sequences (80000102 bp)...
[0000] 3. Calling kt_for - worker_aln
Inferring insert size distribution from data, l_pac: 2069526396, n: 529802
[M::mem_pestat] # candidate unique pairs for (FF, FR, RF, RR): (2, 56104, 14, 2)
[M::mem_pestat] skip orientation FF as there are not enough pairs
[M::mem_pestat] analyzing insert size distribution for orientation FR...
[M::mem_pestat] (25, 50, 75) percentile: (222, 288, 379)
[M::mem_pestat] low and high boundaries for computing mean and std.dev: (1, 693)
[M::mem_pestat] mean and std.dev: (307.60, 115.60)
[M::mem_pestat] low and high boundaries for proper pairs: (1, 850)
[M::mem_pestat] analyzing insert size distribution for orientation RF...
[M::mem_pestat] (25, 50, 75) percentile: (109, 1097, 2685)
[M::mem_pestat] low and high boundaries for computing mean and std.dev: (1, 7837)
[M::mem_pestat] mean and std.dev: (1393.08, 1579.13)
[M::mem_pestat] low and high boundaries for proper pairs: (1, 10413)
[M::mem_pestat] skip orientation RR as there are not enough pairs
[M::mem_pestat] skip orientation RF
[0000] 10. Calling kt_for - worker_sam
	[0000][ M::mem_process_seqs] Processed 529802 reads in 950.351 CPU sec, 120.220 real sec
[0000] 2. Calling mem_process_seqs.., task: 192
[0000] 3. Calling kt_for - worker_bwt
[0000] read_chunk: 80000000, work_chunk_size: 80000102, nseq: 529802
	[0000][ M::kt_pipeline] read 529802 sequences (80000102 bp)...
[0000] 3. Calling kt_for - worker_aln
Inferring insert size distribution from data, l_pac: 2069526396, n: 529802
[M::mem_pestat] # candidate unique pairs for (FF, FR, RF, RR): (2, 56638, 12, 0)
[M::mem_pestat] skip orientation FF as there are not enough pairs
[M::mem_pestat] analyzing insert size distribution for orientation FR...
[M::mem_pestat] (25, 50, 75) percentile: (222, 290, 382)
[M::mem_pestat] low and high boundaries for computing mean and std.dev: (1, 702)
[M::mem_pestat] mean and std.dev: (308.96, 116.43)
[M::mem_pestat] low and high boundaries for proper pairs: (1, 862)
[M::mem_pestat] analyzing insert size distribution for orientation RF...
[M::mem_pestat] (25, 50, 75) percentile: (310, 1253, 6810)
[M::mem_pestat] low and high boundaries for computing mean and std.dev: (1, 19810)
[M::mem_pestat] mean and std.dev: (2529.83, 3059.69)
[M::mem_pestat] low and high boundaries for proper pairs: (1, 26310)
[M::mem_pestat] skip orientation RR as there are not enough pairs
[M::mem_pestat] skip orientation RF
[0000] 10. Calling kt_for - worker_sam
	[0000][ M::mem_process_seqs] Processed 529802 reads in 951.314 CPU sec, 120.305 real sec
[0000] 2. Calling mem_process_seqs.., task: 193
[0000] 3. Calling kt_for - worker_bwt
[0000] read_chunk: 80000000, work_chunk_size: 80000102, nseq: 529802
	[0000][ M::kt_pipeline] read 529802 sequences (80000102 bp)...
[0000] 3. Calling kt_for - worker_aln
Inferring insert size distribution from data, l_pac: 2069526396, n: 529802
[M::mem_pestat] # candidate unique pairs for (FF, FR, RF, RR): (3, 56235, 12, 6)
[M::mem_pestat] skip orientation FF as there are not enough pairs
[M::mem_pestat] analyzing insert size distribution for orientation FR...
[M::mem_pestat] (25, 50, 75) percentile: (222, 288, 379)
[M::mem_pestat] low and high boundaries for computing mean and std.dev: (1, 693)
[M::mem_pestat] mean and std.dev: (307.37, 115.19)
[M::mem_pestat] low and high boundaries for proper pairs: (1, 850)
[M::mem_pestat] analyzing insert size distribution for orientation RF...
[M::mem_pestat] (25, 50, 75) percentile: (37, 128, 2765)
[M::mem_pestat] low and high boundaries for computing mean and std.dev: (1, 8221)
[M::mem_pestat] mean and std.dev: (1530.08, 2423.55)
[M::mem_pestat] low and high boundaries for proper pairs: (1, 11224)
[M::mem_pestat] skip orientation RR as there are not enough pairs
[M::mem_pestat] skip orientation RF
[0000] 10. Calling kt_for - worker_sam
	[0000][ M::mem_process_seqs] Processed 529802 reads in 947.598 CPU sec, 119.539 real sec
[0000] 2. Calling mem_process_seqs.., task: 194
[0000] 3. Calling kt_for - worker_bwt
[0000] read_chunk: 80000000, work_chunk_size: 80000102, nseq: 529802
	[0000][ M::kt_pipeline] read 529802 sequences (80000102 bp)...
[0000] 3. Calling kt_for - worker_aln
Inferring insert size distribution from data, l_pac: 2069526396, n: 529802
[M::mem_pestat] # candidate unique pairs for (FF, FR, RF, RR): (3, 56181, 13, 4)
[M::mem_pestat] skip orientation FF as there are not enough pairs
[M::mem_pestat] analyzing insert size distribution for orientation FR...
[M::mem_pestat] (25, 50, 75) percentile: (221, 289, 381)
[M::mem_pestat] low and high boundaries for computing mean and std.dev: (1, 701)
[M::mem_pestat] mean and std.dev: (308.67, 116.79)
[M::mem_pestat] low and high boundaries for proper pairs: (1, 861)
[M::mem_pestat] analyzing insert size distribution for orientation RF...
[M::mem_pestat] (25, 50, 75) percentile: (152, 773, 1957)
[M::mem_pestat] low and high boundaries for computing mean and std.dev: (1, 5567)
[M::mem_pestat] mean and std.dev: (1362.46, 1554.51)
[M::mem_pestat] low and high boundaries for proper pairs: (1, 7580)
[M::mem_pestat] skip orientation RR as there are not enough pairs
[M::mem_pestat] skip orientation RF
[0000] 10. Calling kt_for - worker_sam
	[0000][ M::mem_process_seqs] Processed 529802 reads in 969.576 CPU sec, 122.859 real sec
[0000] 2. Calling mem_process_seqs.., task: 195
[0000] 3. Calling kt_for - worker_bwt
[0000] read_chunk: 80000000, work_chunk_size: 80000102, nseq: 529802
	[0000][ M::kt_pipeline] read 529802 sequences (80000102 bp)...
[0000] 3. Calling kt_for - worker_aln
Inferring insert size distribution from data, l_pac: 2069526396, n: 529802
[M::mem_pestat] # candidate unique pairs for (FF, FR, RF, RR): (1, 56398, 4, 4)
[M::mem_pestat] skip orientation FF as there are not enough pairs
[M::mem_pestat] analyzing insert size distribution for orientation FR...
[M::mem_pestat] (25, 50, 75) percentile: (222, 288, 379)
[M::mem_pestat] low and high boundaries for computing mean and std.dev: (1, 693)
[M::mem_pestat] mean and std.dev: (307.57, 115.57)
[M::mem_pestat] low and high boundaries for proper pairs: (1, 850)
[M::mem_pestat] skip orientation RF as there are not enough pairs
[M::mem_pestat] skip orientation RR as there are not enough pairs
[0000] 10. Calling kt_for - worker_sam
	[0000][ M::mem_process_seqs] Processed 529802 reads in 968.871 CPU sec, 122.469 real sec
[0000] 2. Calling mem_process_seqs.., task: 196
[0000] 3. Calling kt_for - worker_bwt
[0000] read_chunk: 80000000, work_chunk_size: 80000102, nseq: 529802
	[0000][ M::kt_pipeline] read 529802 sequences (80000102 bp)...
[0000] 3. Calling kt_for - worker_aln
Inferring insert size distribution from data, l_pac: 2069526396, n: 529802
[M::mem_pestat] # candidate unique pairs for (FF, FR, RF, RR): (2, 56679, 8, 2)
[M::mem_pestat] skip orientation FF as there are not enough pairs
[M::mem_pestat] analyzing insert size distribution for orientation FR...
[M::mem_pestat] (25, 50, 75) percentile: (222, 289, 381)
[M::mem_pestat] low and high boundaries for computing mean and std.dev: (1, 699)
[M::mem_pestat] mean and std.dev: (308.63, 115.96)
[M::mem_pestat] low and high boundaries for proper pairs: (1, 858)
[M::mem_pestat] skip orientation RF as there are not enough pairs
[M::mem_pestat] skip orientation RR as there are not enough pairs
[0000] 10. Calling kt_for - worker_sam
	[0000][ M::mem_process_seqs] Processed 529802 reads in 946.165 CPU sec, 119.445 real sec
[0000] 2. Calling mem_process_seqs.., task: 197
[0000] 3. Calling kt_for - worker_bwt
[0000] read_chunk: 80000000, work_chunk_size: 80000102, nseq: 529802
	[0000][ M::kt_pipeline] read 529802 sequences (80000102 bp)...
[0000] 3. Calling kt_for - worker_aln
Inferring insert size distribution from data, l_pac: 2069526396, n: 529802
[M::mem_pestat] # candidate unique pairs for (FF, FR, RF, RR): (0, 55741, 9, 0)
[M::mem_pestat] skip orientation FF as there are not enough pairs
[M::mem_pestat] analyzing insert size distribution for orientation FR...
[M::mem_pestat] (25, 50, 75) percentile: (223, 290, 381)
[M::mem_pestat] low and high boundaries for computing mean and std.dev: (1, 697)
[M::mem_pestat] mean and std.dev: (309.33, 116.37)
[M::mem_pestat] low and high boundaries for proper pairs: (1, 855)
[M::mem_pestat] skip orientation RF as there are not enough pairs
[M::mem_pestat] skip orientation RR as there are not enough pairs
[0000] 10. Calling kt_for - worker_sam
	[0000][ M::mem_process_seqs] Processed 529802 reads in 999.190 CPU sec, 126.448 real sec
[0000] 2. Calling mem_process_seqs.., task: 198
[0000] 3. Calling kt_for - worker_bwt
[0000] read_chunk: 80000000, work_chunk_size: 80000102, nseq: 529802
	[0000][ M::kt_pipeline] read 529802 sequences (80000102 bp)...
[0000] 3. Calling kt_for - worker_aln
Inferring insert size distribution from data, l_pac: 2069526396, n: 529802
[M::mem_pestat] # candidate unique pairs for (FF, FR, RF, RR): (3, 56183, 9, 1)
[M::mem_pestat] skip orientation FF as there are not enough pairs
[M::mem_pestat] analyzing insert size distribution for orientation FR...
[M::mem_pestat] (25, 50, 75) percentile: (223, 290, 380)
[M::mem_pestat] low and high boundaries for computing mean and std.dev: (1, 694)
[M::mem_pestat] mean and std.dev: (308.46, 115.25)
[M::mem_pestat] low and high boundaries for proper pairs: (1, 851)
[M::mem_pestat] skip orientation RF as there are not enough pairs
[M::mem_pestat] skip orientation RR as there are not enough pairs
[0000] 10. Calling kt_for - worker_sam
	[0000][ M::mem_process_seqs] Processed 529802 reads in 961.902 CPU sec, 121.567 real sec
[0000] 2. Calling mem_process_seqs.., task: 199
[0000] 3. Calling kt_for - worker_bwt
[0000] read_chunk: 80000000, work_chunk_size: 80000102, nseq: 529802
	[0000][ M::kt_pipeline] read 529802 sequences (80000102 bp)...
[0000] 3. Calling kt_for - worker_aln
Inferring insert size distribution from data, l_pac: 2069526396, n: 529802
[M::mem_pestat] # candidate unique pairs for (FF, FR, RF, RR): (2, 56077, 11, 3)
[M::mem_pestat] skip orientation FF as there are not enough pairs
[M::mem_pestat] analyzing insert size distribution for orientation FR...
[M::mem_pestat] (25, 50, 75) percentile: (223, 291, 383)
[M::mem_pestat] low and high boundaries for computing mean and std.dev: (1, 703)
[M::mem_pestat] mean and std.dev: (309.93, 116.62)
[M::mem_pestat] low and high boundaries for proper pairs: (1, 863)
[M::mem_pestat] analyzing insert size distribution for orientation RF...
[M::mem_pestat] (25, 50, 75) percentile: (334, 992, 4012)
[M::mem_pestat] low and high boundaries for computing mean and std.dev: (1, 11368)
[M::mem_pestat] mean and std.dev: (2253.18, 2286.27)
[M::mem_pestat] low and high boundaries for proper pairs: (1, 15046)
[M::mem_pestat] skip orientation RR as there are not enough pairs
[M::mem_pestat] skip orientation RF
[0000] 10. Calling kt_for - worker_sam
	[0000][ M::mem_process_seqs] Processed 529802 reads in 994.036 CPU sec, 126.138 real sec
[0000] 2. Calling mem_process_seqs.., task: 200
[0000] 3. Calling kt_for - worker_bwt
[0000] read_chunk: 80000000, work_chunk_size: 80000102, nseq: 529802
	[0000][ M::kt_pipeline] read 529802 sequences (80000102 bp)...
[0000] 3. Calling kt_for - worker_aln
Inferring insert size distribution from data, l_pac: 2069526396, n: 529802
[M::mem_pestat] # candidate unique pairs for (FF, FR, RF, RR): (5, 56389, 10, 5)
[M::mem_pestat] skip orientation FF as there are not enough pairs
[M::mem_pestat] analyzing insert size distribution for orientation FR...
[M::mem_pestat] (25, 50, 75) percentile: (222, 289, 379)
[M::mem_pestat] low and high boundaries for computing mean and std.dev: (1, 693)
[M::mem_pestat] mean and std.dev: (307.68, 115.06)
[M::mem_pestat] low and high boundaries for proper pairs: (1, 850)
[M::mem_pestat] analyzing insert size distribution for orientation RF...
[M::mem_pestat] (25, 50, 75) percentile: (1190, 2013, 6187)
[M::mem_pestat] low and high boundaries for computing mean and std.dev: (1, 16181)
[M::mem_pestat] mean and std.dev: (3067.90, 2520.35)
[M::mem_pestat] low and high boundaries for proper pairs: (1, 21178)
[M::mem_pestat] skip orientation RR as there are not enough pairs
[M::mem_pestat] skip orientation RF
[0000] 10. Calling kt_for - worker_sam
	[0000][ M::mem_process_seqs] Processed 529802 reads in 1019.386 CPU sec, 129.257 real sec
[0000] 2. Calling mem_process_seqs.., task: 201
[0000] 3. Calling kt_for - worker_bwt
[0000] read_chunk: 80000000, work_chunk_size: 80000102, nseq: 529802
	[0000][ M::kt_pipeline] read 529802 sequences (80000102 bp)...
[0000] 3. Calling kt_for - worker_aln
Inferring insert size distribution from data, l_pac: 2069526396, n: 529802
[M::mem_pestat] # candidate unique pairs for (FF, FR, RF, RR): (2, 55905, 6, 1)
[M::mem_pestat] skip orientation FF as there are not enough pairs
[M::mem_pestat] analyzing insert size distribution for orientation FR...
[M::mem_pestat] (25, 50, 75) percentile: (222, 289, 379)
[M::mem_pestat] low and high boundaries for computing mean and std.dev: (1, 693)
[M::mem_pestat] mean and std.dev: (307.86, 115.52)
[M::mem_pestat] low and high boundaries for proper pairs: (1, 850)
[M::mem_pestat] skip orientation RF as there are not enough pairs
[M::mem_pestat] skip orientation RR as there are not enough pairs
[0000] 10. Calling kt_for - worker_sam
	[0000][ M::mem_process_seqs] Processed 529802 reads in 984.612 CPU sec, 124.787 real sec
[0000] 2. Calling mem_process_seqs.., task: 202
[0000] 3. Calling kt_for - worker_bwt
[0000] read_chunk: 80000000, work_chunk_size: 80000102, nseq: 529802
	[0000][ M::kt_pipeline] read 529802 sequences (80000102 bp)...
[0000] 3. Calling kt_for - worker_aln
Inferring insert size distribution from data, l_pac: 2069526396, n: 529802
[M::mem_pestat] # candidate unique pairs for (FF, FR, RF, RR): (3, 55946, 2, 3)
[M::mem_pestat] skip orientation FF as there are not enough pairs
[M::mem_pestat] analyzing insert size distribution for orientation FR...
[M::mem_pestat] (25, 50, 75) percentile: (223, 288, 380)
[M::mem_pestat] low and high boundaries for computing mean and std.dev: (1, 694)
[M::mem_pestat] mean and std.dev: (307.96, 115.30)
[M::mem_pestat] low and high boundaries for proper pairs: (1, 851)
[M::mem_pestat] skip orientation RF as there are not enough pairs
[M::mem_pestat] skip orientation RR as there are not enough pairs
[0000] 10. Calling kt_for - worker_sam
	[0000][ M::mem_process_seqs] Processed 529802 reads in 1005.358 CPU sec, 127.413 real sec
[0000] 2. Calling mem_process_seqs.., task: 203
[0000] 3. Calling kt_for - worker_bwt
[0000] read_chunk: 80000000, work_chunk_size: 80000102, nseq: 529802
	[0000][ M::kt_pipeline] read 529802 sequences (80000102 bp)...
[0000] 3. Calling kt_for - worker_aln
Inferring insert size distribution from data, l_pac: 2069526396, n: 529802
[M::mem_pestat] # candidate unique pairs for (FF, FR, RF, RR): (3, 56119, 7, 5)
[M::mem_pestat] skip orientation FF as there are not enough pairs
[M::mem_pestat] analyzing insert size distribution for orientation FR...
[M::mem_pestat] (25, 50, 75) percentile: (222, 289, 380)
[M::mem_pestat] low and high boundaries for computing mean and std.dev: (1, 696)
[M::mem_pestat] mean and std.dev: (308.12, 115.60)
[M::mem_pestat] low and high boundaries for proper pairs: (1, 854)
[M::mem_pestat] skip orientation RF as there are not enough pairs
[M::mem_pestat] skip orientation RR as there are not enough pairs
[0000] 10. Calling kt_for - worker_sam
	[0000][ M::mem_process_seqs] Processed 529802 reads in 1030.660 CPU sec, 130.634 real sec
[0000] 2. Calling mem_process_seqs.., task: 204
[0000] 3. Calling kt_for - worker_bwt
[0000] read_chunk: 80000000, work_chunk_size: 80000102, nseq: 529802
	[0000][ M::kt_pipeline] read 529802 sequences (80000102 bp)...
[0000] 3. Calling kt_for - worker_aln
Inferring insert size distribution from data, l_pac: 2069526396, n: 529802
[M::mem_pestat] # candidate unique pairs for (FF, FR, RF, RR): (2, 55935, 4, 1)
[M::mem_pestat] skip orientation FF as there are not enough pairs
[M::mem_pestat] analyzing insert size distribution for orientation FR...
[M::mem_pestat] (25, 50, 75) percentile: (222, 289, 380)
[M::mem_pestat] low and high boundaries for computing mean and std.dev: (1, 696)
[M::mem_pestat] mean and std.dev: (308.23, 115.62)
[M::mem_pestat] low and high boundaries for proper pairs: (1, 854)
[M::mem_pestat] skip orientation RF as there are not enough pairs
[M::mem_pestat] skip orientation RR as there are not enough pairs
[0000] 10. Calling kt_for - worker_sam
	[0000][ M::mem_process_seqs] Processed 529802 reads in 1020.266 CPU sec, 128.984 real sec
[0000] 2. Calling mem_process_seqs.., task: 205
[0000] 3. Calling kt_for - worker_bwt
[0000] read_chunk: 80000000, work_chunk_size: 80000102, nseq: 529802
	[0000][ M::kt_pipeline] read 529802 sequences (80000102 bp)...
[0000] 3. Calling kt_for - worker_aln
Inferring insert size distribution from data, l_pac: 2069526396, n: 529802
[M::mem_pestat] # candidate unique pairs for (FF, FR, RF, RR): (4, 56263, 5, 2)
[M::mem_pestat] skip orientation FF as there are not enough pairs
[M::mem_pestat] analyzing insert size distribution for orientation FR...
[M::mem_pestat] (25, 50, 75) percentile: (223, 290, 381)
[M::mem_pestat] low and high boundaries for computing mean and std.dev: (1, 697)
[M::mem_pestat] mean and std.dev: (308.78, 115.85)
[M::mem_pestat] low and high boundaries for proper pairs: (1, 855)
[M::mem_pestat] skip orientation RF as there are not enough pairs
[M::mem_pestat] skip orientation RR as there are not enough pairs
[0000] 10. Calling kt_for - worker_sam
	[0000][ M::mem_process_seqs] Processed 529802 reads in 1023.173 CPU sec, 129.370 real sec
[0000] 2. Calling mem_process_seqs.., task: 206
[0000] 3. Calling kt_for - worker_bwt
[0000] read_chunk: 80000000, work_chunk_size: 80000102, nseq: 529802
	[0000][ M::kt_pipeline] read 529802 sequences (80000102 bp)...
[0000] 3. Calling kt_for - worker_aln
Inferring insert size distribution from data, l_pac: 2069526396, n: 529802
[M::mem_pestat] # candidate unique pairs for (FF, FR, RF, RR): (8, 55935, 15, 2)
[M::mem_pestat] skip orientation FF as there are not enough pairs
[M::mem_pestat] analyzing insert size distribution for orientation FR...
[M::mem_pestat] (25, 50, 75) percentile: (222, 289, 380)
[M::mem_pestat] low and high boundaries for computing mean and std.dev: (1, 696)
[M::mem_pestat] mean and std.dev: (308.57, 116.08)
[M::mem_pestat] low and high boundaries for proper pairs: (1, 854)
[M::mem_pestat] analyzing insert size distribution for orientation RF...
[M::mem_pestat] (25, 50, 75) percentile: (185, 411, 919)
[M::mem_pestat] low and high boundaries for computing mean and std.dev: (1, 2387)
[M::mem_pestat] mean and std.dev: (343.25, 251.74)
[M::mem_pestat] low and high boundaries for proper pairs: (1, 3121)
[M::mem_pestat] skip orientation RR as there are not enough pairs
[M::mem_pestat] skip orientation RF
[0000] 10. Calling kt_for - worker_sam
	[0000][ M::mem_process_seqs] Processed 529802 reads in 1000.845 CPU sec, 126.289 real sec
[0000] 2. Calling mem_process_seqs.., task: 207
[0000] 3. Calling kt_for - worker_bwt
[0000] read_chunk: 80000000, work_chunk_size: 80000102, nseq: 529802
	[0000][ M::kt_pipeline] read 529802 sequences (80000102 bp)...
[0000] 3. Calling kt_for - worker_aln
Inferring insert size distribution from data, l_pac: 2069526396, n: 529802
[M::mem_pestat] # candidate unique pairs for (FF, FR, RF, RR): (2, 56076, 13, 4)
[M::mem_pestat] skip orientation FF as there are not enough pairs
[M::mem_pestat] analyzing insert size distribution for orientation FR...
[M::mem_pestat] (25, 50, 75) percentile: (223, 290, 382)
[M::mem_pestat] low and high boundaries for computing mean and std.dev: (1, 700)
[M::mem_pestat] mean and std.dev: (309.81, 116.43)
[M::mem_pestat] low and high boundaries for proper pairs: (1, 859)
[M::mem_pestat] analyzing insert size distribution for orientation RF...
[M::mem_pestat] (25, 50, 75) percentile: (613, 1359, 4065)
[M::mem_pestat] low and high boundaries for computing mean and std.dev: (1, 10969)
[M::mem_pestat] mean and std.dev: (2110.54, 2091.74)
[M::mem_pestat] low and high boundaries for proper pairs: (1, 14421)
[M::mem_pestat] skip orientation RR as there are not enough pairs
[M::mem_pestat] skip orientation RF
[0000] 10. Calling kt_for - worker_sam
	[0000][ M::mem_process_seqs] Processed 529802 reads in 989.008 CPU sec, 124.975 real sec
[0000] 2. Calling mem_process_seqs.., task: 208
[0000] 3. Calling kt_for - worker_bwt
[0000] read_chunk: 80000000, work_chunk_size: 80000102, nseq: 529802
	[0000][ M::kt_pipeline] read 529802 sequences (80000102 bp)...
[0000] 3. Calling kt_for - worker_aln
Inferring insert size distribution from data, l_pac: 2069526396, n: 529802
[M::mem_pestat] # candidate unique pairs for (FF, FR, RF, RR): (5, 56357, 9, 4)
[M::mem_pestat] skip orientation FF as there are not enough pairs
[M::mem_pestat] analyzing insert size distribution for orientation FR...
[M::mem_pestat] (25, 50, 75) percentile: (223, 290, 382)
[M::mem_pestat] low and high boundaries for computing mean and std.dev: (1, 700)
[M::mem_pestat] mean and std.dev: (309.37, 115.83)
[M::mem_pestat] low and high boundaries for proper pairs: (1, 859)
[M::mem_pestat] skip orientation RF as there are not enough pairs
[M::mem_pestat] skip orientation RR as there are not enough pairs
[0000] 10. Calling kt_for - worker_sam
	[0000][ M::mem_process_seqs] Processed 529802 reads in 995.142 CPU sec, 125.962 real sec
[0000] 2. Calling mem_process_seqs.., task: 209
[0000] 3. Calling kt_for - worker_bwt
[0000] read_chunk: 80000000, work_chunk_size: 80000102, nseq: 529802
	[0000][ M::kt_pipeline] read 529802 sequences (80000102 bp)...
[0000] 3. Calling kt_for - worker_aln
Inferring insert size distribution from data, l_pac: 2069526396, n: 529802
[M::mem_pestat] # candidate unique pairs for (FF, FR, RF, RR): (2, 56186, 3, 3)
[M::mem_pestat] skip orientation FF as there are not enough pairs
[M::mem_pestat] analyzing insert size distribution for orientation FR...
[M::mem_pestat] (25, 50, 75) percentile: (223, 290, 381)
[M::mem_pestat] low and high boundaries for computing mean and std.dev: (1, 697)
[M::mem_pestat] mean and std.dev: (309.07, 115.82)
[M::mem_pestat] low and high boundaries for proper pairs: (1, 855)
[M::mem_pestat] skip orientation RF as there are not enough pairs
[M::mem_pestat] skip orientation RR as there are not enough pairs
[0000] 10. Calling kt_for - worker_sam
	[0000][ M::mem_process_seqs] Processed 529802 reads in 971.214 CPU sec, 122.690 real sec
[0000] 2. Calling mem_process_seqs.., task: 210
[0000] 3. Calling kt_for - worker_bwt
[0000] read_chunk: 80000000, work_chunk_size: 80000102, nseq: 529802
	[0000][ M::kt_pipeline] read 529802 sequences (80000102 bp)...
[0000] 3. Calling kt_for - worker_aln
Inferring insert size distribution from data, l_pac: 2069526396, n: 529802
[M::mem_pestat] # candidate unique pairs for (FF, FR, RF, RR): (4, 56368, 5, 2)
[M::mem_pestat] skip orientation FF as there are not enough pairs
[M::mem_pestat] analyzing insert size distribution for orientation FR...
[M::mem_pestat] (25, 50, 75) percentile: (222, 290, 382)
[M::mem_pestat] low and high boundaries for computing mean and std.dev: (1, 702)
[M::mem_pestat] mean and std.dev: (309.61, 116.85)
[M::mem_pestat] low and high boundaries for proper pairs: (1, 862)
[M::mem_pestat] skip orientation RF as there are not enough pairs
[M::mem_pestat] skip orientation RR as there are not enough pairs
[0000] 10. Calling kt_for - worker_sam
	[0000][ M::mem_process_seqs] Processed 529802 reads in 1022.545 CPU sec, 129.574 real sec
[0000] 2. Calling mem_process_seqs.., task: 211
[0000] 3. Calling kt_for - worker_bwt
[0000] read_chunk: 80000000, work_chunk_size: 80000102, nseq: 529802
	[0000][ M::kt_pipeline] read 529802 sequences (80000102 bp)...
[0000] 3. Calling kt_for - worker_aln
Inferring insert size distribution from data, l_pac: 2069526396, n: 529802
[M::mem_pestat] # candidate unique pairs for (FF, FR, RF, RR): (3, 56515, 9, 0)
[M::mem_pestat] skip orientation FF as there are not enough pairs
[M::mem_pestat] analyzing insert size distribution for orientation FR...
[M::mem_pestat] (25, 50, 75) percentile: (222, 289, 379)
[M::mem_pestat] low and high boundaries for computing mean and std.dev: (1, 693)
[M::mem_pestat] mean and std.dev: (307.73, 115.14)
[M::mem_pestat] low and high boundaries for proper pairs: (1, 850)
[M::mem_pestat] skip orientation RF as there are not enough pairs
[M::mem_pestat] skip orientation RR as there are not enough pairs
[0000] 10. Calling kt_for - worker_sam
	[0000][ M::mem_process_seqs] Processed 529802 reads in 1022.515 CPU sec, 129.513 real sec
[0000] 2. Calling mem_process_seqs.., task: 212
[0000] 3. Calling kt_for - worker_bwt
[0000] read_chunk: 80000000, work_chunk_size: 80000102, nseq: 529802
	[0000][ M::kt_pipeline] read 529802 sequences (80000102 bp)...
[0000] 3. Calling kt_for - worker_aln
Inferring insert size distribution from data, l_pac: 2069526396, n: 529802
[M::mem_pestat] # candidate unique pairs for (FF, FR, RF, RR): (4, 56278, 5, 0)
[M::mem_pestat] skip orientation FF as there are not enough pairs
[M::mem_pestat] analyzing insert size distribution for orientation FR...
[M::mem_pestat] (25, 50, 75) percentile: (222, 288, 381)
[M::mem_pestat] low and high boundaries for computing mean and std.dev: (1, 699)
[M::mem_pestat] mean and std.dev: (308.55, 116.23)
[M::mem_pestat] low and high boundaries for proper pairs: (1, 858)
[M::mem_pestat] skip orientation RF as there are not enough pairs
[M::mem_pestat] skip orientation RR as there are not enough pairs
[0000] 10. Calling kt_for - worker_sam
	[0000][ M::mem_process_seqs] Processed 529802 reads in 960.576 CPU sec, 121.464 real sec
[0000] 2. Calling mem_process_seqs.., task: 213
[0000] 3. Calling kt_for - worker_bwt
[0000] read_chunk: 80000000, work_chunk_size: 80000102, nseq: 529802
	[0000][ M::kt_pipeline] read 529802 sequences (80000102 bp)...
[0000] 3. Calling kt_for - worker_aln
Inferring insert size distribution from data, l_pac: 2069526396, n: 529802
[M::mem_pestat] # candidate unique pairs for (FF, FR, RF, RR): (0, 56517, 7, 2)
[M::mem_pestat] skip orientation FF as there are not enough pairs
[M::mem_pestat] analyzing insert size distribution for orientation FR...
[M::mem_pestat] (25, 50, 75) percentile: (222, 289, 381)
[M::mem_pestat] low and high boundaries for computing mean and std.dev: (1, 699)
[M::mem_pestat] mean and std.dev: (308.43, 115.80)
[M::mem_pestat] low and high boundaries for proper pairs: (1, 858)
[M::mem_pestat] skip orientation RF as there are not enough pairs
[M::mem_pestat] skip orientation RR as there are not enough pairs
[0000] 10. Calling kt_for - worker_sam
	[0000][ M::mem_process_seqs] Processed 529802 reads in 988.353 CPU sec, 125.069 real sec
[0000] 2. Calling mem_process_seqs.., task: 214
[0000] 3. Calling kt_for - worker_bwt
[0000] read_chunk: 80000000, work_chunk_size: 80000102, nseq: 529802
	[0000][ M::kt_pipeline] read 529802 sequences (80000102 bp)...
[0000] 3. Calling kt_for - worker_aln
Inferring insert size distribution from data, l_pac: 2069526396, n: 529802
[M::mem_pestat] # candidate unique pairs for (FF, FR, RF, RR): (4, 56268, 8, 3)
[M::mem_pestat] skip orientation FF as there are not enough pairs
[M::mem_pestat] analyzing insert size distribution for orientation FR...
[M::mem_pestat] (25, 50, 75) percentile: (221, 288, 378)
[M::mem_pestat] low and high boundaries for computing mean and std.dev: (1, 692)
[M::mem_pestat] mean and std.dev: (307.06, 115.40)
[M::mem_pestat] low and high boundaries for proper pairs: (1, 849)
[M::mem_pestat] skip orientation RF as there are not enough pairs
[M::mem_pestat] skip orientation RR as there are not enough pairs
[0000] 10. Calling kt_for - worker_sam
	[0000][ M::mem_process_seqs] Processed 529802 reads in 982.919 CPU sec, 124.359 real sec
[0000] 2. Calling mem_process_seqs.., task: 215
[0000] 3. Calling kt_for - worker_bwt
[0000] read_chunk: 80000000, work_chunk_size: 80000102, nseq: 529802
	[0000][ M::kt_pipeline] read 529802 sequences (80000102 bp)...
[0000] 3. Calling kt_for - worker_aln
Inferring insert size distribution from data, l_pac: 2069526396, n: 529802
[M::mem_pestat] # candidate unique pairs for (FF, FR, RF, RR): (2, 56148, 7, 0)
[M::mem_pestat] skip orientation FF as there are not enough pairs
[M::mem_pestat] analyzing insert size distribution for orientation FR...
[M::mem_pestat] (25, 50, 75) percentile: (222, 288, 379)
[M::mem_pestat] low and high boundaries for computing mean and std.dev: (1, 693)
[M::mem_pestat] mean and std.dev: (307.95, 115.34)
[M::mem_pestat] low and high boundaries for proper pairs: (1, 850)
[M::mem_pestat] skip orientation RF as there are not enough pairs
[M::mem_pestat] skip orientation RR as there are not enough pairs
[0000] 10. Calling kt_for - worker_sam
	[0000][ M::mem_process_seqs] Processed 529802 reads in 972.616 CPU sec, 123.073 real sec
[0000] 2. Calling mem_process_seqs.., task: 216
[0000] 3. Calling kt_for - worker_bwt
[0000] read_chunk: 80000000, work_chunk_size: 80000102, nseq: 529802
	[0000][ M::kt_pipeline] read 529802 sequences (80000102 bp)...
[0000] 3. Calling kt_for - worker_aln
Inferring insert size distribution from data, l_pac: 2069526396, n: 529802
[M::mem_pestat] # candidate unique pairs for (FF, FR, RF, RR): (4, 55867, 9, 1)
[M::mem_pestat] skip orientation FF as there are not enough pairs
[M::mem_pestat] analyzing insert size distribution for orientation FR...
[M::mem_pestat] (25, 50, 75) percentile: (221, 287, 379)
[M::mem_pestat] low and high boundaries for computing mean and std.dev: (1, 695)
[M::mem_pestat] mean and std.dev: (307.34, 116.22)
[M::mem_pestat] low and high boundaries for proper pairs: (1, 853)
[M::mem_pestat] skip orientation RF as there are not enough pairs
[M::mem_pestat] skip orientation RR as there are not enough pairs
[0000] 10. Calling kt_for - worker_sam
	[0000][ M::mem_process_seqs] Processed 529802 reads in 974.318 CPU sec, 123.135 real sec
[0000] 2. Calling mem_process_seqs.., task: 217
[0000] 3. Calling kt_for - worker_bwt
[0000] read_chunk: 80000000, work_chunk_size: 80000102, nseq: 529802
	[0000][ M::kt_pipeline] read 529802 sequences (80000102 bp)...
[0000] 3. Calling kt_for - worker_aln
Inferring insert size distribution from data, l_pac: 2069526396, n: 529802
[M::mem_pestat] # candidate unique pairs for (FF, FR, RF, RR): (1, 56364, 7, 2)
[M::mem_pestat] skip orientation FF as there are not enough pairs
[M::mem_pestat] analyzing insert size distribution for orientation FR...
[M::mem_pestat] (25, 50, 75) percentile: (221, 287, 379)
[M::mem_pestat] low and high boundaries for computing mean and std.dev: (1, 695)
[M::mem_pestat] mean and std.dev: (307.02, 115.63)
[M::mem_pestat] low and high boundaries for proper pairs: (1, 853)
[M::mem_pestat] skip orientation RF as there are not enough pairs
[M::mem_pestat] skip orientation RR as there are not enough pairs
[0000] 10. Calling kt_for - worker_sam
	[0000][ M::mem_process_seqs] Processed 529802 reads in 1005.982 CPU sec, 127.484 real sec
[0000] 2. Calling mem_process_seqs.., task: 218
[0000] 3. Calling kt_for - worker_bwt
[0000] read_chunk: 80000000, work_chunk_size: 80000102, nseq: 529802
	[0000][ M::kt_pipeline] read 529802 sequences (80000102 bp)...
[0000] 3. Calling kt_for - worker_aln
Inferring insert size distribution from data, l_pac: 2069526396, n: 529802
[M::mem_pestat] # candidate unique pairs for (FF, FR, RF, RR): (2, 56063, 7, 5)
[M::mem_pestat] skip orientation FF as there are not enough pairs
[M::mem_pestat] analyzing insert size distribution for orientation FR...
[M::mem_pestat] (25, 50, 75) percentile: (221, 288, 379)
[M::mem_pestat] low and high boundaries for computing mean and std.dev: (1, 695)
[M::mem_pestat] mean and std.dev: (307.04, 115.20)
[M::mem_pestat] low and high boundaries for proper pairs: (1, 853)
[M::mem_pestat] skip orientation RF as there are not enough pairs
[M::mem_pestat] skip orientation RR as there are not enough pairs
[0000] 10. Calling kt_for - worker_sam
	[0000][ M::mem_process_seqs] Processed 529802 reads in 979.948 CPU sec, 123.971 real sec
[0000] 2. Calling mem_process_seqs.., task: 219
[0000] 3. Calling kt_for - worker_bwt
[0000] read_chunk: 80000000, work_chunk_size: 80000102, nseq: 529802
	[0000][ M::kt_pipeline] read 529802 sequences (80000102 bp)...
[0000] 3. Calling kt_for - worker_aln
Inferring insert size distribution from data, l_pac: 2069526396, n: 529802
[M::mem_pestat] # candidate unique pairs for (FF, FR, RF, RR): (4, 56541, 7, 3)
[M::mem_pestat] skip orientation FF as there are not enough pairs
[M::mem_pestat] analyzing insert size distribution for orientation FR...
[M::mem_pestat] (25, 50, 75) percentile: (222, 287, 378)
[M::mem_pestat] low and high boundaries for computing mean and std.dev: (1, 690)
[M::mem_pestat] mean and std.dev: (306.92, 114.80)
[M::mem_pestat] low and high boundaries for proper pairs: (1, 846)
[M::mem_pestat] skip orientation RF as there are not enough pairs
[M::mem_pestat] skip orientation RR as there are not enough pairs
[0000] 10. Calling kt_for - worker_sam
	[0000][ M::mem_process_seqs] Processed 529802 reads in 956.882 CPU sec, 120.834 real sec
[0000] 2. Calling mem_process_seqs.., task: 220
[0000] 3. Calling kt_for - worker_bwt
[0000] read_chunk: 80000000, work_chunk_size: 80000102, nseq: 529802
	[0000][ M::kt_pipeline] read 529802 sequences (80000102 bp)...
[0000] 3. Calling kt_for - worker_aln
Inferring insert size distribution from data, l_pac: 2069526396, n: 529802
[M::mem_pestat] # candidate unique pairs for (FF, FR, RF, RR): (4, 56500, 8, 4)
[M::mem_pestat] skip orientation FF as there are not enough pairs
[M::mem_pestat] analyzing insert size distribution for orientation FR...
[M::mem_pestat] (25, 50, 75) percentile: (223, 289, 380)
[M::mem_pestat] low and high boundaries for computing mean and std.dev: (1, 694)
[M::mem_pestat] mean and std.dev: (308.11, 115.19)
[M::mem_pestat] low and high boundaries for proper pairs: (1, 851)
[M::mem_pestat] skip orientation RF as there are not enough pairs
[M::mem_pestat] skip orientation RR as there are not enough pairs
[0000] 10. Calling kt_for - worker_sam
	[0000][ M::mem_process_seqs] Processed 529802 reads in 947.944 CPU sec, 119.588 real sec
[0000] 2. Calling mem_process_seqs.., task: 221
[0000] 3. Calling kt_for - worker_bwt
[0000] read_chunk: 80000000, work_chunk_size: 80000102, nseq: 529802
	[0000][ M::kt_pipeline] read 529802 sequences (80000102 bp)...
[0000] 3. Calling kt_for - worker_aln
Inferring insert size distribution from data, l_pac: 2069526396, n: 529802
[M::mem_pestat] # candidate unique pairs for (FF, FR, RF, RR): (1, 56183, 7, 1)
[M::mem_pestat] skip orientation FF as there are not enough pairs
[M::mem_pestat] analyzing insert size distribution for orientation FR...
[M::mem_pestat] (25, 50, 75) percentile: (223, 291, 383)
[M::mem_pestat] low and high boundaries for computing mean and std.dev: (1, 703)
[M::mem_pestat] mean and std.dev: (310.11, 116.64)
[M::mem_pestat] low and high boundaries for proper pairs: (1, 863)
[M::mem_pestat] skip orientation RF as there are not enough pairs
[M::mem_pestat] skip orientation RR as there are not enough pairs
[0000] 10. Calling kt_for - worker_sam
	[0000][ M::mem_process_seqs] Processed 529802 reads in 948.936 CPU sec, 119.896 real sec
[0000] 2. Calling mem_process_seqs.., task: 222
[0000] 3. Calling kt_for - worker_bwt
[0000] read_chunk: 80000000, work_chunk_size: 80000102, nseq: 529802
	[0000][ M::kt_pipeline] read 529802 sequences (80000102 bp)...
[0000] 3. Calling kt_for - worker_aln
Inferring insert size distribution from data, l_pac: 2069526396, n: 529802
[M::mem_pestat] # candidate unique pairs for (FF, FR, RF, RR): (1, 56595, 8, 5)
[M::mem_pestat] skip orientation FF as there are not enough pairs
[M::mem_pestat] analyzing insert size distribution for orientation FR...
[M::mem_pestat] (25, 50, 75) percentile: (222, 288, 381)
[M::mem_pestat] low and high boundaries for computing mean and std.dev: (1, 699)
[M::mem_pestat] mean and std.dev: (308.42, 116.56)
[M::mem_pestat] low and high boundaries for proper pairs: (1, 858)
[M::mem_pestat] skip orientation RF as there are not enough pairs
[M::mem_pestat] skip orientation RR as there are not enough pairs
[0000] 10. Calling kt_for - worker_sam
	[0000][ M::mem_process_seqs] Processed 529802 reads in 963.175 CPU sec, 121.908 real sec
[0000] 2. Calling mem_process_seqs.., task: 223
[0000] 3. Calling kt_for - worker_bwt
[0000] read_chunk: 80000000, work_chunk_size: 80000102, nseq: 529802
	[0000][ M::kt_pipeline] read 529802 sequences (80000102 bp)...
[0000] 3. Calling kt_for - worker_aln
Inferring insert size distribution from data, l_pac: 2069526396, n: 529802
[M::mem_pestat] # candidate unique pairs for (FF, FR, RF, RR): (2, 56531, 8, 6)
[M::mem_pestat] skip orientation FF as there are not enough pairs
[M::mem_pestat] analyzing insert size distribution for orientation FR...
[M::mem_pestat] (25, 50, 75) percentile: (223, 290, 382)
[M::mem_pestat] low and high boundaries for computing mean and std.dev: (1, 700)
[M::mem_pestat] mean and std.dev: (309.18, 115.90)
[M::mem_pestat] low and high boundaries for proper pairs: (1, 859)
[M::mem_pestat] skip orientation RF as there are not enough pairs
[M::mem_pestat] skip orientation RR as there are not enough pairs
[0000] 10. Calling kt_for - worker_sam
	[0000][ M::mem_process_seqs] Processed 529802 reads in 961.691 CPU sec, 121.969 real sec
[0000] 2. Calling mem_process_seqs.., task: 224
[0000] 3. Calling kt_for - worker_bwt
[0000] read_chunk: 80000000, work_chunk_size: 80000102, nseq: 529802
	[0000][ M::kt_pipeline] read 529802 sequences (80000102 bp)...
[0000] 3. Calling kt_for - worker_aln
Inferring insert size distribution from data, l_pac: 2069526396, n: 529802
[M::mem_pestat] # candidate unique pairs for (FF, FR, RF, RR): (1, 56278, 8, 8)
[M::mem_pestat] skip orientation FF as there are not enough pairs
[M::mem_pestat] analyzing insert size distribution for orientation FR...
[M::mem_pestat] (25, 50, 75) percentile: (223, 289, 382)
[M::mem_pestat] low and high boundaries for computing mean and std.dev: (1, 700)
[M::mem_pestat] mean and std.dev: (309.43, 116.65)
[M::mem_pestat] low and high boundaries for proper pairs: (1, 859)
[M::mem_pestat] skip orientation RF as there are not enough pairs
[M::mem_pestat] skip orientation RR as there are not enough pairs
[0000] 10. Calling kt_for - worker_sam
	[0000][ M::mem_process_seqs] Processed 529802 reads in 937.612 CPU sec, 118.498 real sec
[0000] 2. Calling mem_process_seqs.., task: 225
[0000] 3. Calling kt_for - worker_bwt
[0000] read_chunk: 80000000, work_chunk_size: 80000102, nseq: 529802
	[0000][ M::kt_pipeline] read 529802 sequences (80000102 bp)...
[0000] 3. Calling kt_for - worker_aln
Inferring insert size distribution from data, l_pac: 2069526396, n: 529802
[M::mem_pestat] # candidate unique pairs for (FF, FR, RF, RR): (2, 56444, 7, 2)
[M::mem_pestat] skip orientation FF as there are not enough pairs
[M::mem_pestat] analyzing insert size distribution for orientation FR...
[M::mem_pestat] (25, 50, 75) percentile: (223, 290, 383)
[M::mem_pestat] low and high boundaries for computing mean and std.dev: (1, 703)
[M::mem_pestat] mean and std.dev: (310.47, 116.95)
[M::mem_pestat] low and high boundaries for proper pairs: (1, 863)
[M::mem_pestat] skip orientation RF as there are not enough pairs
[M::mem_pestat] skip orientation RR as there are not enough pairs
[0000] 10. Calling kt_for - worker_sam
	[0000][ M::mem_process_seqs] Processed 529802 reads in 958.915 CPU sec, 121.206 real sec
[0000] 2. Calling mem_process_seqs.., task: 226
[0000] 3. Calling kt_for - worker_bwt
[0000] read_chunk: 80000000, work_chunk_size: 80000102, nseq: 529802
	[0000][ M::kt_pipeline] read 529802 sequences (80000102 bp)...
[0000] 3. Calling kt_for - worker_aln
Inferring insert size distribution from data, l_pac: 2069526396, n: 529802
[M::mem_pestat] # candidate unique pairs for (FF, FR, RF, RR): (4, 56116, 8, 5)
[M::mem_pestat] skip orientation FF as there are not enough pairs
[M::mem_pestat] analyzing insert size distribution for orientation FR...
[M::mem_pestat] (25, 50, 75) percentile: (223, 289, 381)
[M::mem_pestat] low and high boundaries for computing mean and std.dev: (1, 697)
[M::mem_pestat] mean and std.dev: (308.77, 115.88)
[M::mem_pestat] low and high boundaries for proper pairs: (1, 855)
[M::mem_pestat] skip orientation RF as there are not enough pairs
[M::mem_pestat] skip orientation RR as there are not enough pairs
[0000] 10. Calling kt_for - worker_sam
	[0000][ M::mem_process_seqs] Processed 529802 reads in 959.748 CPU sec, 121.266 real sec
[0000] 2. Calling mem_process_seqs.., task: 227
[0000] 3. Calling kt_for - worker_bwt
[0000] read_chunk: 80000000, work_chunk_size: 80000102, nseq: 529802
	[0000][ M::kt_pipeline] read 529802 sequences (80000102 bp)...
[0000] 3. Calling kt_for - worker_aln
Inferring insert size distribution from data, l_pac: 2069526396, n: 529802
[M::mem_pestat] # candidate unique pairs for (FF, FR, RF, RR): (0, 56371, 5, 1)
[M::mem_pestat] skip orientation FF as there are not enough pairs
[M::mem_pestat] analyzing insert size distribution for orientation FR...
[M::mem_pestat] (25, 50, 75) percentile: (223, 289, 380)
[M::mem_pestat] low and high boundaries for computing mean and std.dev: (1, 694)
[M::mem_pestat] mean and std.dev: (308.50, 115.54)
[M::mem_pestat] low and high boundaries for proper pairs: (1, 851)
[M::mem_pestat] skip orientation RF as there are not enough pairs
[M::mem_pestat] skip orientation RR as there are not enough pairs
[0000] 10. Calling kt_for - worker_sam
	[0000][ M::mem_process_seqs] Processed 529802 reads in 939.789 CPU sec, 118.711 real sec
[0000] 2. Calling mem_process_seqs.., task: 228
[0000] 3. Calling kt_for - worker_bwt
[0000] read_chunk: 80000000, work_chunk_size: 80000102, nseq: 529802
	[0000][ M::kt_pipeline] read 529802 sequences (80000102 bp)...
[0000] 3. Calling kt_for - worker_aln
Inferring insert size distribution from data, l_pac: 2069526396, n: 529802
[M::mem_pestat] # candidate unique pairs for (FF, FR, RF, RR): (1, 55877, 9, 5)
[M::mem_pestat] skip orientation FF as there are not enough pairs
[M::mem_pestat] analyzing insert size distribution for orientation FR...
[M::mem_pestat] (25, 50, 75) percentile: (222, 290, 381)
[M::mem_pestat] low and high boundaries for computing mean and std.dev: (1, 699)
[M::mem_pestat] mean and std.dev: (308.85, 116.14)
[M::mem_pestat] low and high boundaries for proper pairs: (1, 858)
[M::mem_pestat] skip orientation RF as there are not enough pairs
[M::mem_pestat] skip orientation RR as there are not enough pairs
[0000] 10. Calling kt_for - worker_sam
	[0000][ M::mem_process_seqs] Processed 529802 reads in 945.130 CPU sec, 119.368 real sec
[0000] 2. Calling mem_process_seqs.., task: 229
[0000] 3. Calling kt_for - worker_bwt
[0000] read_chunk: 80000000, work_chunk_size: 80000102, nseq: 529802
	[0000][ M::kt_pipeline] read 529802 sequences (80000102 bp)...
[0000] 3. Calling kt_for - worker_aln
Inferring insert size distribution from data, l_pac: 2069526396, n: 529802
[M::mem_pestat] # candidate unique pairs for (FF, FR, RF, RR): (3, 56593, 8, 1)
[M::mem_pestat] skip orientation FF as there are not enough pairs
[M::mem_pestat] analyzing insert size distribution for orientation FR...
[M::mem_pestat] (25, 50, 75) percentile: (222, 288, 379)
[M::mem_pestat] low and high boundaries for computing mean and std.dev: (1, 693)
[M::mem_pestat] mean and std.dev: (307.18, 114.80)
[M::mem_pestat] low and high boundaries for proper pairs: (1, 850)
[M::mem_pestat] skip orientation RF as there are not enough pairs
[M::mem_pestat] skip orientation RR as there are not enough pairs
[0000] 10. Calling kt_for - worker_sam
	[0000][ M::mem_process_seqs] Processed 529802 reads in 983.289 CPU sec, 124.311 real sec
[0000] 2. Calling mem_process_seqs.., task: 230
[0000] 3. Calling kt_for - worker_bwt
[0000] read_chunk: 80000000, work_chunk_size: 80000102, nseq: 529802
	[0000][ M::kt_pipeline] read 529802 sequences (80000102 bp)...
[0000] 3. Calling kt_for - worker_aln
Inferring insert size distribution from data, l_pac: 2069526396, n: 529802
[M::mem_pestat] # candidate unique pairs for (FF, FR, RF, RR): (1, 56258, 8, 3)
[M::mem_pestat] skip orientation FF as there are not enough pairs
[M::mem_pestat] analyzing insert size distribution for orientation FR...
[M::mem_pestat] (25, 50, 75) percentile: (222, 289, 381)
[M::mem_pestat] low and high boundaries for computing mean and std.dev: (1, 699)
[M::mem_pestat] mean and std.dev: (308.89, 116.13)
[M::mem_pestat] low and high boundaries for proper pairs: (1, 858)
[M::mem_pestat] skip orientation RF as there are not enough pairs
[M::mem_pestat] skip orientation RR as there are not enough pairs
[0000] 10. Calling kt_for - worker_sam
	[0000][ M::mem_process_seqs] Processed 529802 reads in 970.090 CPU sec, 122.575 real sec
[0000] 2. Calling mem_process_seqs.., task: 231
[0000] 3. Calling kt_for - worker_bwt
[0000] read_chunk: 80000000, work_chunk_size: 80000102, nseq: 529802
	[0000][ M::kt_pipeline] read 529802 sequences (80000102 bp)...
[0000] 3. Calling kt_for - worker_aln
Inferring insert size distribution from data, l_pac: 2069526396, n: 529802
[M::mem_pestat] # candidate unique pairs for (FF, FR, RF, RR): (0, 56254, 4, 0)
[M::mem_pestat] skip orientation FF as there are not enough pairs
[M::mem_pestat] analyzing insert size distribution for orientation FR...
[M::mem_pestat] (25, 50, 75) percentile: (223, 290, 382)
[M::mem_pestat] low and high boundaries for computing mean and std.dev: (1, 700)
[M::mem_pestat] mean and std.dev: (309.82, 116.34)
[M::mem_pestat] low and high boundaries for proper pairs: (1, 859)
[M::mem_pestat] skip orientation RF as there are not enough pairs
[M::mem_pestat] skip orientation RR as there are not enough pairs
[0000] 10. Calling kt_for - worker_sam
	[0000][ M::mem_process_seqs] Processed 529802 reads in 997.612 CPU sec, 126.242 real sec
[0000] 2. Calling mem_process_seqs.., task: 232
[0000] 3. Calling kt_for - worker_bwt
[0000] read_chunk: 80000000, work_chunk_size: 80000102, nseq: 529802
	[0000][ M::kt_pipeline] read 529802 sequences (80000102 bp)...
[0000] 3. Calling kt_for - worker_aln
Inferring insert size distribution from data, l_pac: 2069526396, n: 529802
[M::mem_pestat] # candidate unique pairs for (FF, FR, RF, RR): (1, 56467, 6, 4)
[M::mem_pestat] skip orientation FF as there are not enough pairs
[M::mem_pestat] analyzing insert size distribution for orientation FR...
[M::mem_pestat] (25, 50, 75) percentile: (222, 289, 381)
[M::mem_pestat] low and high boundaries for computing mean and std.dev: (1, 699)
[M::mem_pestat] mean and std.dev: (308.67, 115.98)
[M::mem_pestat] low and high boundaries for proper pairs: (1, 858)
[M::mem_pestat] skip orientation RF as there are not enough pairs
[M::mem_pestat] skip orientation RR as there are not enough pairs
[0000] 10. Calling kt_for - worker_sam
	[0000][ M::mem_process_seqs] Processed 529802 reads in 960.474 CPU sec, 121.342 real sec
[0000] 2. Calling mem_process_seqs.., task: 233
[0000] 3. Calling kt_for - worker_bwt
[0000] read_chunk: 80000000, work_chunk_size: 80000102, nseq: 529802
	[0000][ M::kt_pipeline] read 529802 sequences (80000102 bp)...
[0000] 3. Calling kt_for - worker_aln
Inferring insert size distribution from data, l_pac: 2069526396, n: 529802
[M::mem_pestat] # candidate unique pairs for (FF, FR, RF, RR): (5, 56506, 10, 5)
[M::mem_pestat] skip orientation FF as there are not enough pairs
[M::mem_pestat] analyzing insert size distribution for orientation FR...
[M::mem_pestat] (25, 50, 75) percentile: (223, 289, 381)
[M::mem_pestat] low and high boundaries for computing mean and std.dev: (1, 697)
[M::mem_pestat] mean and std.dev: (309.53, 115.99)
[M::mem_pestat] low and high boundaries for proper pairs: (1, 855)
[M::mem_pestat] analyzing insert size distribution for orientation RF...
[M::mem_pestat] (25, 50, 75) percentile: (622, 2026, 6054)
[M::mem_pestat] low and high boundaries for computing mean and std.dev: (1, 16918)
[M::mem_pestat] mean and std.dev: (2701.40, 2513.89)
[M::mem_pestat] low and high boundaries for proper pairs: (1, 22350)
[M::mem_pestat] skip orientation RR as there are not enough pairs
[M::mem_pestat] skip orientation RF
[0000] 10. Calling kt_for - worker_sam
	[0000][ M::mem_process_seqs] Processed 529802 reads in 952.956 CPU sec, 120.448 real sec
[0000] 2. Calling mem_process_seqs.., task: 234
[0000] 3. Calling kt_for - worker_bwt
[0000] read_chunk: 80000000, work_chunk_size: 80000102, nseq: 529802
	[0000][ M::kt_pipeline] read 529802 sequences (80000102 bp)...
[0000] 3. Calling kt_for - worker_aln
Inferring insert size distribution from data, l_pac: 2069526396, n: 529802
[M::mem_pestat] # candidate unique pairs for (FF, FR, RF, RR): (1, 56042, 9, 3)
[M::mem_pestat] skip orientation FF as there are not enough pairs
[M::mem_pestat] analyzing insert size distribution for orientation FR...
[M::mem_pestat] (25, 50, 75) percentile: (224, 291, 383)
[M::mem_pestat] low and high boundaries for computing mean and std.dev: (1, 701)
[M::mem_pestat] mean and std.dev: (310.32, 116.40)
[M::mem_pestat] low and high boundaries for proper pairs: (1, 860)
[M::mem_pestat] skip orientation RF as there are not enough pairs
[M::mem_pestat] skip orientation RR as there are not enough pairs
[0000] 10. Calling kt_for - worker_sam
	[0000][ M::mem_process_seqs] Processed 529802 reads in 933.356 CPU sec, 117.559 real sec
[0000] 2. Calling mem_process_seqs.., task: 235
[0000] 3. Calling kt_for - worker_bwt
[0000] read_chunk: 80000000, work_chunk_size: 80000102, nseq: 529802
	[0000][ M::kt_pipeline] read 529802 sequences (80000102 bp)...
[0000] 3. Calling kt_for - worker_aln
Inferring insert size distribution from data, l_pac: 2069526396, n: 529802
[M::mem_pestat] # candidate unique pairs for (FF, FR, RF, RR): (5, 56268, 12, 1)
[M::mem_pestat] skip orientation FF as there are not enough pairs
[M::mem_pestat] analyzing insert size distribution for orientation FR...
[M::mem_pestat] (25, 50, 75) percentile: (222, 289, 380)
[M::mem_pestat] low and high boundaries for computing mean and std.dev: (1, 696)
[M::mem_pestat] mean and std.dev: (308.75, 115.84)
[M::mem_pestat] low and high boundaries for proper pairs: (1, 854)
[M::mem_pestat] analyzing insert size distribution for orientation RF...
[M::mem_pestat] (25, 50, 75) percentile: (236, 772, 3151)
[M::mem_pestat] low and high boundaries for computing mean and std.dev: (1, 8981)
[M::mem_pestat] mean and std.dev: (1591.25, 1694.12)
[M::mem_pestat] low and high boundaries for proper pairs: (1, 11896)
[M::mem_pestat] skip orientation RR as there are not enough pairs
[M::mem_pestat] skip orientation RF
[0000] 10. Calling kt_for - worker_sam
	[0000][ M::mem_process_seqs] Processed 529802 reads in 1014.274 CPU sec, 128.323 real sec
[0000] 2. Calling mem_process_seqs.., task: 236
[0000] 3. Calling kt_for - worker_bwt
[0000] read_chunk: 80000000, work_chunk_size: 80000102, nseq: 529802
	[0000][ M::kt_pipeline] read 529802 sequences (80000102 bp)...
[0000] 3. Calling kt_for - worker_aln
Inferring insert size distribution from data, l_pac: 2069526396, n: 529802
[M::mem_pestat] # candidate unique pairs for (FF, FR, RF, RR): (2, 56335, 7, 5)
[M::mem_pestat] skip orientation FF as there are not enough pairs
[M::mem_pestat] analyzing insert size distribution for orientation FR...
[M::mem_pestat] (25, 50, 75) percentile: (222, 290, 382)
[M::mem_pestat] low and high boundaries for computing mean and std.dev: (1, 702)
[M::mem_pestat] mean and std.dev: (309.54, 116.29)
[M::mem_pestat] low and high boundaries for proper pairs: (1, 862)
[M::mem_pestat] skip orientation RF as there are not enough pairs
[M::mem_pestat] skip orientation RR as there are not enough pairs
[0000] 10. Calling kt_for - worker_sam
	[0000][ M::mem_process_seqs] Processed 529802 reads in 1028.597 CPU sec, 130.407 real sec
[0000] 2. Calling mem_process_seqs.., task: 237
[0000] 3. Calling kt_for - worker_bwt
[0000] read_chunk: 80000000, work_chunk_size: 80000102, nseq: 529802
	[0000][ M::kt_pipeline] read 529802 sequences (80000102 bp)...
[0000] 3. Calling kt_for - worker_aln
Inferring insert size distribution from data, l_pac: 2069526396, n: 529802
[M::mem_pestat] # candidate unique pairs for (FF, FR, RF, RR): (1, 56103, 8, 1)
[M::mem_pestat] skip orientation FF as there are not enough pairs
[M::mem_pestat] analyzing insert size distribution for orientation FR...
[M::mem_pestat] (25, 50, 75) percentile: (223, 288, 380)
[M::mem_pestat] low and high boundaries for computing mean and std.dev: (1, 694)
[M::mem_pestat] mean and std.dev: (308.52, 115.18)
[M::mem_pestat] low and high boundaries for proper pairs: (1, 851)
[M::mem_pestat] skip orientation RF as there are not enough pairs
[M::mem_pestat] skip orientation RR as there are not enough pairs
[0000] 10. Calling kt_for - worker_sam
	[0000][ M::mem_process_seqs] Processed 529802 reads in 1000.707 CPU sec, 126.823 real sec
[0000] 2. Calling mem_process_seqs.., task: 238
[0000] 3. Calling kt_for - worker_bwt
[0000] read_chunk: 80000000, work_chunk_size: 80000102, nseq: 529802
	[0000][ M::kt_pipeline] read 529802 sequences (80000102 bp)...
[0000] 3. Calling kt_for - worker_aln
Inferring insert size distribution from data, l_pac: 2069526396, n: 529802
[M::mem_pestat] # candidate unique pairs for (FF, FR, RF, RR): (5, 56036, 9, 1)
[M::mem_pestat] skip orientation FF as there are not enough pairs
[M::mem_pestat] analyzing insert size distribution for orientation FR...
[M::mem_pestat] (25, 50, 75) percentile: (223, 290, 381)
[M::mem_pestat] low and high boundaries for computing mean and std.dev: (1, 697)
[M::mem_pestat] mean and std.dev: (308.79, 115.81)
[M::mem_pestat] low and high boundaries for proper pairs: (1, 855)
[M::mem_pestat] skip orientation RF as there are not enough pairs
[M::mem_pestat] skip orientation RR as there are not enough pairs
[0000] 10. Calling kt_for - worker_sam
	[0000][ M::mem_process_seqs] Processed 529802 reads in 1053.421 CPU sec, 133.597 real sec
[0000] 2. Calling mem_process_seqs.., task: 239
[0000] 3. Calling kt_for - worker_bwt
[0000] read_chunk: 80000000, work_chunk_size: 80000102, nseq: 529802
	[0000][ M::kt_pipeline] read 529802 sequences (80000102 bp)...
[0000] 3. Calling kt_for - worker_aln
Inferring insert size distribution from data, l_pac: 2069526396, n: 529802
[M::mem_pestat] # candidate unique pairs for (FF, FR, RF, RR): (6, 56113, 10, 0)
[M::mem_pestat] skip orientation FF as there are not enough pairs
[M::mem_pestat] analyzing insert size distribution for orientation FR...
[M::mem_pestat] (25, 50, 75) percentile: (223, 290, 382)
[M::mem_pestat] low and high boundaries for computing mean and std.dev: (1, 700)
[M::mem_pestat] mean and std.dev: (309.47, 115.99)
[M::mem_pestat] low and high boundaries for proper pairs: (1, 859)
[M::mem_pestat] analyzing insert size distribution for orientation RF...
[M::mem_pestat] (25, 50, 75) percentile: (135, 3770, 4941)
[M::mem_pestat] low and high boundaries for computing mean and std.dev: (1, 14553)
[M::mem_pestat] mean and std.dev: (2493.70, 2362.38)
[M::mem_pestat] low and high boundaries for proper pairs: (1, 19359)
[M::mem_pestat] skip orientation RR as there are not enough pairs
[M::mem_pestat] skip orientation RF
[0000] 10. Calling kt_for - worker_sam
	[0000][ M::mem_process_seqs] Processed 529802 reads in 999.179 CPU sec, 126.214 real sec
[0000] 2. Calling mem_process_seqs.., task: 240
[0000] 3. Calling kt_for - worker_bwt
[0000] read_chunk: 80000000, work_chunk_size: 80000102, nseq: 529802
	[0000][ M::kt_pipeline] read 529802 sequences (80000102 bp)...
[0000] 3. Calling kt_for - worker_aln
Inferring insert size distribution from data, l_pac: 2069526396, n: 529802
[M::mem_pestat] # candidate unique pairs for (FF, FR, RF, RR): (3, 56579, 6, 7)
[M::mem_pestat] skip orientation FF as there are not enough pairs
[M::mem_pestat] analyzing insert size distribution for orientation FR...
[M::mem_pestat] (25, 50, 75) percentile: (220, 286, 375)
[M::mem_pestat] low and high boundaries for computing mean and std.dev: (1, 685)
[M::mem_pestat] mean and std.dev: (305.07, 114.29)
[M::mem_pestat] low and high boundaries for proper pairs: (1, 840)
[M::mem_pestat] skip orientation RF as there are not enough pairs
[M::mem_pestat] skip orientation RR as there are not enough pairs
[0000] 10. Calling kt_for - worker_sam
	[0000][ M::mem_process_seqs] Processed 529802 reads in 1107.799 CPU sec, 140.264 real sec
[0000] 2. Calling mem_process_seqs.., task: 241
[0000] 3. Calling kt_for - worker_bwt
[0000] read_chunk: 80000000, work_chunk_size: 80000102, nseq: 529802
	[0000][ M::kt_pipeline] read 529802 sequences (80000102 bp)...
[0000] 3. Calling kt_for - worker_aln
Inferring insert size distribution from data, l_pac: 2069526396, n: 529802
[M::mem_pestat] # candidate unique pairs for (FF, FR, RF, RR): (1, 56403, 16, 3)
[M::mem_pestat] skip orientation FF as there are not enough pairs
[M::mem_pestat] analyzing insert size distribution for orientation FR...
[M::mem_pestat] (25, 50, 75) percentile: (221, 287, 378)
[M::mem_pestat] low and high boundaries for computing mean and std.dev: (1, 692)
[M::mem_pestat] mean and std.dev: (306.55, 115.38)
[M::mem_pestat] low and high boundaries for proper pairs: (1, 849)
[M::mem_pestat] analyzing insert size distribution for orientation RF...
[M::mem_pestat] (25, 50, 75) percentile: (78, 1168, 4103)
[M::mem_pestat] low and high boundaries for computing mean and std.dev: (1, 12153)
[M::mem_pestat] mean and std.dev: (2306.69, 2804.44)
[M::mem_pestat] low and high boundaries for proper pairs: (1, 16178)
[M::mem_pestat] skip orientation RR as there are not enough pairs
[M::mem_pestat] skip orientation RF
[0000] 10. Calling kt_for - worker_sam
	[0000][ M::mem_process_seqs] Processed 529802 reads in 1038.364 CPU sec, 131.007 real sec
[0000] 2. Calling mem_process_seqs.., task: 242
[0000] 3. Calling kt_for - worker_bwt
[0000] read_chunk: 80000000, work_chunk_size: 80000102, nseq: 529802
	[0000][ M::kt_pipeline] read 529802 sequences (80000102 bp)...
[0000] 3. Calling kt_for - worker_aln
Inferring insert size distribution from data, l_pac: 2069526396, n: 529802
[M::mem_pestat] # candidate unique pairs for (FF, FR, RF, RR): (5, 55884, 7, 2)
[M::mem_pestat] skip orientation FF as there are not enough pairs
[M::mem_pestat] analyzing insert size distribution for orientation FR...
[M::mem_pestat] (25, 50, 75) percentile: (223, 288, 379)
[M::mem_pestat] low and high boundaries for computing mean and std.dev: (1, 691)
[M::mem_pestat] mean and std.dev: (307.66, 115.09)
[M::mem_pestat] low and high boundaries for proper pairs: (1, 847)
[M::mem_pestat] skip orientation RF as there are not enough pairs
[M::mem_pestat] skip orientation RR as there are not enough pairs
[0000] 10. Calling kt_for - worker_sam
	[0000][ M::mem_process_seqs] Processed 529802 reads in 1068.871 CPU sec, 135.392 real sec
[0000] 2. Calling mem_process_seqs.., task: 243
[0000] 3. Calling kt_for - worker_bwt
[0000] read_chunk: 80000000, work_chunk_size: 80000102, nseq: 529802
	[0000][ M::kt_pipeline] read 529802 sequences (80000102 bp)...
[0000] 3. Calling kt_for - worker_aln
Inferring insert size distribution from data, l_pac: 2069526396, n: 529802
[M::mem_pestat] # candidate unique pairs for (FF, FR, RF, RR): (1, 55945, 13, 4)
[M::mem_pestat] skip orientation FF as there are not enough pairs
[M::mem_pestat] analyzing insert size distribution for orientation FR...
[M::mem_pestat] (25, 50, 75) percentile: (221, 287, 376)
[M::mem_pestat] low and high boundaries for computing mean and std.dev: (1, 686)
[M::mem_pestat] mean and std.dev: (305.49, 114.26)
[M::mem_pestat] low and high boundaries for proper pairs: (1, 841)
[M::mem_pestat] analyzing insert size distribution for orientation RF...
[M::mem_pestat] (25, 50, 75) percentile: (254, 899, 7344)
[M::mem_pestat] low and high boundaries for computing mean and std.dev: (1, 21524)
[M::mem_pestat] mean and std.dev: (3366.62, 3506.09)
[M::mem_pestat] low and high boundaries for proper pairs: (1, 28614)
[M::mem_pestat] skip orientation RR as there are not enough pairs
[M::mem_pestat] skip orientation RF
[0000] 10. Calling kt_for - worker_sam
	[0000][ M::mem_process_seqs] Processed 529802 reads in 1012.885 CPU sec, 128.135 real sec
[0000] 2. Calling mem_process_seqs.., task: 244
[0000] 3. Calling kt_for - worker_bwt
[0000] read_chunk: 80000000, work_chunk_size: 80000102, nseq: 529802
	[0000][ M::kt_pipeline] read 529802 sequences (80000102 bp)...
[0000] 3. Calling kt_for - worker_aln
Inferring insert size distribution from data, l_pac: 2069526396, n: 529802
[M::mem_pestat] # candidate unique pairs for (FF, FR, RF, RR): (1, 56498, 14, 1)
[M::mem_pestat] skip orientation FF as there are not enough pairs
[M::mem_pestat] analyzing insert size distribution for orientation FR...
[M::mem_pestat] (25, 50, 75) percentile: (221, 287, 378)
[M::mem_pestat] low and high boundaries for computing mean and std.dev: (1, 692)
[M::mem_pestat] mean and std.dev: (306.21, 115.51)
[M::mem_pestat] low and high boundaries for proper pairs: (1, 849)
[M::mem_pestat] analyzing insert size distribution for orientation RF...
[M::mem_pestat] (25, 50, 75) percentile: (78, 283, 2576)
[M::mem_pestat] low and high boundaries for computing mean and std.dev: (1, 7572)
[M::mem_pestat] mean and std.dev: (944.08, 1548.71)
[M::mem_pestat] low and high boundaries for proper pairs: (1, 10070)
[M::mem_pestat] skip orientation RR as there are not enough pairs
[M::mem_pestat] skip orientation RF
[0000] 10. Calling kt_for - worker_sam
	[0000][ M::mem_process_seqs] Processed 529802 reads in 1033.685 CPU sec, 130.693 real sec
[0000] 2. Calling mem_process_seqs.., task: 245
[0000] 3. Calling kt_for - worker_bwt
[0000] read_chunk: 80000000, work_chunk_size: 80000102, nseq: 529802
	[0000][ M::kt_pipeline] read 529802 sequences (80000102 bp)...
[0000] 3. Calling kt_for - worker_aln
Inferring insert size distribution from data, l_pac: 2069526396, n: 529802
[M::mem_pestat] # candidate unique pairs for (FF, FR, RF, RR): (6, 55873, 8, 1)
[M::mem_pestat] skip orientation FF as there are not enough pairs
[M::mem_pestat] analyzing insert size distribution for orientation FR...
[M::mem_pestat] (25, 50, 75) percentile: (221, 289, 379)
[M::mem_pestat] low and high boundaries for computing mean and std.dev: (1, 695)
[M::mem_pestat] mean and std.dev: (307.50, 115.75)
[M::mem_pestat] low and high boundaries for proper pairs: (1, 853)
[M::mem_pestat] skip orientation RF as there are not enough pairs
[M::mem_pestat] skip orientation RR as there are not enough pairs
[0000] 10. Calling kt_for - worker_sam
	[0000][ M::mem_process_seqs] Processed 529802 reads in 1055.331 CPU sec, 133.540 real sec
[0000] 2. Calling mem_process_seqs.., task: 246
[0000] 3. Calling kt_for - worker_bwt
[0000] read_chunk: 80000000, work_chunk_size: 80000102, nseq: 529802
	[0000][ M::kt_pipeline] read 529802 sequences (80000102 bp)...
[0000] 3. Calling kt_for - worker_aln
Inferring insert size distribution from data, l_pac: 2069526396, n: 529802
[M::mem_pestat] # candidate unique pairs for (FF, FR, RF, RR): (2, 56684, 5, 3)
[M::mem_pestat] skip orientation FF as there are not enough pairs
[M::mem_pestat] analyzing insert size distribution for orientation FR...
[M::mem_pestat] (25, 50, 75) percentile: (221, 287, 378)
[M::mem_pestat] low and high boundaries for computing mean and std.dev: (1, 692)
[M::mem_pestat] mean and std.dev: (306.51, 114.54)
[M::mem_pestat] low and high boundaries for proper pairs: (1, 849)
[M::mem_pestat] skip orientation RF as there are not enough pairs
[M::mem_pestat] skip orientation RR as there are not enough pairs
[0000] 10. Calling kt_for - worker_sam
	[0000][ M::mem_process_seqs] Processed 529802 reads in 1015.174 CPU sec, 128.326 real sec
[0000] 2. Calling mem_process_seqs.., task: 247
[0000] 3. Calling kt_for - worker_bwt
[0000] read_chunk: 80000000, work_chunk_size: 80000102, nseq: 529802
	[0000][ M::kt_pipeline] read 529802 sequences (80000102 bp)...
[0000] 3. Calling kt_for - worker_aln
Inferring insert size distribution from data, l_pac: 2069526396, n: 529802
[M::mem_pestat] # candidate unique pairs for (FF, FR, RF, RR): (3, 56510, 5, 3)
[M::mem_pestat] skip orientation FF as there are not enough pairs
[M::mem_pestat] analyzing insert size distribution for orientation FR...
[M::mem_pestat] (25, 50, 75) percentile: (222, 288, 380)
[M::mem_pestat] low and high boundaries for computing mean and std.dev: (1, 696)
[M::mem_pestat] mean and std.dev: (307.42, 115.10)
[M::mem_pestat] low and high boundaries for proper pairs: (1, 854)
[M::mem_pestat] skip orientation RF as there are not enough pairs
[M::mem_pestat] skip orientation RR as there are not enough pairs
[0000] 10. Calling kt_for - worker_sam
	[0000][ M::mem_process_seqs] Processed 529802 reads in 1037.222 CPU sec, 131.149 real sec
[0000] 2. Calling mem_process_seqs.., task: 248
[0000] 3. Calling kt_for - worker_bwt
[0000] read_chunk: 80000000, work_chunk_size: 80000102, nseq: 529802
	[0000][ M::kt_pipeline] read 529802 sequences (80000102 bp)...
[0000] 3. Calling kt_for - worker_aln
Inferring insert size distribution from data, l_pac: 2069526396, n: 529802
[M::mem_pestat] # candidate unique pairs for (FF, FR, RF, RR): (0, 56376, 9, 3)
[M::mem_pestat] skip orientation FF as there are not enough pairs
[M::mem_pestat] analyzing insert size distribution for orientation FR...
[M::mem_pestat] (25, 50, 75) percentile: (220, 287, 378)
[M::mem_pestat] low and high boundaries for computing mean and std.dev: (1, 694)
[M::mem_pestat] mean and std.dev: (306.88, 115.77)
[M::mem_pestat] low and high boundaries for proper pairs: (1, 852)
[M::mem_pestat] skip orientation RF as there are not enough pairs
[M::mem_pestat] skip orientation RR as there are not enough pairs
[0000] 10. Calling kt_for - worker_sam
	[0000][ M::mem_process_seqs] Processed 529802 reads in 1025.951 CPU sec, 129.754 real sec
[0000] 2. Calling mem_process_seqs.., task: 249
[0000] 3. Calling kt_for - worker_bwt
[0000] read_chunk: 80000000, work_chunk_size: 80000102, nseq: 529802
	[0000][ M::kt_pipeline] read 529802 sequences (80000102 bp)...
[0000] 3. Calling kt_for - worker_aln
Inferring insert size distribution from data, l_pac: 2069526396, n: 529802
[M::mem_pestat] # candidate unique pairs for (FF, FR, RF, RR): (6, 56393, 8, 2)
[M::mem_pestat] skip orientation FF as there are not enough pairs
[M::mem_pestat] analyzing insert size distribution for orientation FR...
[M::mem_pestat] (25, 50, 75) percentile: (221, 287, 380)
[M::mem_pestat] low and high boundaries for computing mean and std.dev: (1, 698)
[M::mem_pestat] mean and std.dev: (307.55, 115.96)
[M::mem_pestat] low and high boundaries for proper pairs: (1, 857)
[M::mem_pestat] skip orientation RF as there are not enough pairs
[M::mem_pestat] skip orientation RR as there are not enough pairs
[0000] 10. Calling kt_for - worker_sam
	[0000][ M::mem_process_seqs] Processed 529802 reads in 999.774 CPU sec, 126.058 real sec
[0000] 2. Calling mem_process_seqs.., task: 250
[0000] 3. Calling kt_for - worker_bwt
[0000] read_chunk: 80000000, work_chunk_size: 80000102, nseq: 529802
	[0000][ M::kt_pipeline] read 529802 sequences (80000102 bp)...
[0000] 3. Calling kt_for - worker_aln
Inferring insert size distribution from data, l_pac: 2069526396, n: 529802
[M::mem_pestat] # candidate unique pairs for (FF, FR, RF, RR): (1, 56432, 4, 6)
[M::mem_pestat] skip orientation FF as there are not enough pairs
[M::mem_pestat] analyzing insert size distribution for orientation FR...
[M::mem_pestat] (25, 50, 75) percentile: (222, 288, 378)
[M::mem_pestat] low and high boundaries for computing mean and std.dev: (1, 690)
[M::mem_pestat] mean and std.dev: (306.92, 114.78)
[M::mem_pestat] low and high boundaries for proper pairs: (1, 846)
[M::mem_pestat] skip orientation RF as there are not enough pairs
[M::mem_pestat] skip orientation RR as there are not enough pairs
[0000] 10. Calling kt_for - worker_sam
	[0000][ M::mem_process_seqs] Processed 529802 reads in 985.326 CPU sec, 124.485 real sec
[0000] 2. Calling mem_process_seqs.., task: 251
[0000] 3. Calling kt_for - worker_bwt
[0000] read_chunk: 80000000, work_chunk_size: 80000102, nseq: 529802
	[0000][ M::kt_pipeline] read 529802 sequences (80000102 bp)...
[0000] 3. Calling kt_for - worker_aln
Inferring insert size distribution from data, l_pac: 2069526396, n: 529802
[M::mem_pestat] # candidate unique pairs for (FF, FR, RF, RR): (3, 56163, 6, 2)
[M::mem_pestat] skip orientation FF as there are not enough pairs
[M::mem_pestat] analyzing insert size distribution for orientation FR...
[M::mem_pestat] (25, 50, 75) percentile: (221, 287, 377)
[M::mem_pestat] low and high boundaries for computing mean and std.dev: (1, 689)
[M::mem_pestat] mean and std.dev: (306.23, 114.67)
[M::mem_pestat] low and high boundaries for proper pairs: (1, 845)
[M::mem_pestat] skip orientation RF as there are not enough pairs
[M::mem_pestat] skip orientation RR as there are not enough pairs
[0000] 10. Calling kt_for - worker_sam
	[0000][ M::mem_process_seqs] Processed 529802 reads in 976.042 CPU sec, 123.065 real sec
[0000] 2. Calling mem_process_seqs.., task: 252
[0000] 3. Calling kt_for - worker_bwt
[0000] read_chunk: 80000000, work_chunk_size: 80000102, nseq: 529802
	[0000][ M::kt_pipeline] read 529802 sequences (80000102 bp)...
[0000] 3. Calling kt_for - worker_aln
Inferring insert size distribution from data, l_pac: 2069526396, n: 529802
[M::mem_pestat] # candidate unique pairs for (FF, FR, RF, RR): (1, 56036, 9, 1)
[M::mem_pestat] skip orientation FF as there are not enough pairs
[M::mem_pestat] analyzing insert size distribution for orientation FR...
[M::mem_pestat] (25, 50, 75) percentile: (222, 289, 378)
[M::mem_pestat] low and high boundaries for computing mean and std.dev: (1, 690)
[M::mem_pestat] mean and std.dev: (307.04, 114.50)
[M::mem_pestat] low and high boundaries for proper pairs: (1, 846)
[M::mem_pestat] skip orientation RF as there are not enough pairs
[M::mem_pestat] skip orientation RR as there are not enough pairs
[0000] 10. Calling kt_for - worker_sam
	[0000][ M::mem_process_seqs] Processed 529802 reads in 963.027 CPU sec, 121.518 real sec
[0000] 2. Calling mem_process_seqs.., task: 253
[0000] 3. Calling kt_for - worker_bwt
[0000] read_chunk: 80000000, work_chunk_size: 80000102, nseq: 529802
	[0000][ M::kt_pipeline] read 529802 sequences (80000102 bp)...
[0000] 3. Calling kt_for - worker_aln
Inferring insert size distribution from data, l_pac: 2069526396, n: 529802
[M::mem_pestat] # candidate unique pairs for (FF, FR, RF, RR): (1, 56320, 12, 3)
[M::mem_pestat] skip orientation FF as there are not enough pairs
[M::mem_pestat] analyzing insert size distribution for orientation FR...
[M::mem_pestat] (25, 50, 75) percentile: (222, 288, 380)
[M::mem_pestat] low and high boundaries for computing mean and std.dev: (1, 696)
[M::mem_pestat] mean and std.dev: (307.66, 115.63)
[M::mem_pestat] low and high boundaries for proper pairs: (1, 854)
[M::mem_pestat] analyzing insert size distribution for orientation RF...
[M::mem_pestat] (25, 50, 75) percentile: (456, 4489, 6807)
[M::mem_pestat] low and high boundaries for computing mean and std.dev: (1, 19509)
[M::mem_pestat] mean and std.dev: (3524.92, 3236.99)
[M::mem_pestat] low and high boundaries for proper pairs: (1, 25860)
[M::mem_pestat] skip orientation RR as there are not enough pairs
[M::mem_pestat] skip orientation RF
[0000] 10. Calling kt_for - worker_sam
	[0000][ M::mem_process_seqs] Processed 529802 reads in 985.588 CPU sec, 124.803 real sec
[0000] 2. Calling mem_process_seqs.., task: 254
[0000] 3. Calling kt_for - worker_bwt
[0000] read_chunk: 80000000, work_chunk_size: 80000102, nseq: 529802
	[0000][ M::kt_pipeline] read 529802 sequences (80000102 bp)...
[0000] 3. Calling kt_for - worker_aln
Inferring insert size distribution from data, l_pac: 2069526396, n: 529802
[M::mem_pestat] # candidate unique pairs for (FF, FR, RF, RR): (1, 56363, 9, 1)
[M::mem_pestat] skip orientation FF as there are not enough pairs
[M::mem_pestat] analyzing insert size distribution for orientation FR...
[M::mem_pestat] (25, 50, 75) percentile: (220, 287, 377)
[M::mem_pestat] low and high boundaries for computing mean and std.dev: (1, 691)
[M::mem_pestat] mean and std.dev: (305.96, 114.52)
[M::mem_pestat] low and high boundaries for proper pairs: (1, 848)
[M::mem_pestat] skip orientation RF as there are not enough pairs
[M::mem_pestat] skip orientation RR as there are not enough pairs
[0000] 10. Calling kt_for - worker_sam
	[0000][ M::mem_process_seqs] Processed 529802 reads in 990.202 CPU sec, 124.952 real sec
[0000] 2. Calling mem_process_seqs.., task: 255
[0000] 3. Calling kt_for - worker_bwt
[0000] read_chunk: 80000000, work_chunk_size: 80000102, nseq: 529802
	[0000][ M::kt_pipeline] read 529802 sequences (80000102 bp)...
[0000] 3. Calling kt_for - worker_aln
Inferring insert size distribution from data, l_pac: 2069526396, n: 529802
[M::mem_pestat] # candidate unique pairs for (FF, FR, RF, RR): (1, 56072, 2, 2)
[M::mem_pestat] skip orientation FF as there are not enough pairs
[M::mem_pestat] analyzing insert size distribution for orientation FR...
[M::mem_pestat] (25, 50, 75) percentile: (222, 288, 379)
[M::mem_pestat] low and high boundaries for computing mean and std.dev: (1, 693)
[M::mem_pestat] mean and std.dev: (307.67, 115.00)
[M::mem_pestat] low and high boundaries for proper pairs: (1, 850)
[M::mem_pestat] skip orientation RF as there are not enough pairs
[M::mem_pestat] skip orientation RR as there are not enough pairs
[0000] 10. Calling kt_for - worker_sam
	[0000][ M::mem_process_seqs] Processed 529802 reads in 1014.724 CPU sec, 128.524 real sec
[0000] 2. Calling mem_process_seqs.., task: 256
[0000] 3. Calling kt_for - worker_bwt
[0000] read_chunk: 80000000, work_chunk_size: 80000102, nseq: 529802
	[0000][ M::kt_pipeline] read 529802 sequences (80000102 bp)...
[0000] 3. Calling kt_for - worker_aln
Inferring insert size distribution from data, l_pac: 2069526396, n: 529802
[M::mem_pestat] # candidate unique pairs for (FF, FR, RF, RR): (4, 56859, 7, 2)
[M::mem_pestat] skip orientation FF as there are not enough pairs
[M::mem_pestat] analyzing insert size distribution for orientation FR...
[M::mem_pestat] (25, 50, 75) percentile: (222, 290, 382)
[M::mem_pestat] low and high boundaries for computing mean and std.dev: (1, 702)
[M::mem_pestat] mean and std.dev: (308.57, 115.94)
[M::mem_pestat] low and high boundaries for proper pairs: (1, 862)
[M::mem_pestat] skip orientation RF as there are not enough pairs
[M::mem_pestat] skip orientation RR as there are not enough pairs
[0000] 10. Calling kt_for - worker_sam
	[0000][ M::mem_process_seqs] Processed 529802 reads in 970.157 CPU sec, 122.349 real sec
[0000] 2. Calling mem_process_seqs.., task: 257
[0000] 3. Calling kt_for - worker_bwt
[0000] read_chunk: 80000000, work_chunk_size: 80000102, nseq: 529802
	[0000][ M::kt_pipeline] read 529802 sequences (80000102 bp)...
[0000] 3. Calling kt_for - worker_aln
Inferring insert size distribution from data, l_pac: 2069526396, n: 529802
[M::mem_pestat] # candidate unique pairs for (FF, FR, RF, RR): (2, 56135, 7, 1)
[M::mem_pestat] skip orientation FF as there are not enough pairs
[M::mem_pestat] analyzing insert size distribution for orientation FR...
[M::mem_pestat] (25, 50, 75) percentile: (222, 289, 380)
[M::mem_pestat] low and high boundaries for computing mean and std.dev: (1, 696)
[M::mem_pestat] mean and std.dev: (308.35, 115.83)
[M::mem_pestat] low and high boundaries for proper pairs: (1, 854)
[M::mem_pestat] skip orientation RF as there are not enough pairs
[M::mem_pestat] skip orientation RR as there are not enough pairs
[0000] 10. Calling kt_for - worker_sam
	[0000][ M::mem_process_seqs] Processed 529802 reads in 979.459 CPU sec, 123.381 real sec
[0000] 2. Calling mem_process_seqs.., task: 258
[0000] 3. Calling kt_for - worker_bwt
[0000] read_chunk: 80000000, work_chunk_size: 80000102, nseq: 529802
	[0000][ M::kt_pipeline] read 529802 sequences (80000102 bp)...
[0000] 3. Calling kt_for - worker_aln
Inferring insert size distribution from data, l_pac: 2069526396, n: 529802
[M::mem_pestat] # candidate unique pairs for (FF, FR, RF, RR): (3, 56243, 10, 3)
[M::mem_pestat] skip orientation FF as there are not enough pairs
[M::mem_pestat] analyzing insert size distribution for orientation FR...
[M::mem_pestat] (25, 50, 75) percentile: (223, 289, 380)
[M::mem_pestat] low and high boundaries for computing mean and std.dev: (1, 694)
[M::mem_pestat] mean and std.dev: (308.61, 115.42)
[M::mem_pestat] low and high boundaries for proper pairs: (1, 851)
[M::mem_pestat] analyzing insert size distribution for orientation RF...
[M::mem_pestat] (25, 50, 75) percentile: (50, 163, 1311)
[M::mem_pestat] low and high boundaries for computing mean and std.dev: (1, 3833)
[M::mem_pestat] mean and std.dev: (746.40, 1076.82)
[M::mem_pestat] low and high boundaries for proper pairs: (1, 5094)
[M::mem_pestat] skip orientation RR as there are not enough pairs
[M::mem_pestat] skip orientation RF
[0000] 10. Calling kt_for - worker_sam
	[0000][ M::mem_process_seqs] Processed 529802 reads in 969.081 CPU sec, 122.514 real sec
[0000] 2. Calling mem_process_seqs.., task: 259
[0000] 3. Calling kt_for - worker_bwt
[0000] read_chunk: 80000000, work_chunk_size: 80000102, nseq: 529802
	[0000][ M::kt_pipeline] read 529802 sequences (80000102 bp)...
[0000] 3. Calling kt_for - worker_aln
Inferring insert size distribution from data, l_pac: 2069526396, n: 529802
[M::mem_pestat] # candidate unique pairs for (FF, FR, RF, RR): (2, 56049, 5, 2)
[M::mem_pestat] skip orientation FF as there are not enough pairs
[M::mem_pestat] analyzing insert size distribution for orientation FR...
[M::mem_pestat] (25, 50, 75) percentile: (223, 289, 380)
[M::mem_pestat] low and high boundaries for computing mean and std.dev: (1, 694)
[M::mem_pestat] mean and std.dev: (308.65, 115.85)
[M::mem_pestat] low and high boundaries for proper pairs: (1, 851)
[M::mem_pestat] skip orientation RF as there are not enough pairs
[M::mem_pestat] skip orientation RR as there are not enough pairs
[0000] 10. Calling kt_for - worker_sam
	[0000][ M::mem_process_seqs] Processed 529802 reads in 1032.124 CPU sec, 130.488 real sec
[0000] 2. Calling mem_process_seqs.., task: 260
[0000] 3. Calling kt_for - worker_bwt
[0000] read_chunk: 80000000, work_chunk_size: 80000102, nseq: 529802
	[0000][ M::kt_pipeline] read 529802 sequences (80000102 bp)...
[0000] 3. Calling kt_for - worker_aln
Inferring insert size distribution from data, l_pac: 2069526396, n: 529802
[M::mem_pestat] # candidate unique pairs for (FF, FR, RF, RR): (0, 56136, 9, 4)
[M::mem_pestat] skip orientation FF as there are not enough pairs
[M::mem_pestat] analyzing insert size distribution for orientation FR...
[M::mem_pestat] (25, 50, 75) percentile: (222, 288, 379)
[M::mem_pestat] low and high boundaries for computing mean and std.dev: (1, 693)
[M::mem_pestat] mean and std.dev: (307.85, 115.64)
[M::mem_pestat] low and high boundaries for proper pairs: (1, 850)
[M::mem_pestat] skip orientation RF as there are not enough pairs
[M::mem_pestat] skip orientation RR as there are not enough pairs
[0000] 10. Calling kt_for - worker_sam
	[0000][ M::mem_process_seqs] Processed 529802 reads in 1011.343 CPU sec, 127.656 real sec
[0000] 2. Calling mem_process_seqs.., task: 261
[0000] 3. Calling kt_for - worker_bwt
[0000] read_chunk: 80000000, work_chunk_size: 80000102, nseq: 529802
	[0000][ M::kt_pipeline] read 529802 sequences (80000102 bp)...
[0000] 3. Calling kt_for - worker_aln
Inferring insert size distribution from data, l_pac: 2069526396, n: 529802
[M::mem_pestat] # candidate unique pairs for (FF, FR, RF, RR): (3, 56168, 4, 2)
[M::mem_pestat] skip orientation FF as there are not enough pairs
[M::mem_pestat] analyzing insert size distribution for orientation FR...
[M::mem_pestat] (25, 50, 75) percentile: (222, 288, 380)
[M::mem_pestat] low and high boundaries for computing mean and std.dev: (1, 696)
[M::mem_pestat] mean and std.dev: (308.06, 115.91)
[M::mem_pestat] low and high boundaries for proper pairs: (1, 854)
[M::mem_pestat] skip orientation RF as there are not enough pairs
[M::mem_pestat] skip orientation RR as there are not enough pairs
[0000] 10. Calling kt_for - worker_sam
	[0000][ M::mem_process_seqs] Processed 529802 reads in 1030.504 CPU sec, 130.350 real sec
[0000] 2. Calling mem_process_seqs.., task: 262
[0000] 3. Calling kt_for - worker_bwt
[0000] read_chunk: 80000000, work_chunk_size: 80000102, nseq: 529802
	[0000][ M::kt_pipeline] read 529802 sequences (80000102 bp)...
[0000] 3. Calling kt_for - worker_aln
Inferring insert size distribution from data, l_pac: 2069526396, n: 529802
[M::mem_pestat] # candidate unique pairs for (FF, FR, RF, RR): (4, 56417, 7, 5)
[M::mem_pestat] skip orientation FF as there are not enough pairs
[M::mem_pestat] analyzing insert size distribution for orientation FR...
[M::mem_pestat] (25, 50, 75) percentile: (223, 288, 380)
[M::mem_pestat] low and high boundaries for computing mean and std.dev: (1, 694)
[M::mem_pestat] mean and std.dev: (307.85, 115.61)
[M::mem_pestat] low and high boundaries for proper pairs: (1, 851)
[M::mem_pestat] skip orientation RF as there are not enough pairs
[M::mem_pestat] skip orientation RR as there are not enough pairs
[0000] 10. Calling kt_for - worker_sam
	[0000][ M::mem_process_seqs] Processed 529802 reads in 1021.899 CPU sec, 128.951 real sec
[0000] 2. Calling mem_process_seqs.., task: 263
[0000] 3. Calling kt_for - worker_bwt
[0000] read_chunk: 80000000, work_chunk_size: 80000102, nseq: 529802
	[0000][ M::kt_pipeline] read 529802 sequences (80000102 bp)...
[0000] 3. Calling kt_for - worker_aln
Inferring insert size distribution from data, l_pac: 2069526396, n: 529802
[M::mem_pestat] # candidate unique pairs for (FF, FR, RF, RR): (2, 56384, 4, 2)
[M::mem_pestat] skip orientation FF as there are not enough pairs
[M::mem_pestat] analyzing insert size distribution for orientation FR...
[M::mem_pestat] (25, 50, 75) percentile: (222, 289, 379)
[M::mem_pestat] low and high boundaries for computing mean and std.dev: (1, 693)
[M::mem_pestat] mean and std.dev: (307.84, 115.23)
[M::mem_pestat] low and high boundaries for proper pairs: (1, 850)
[M::mem_pestat] skip orientation RF as there are not enough pairs
[M::mem_pestat] skip orientation RR as there are not enough pairs
[0000] 10. Calling kt_for - worker_sam
	[0000][ M::mem_process_seqs] Processed 529802 reads in 999.260 CPU sec, 126.307 real sec
[0000] 2. Calling mem_process_seqs.., task: 264
[0000] 3. Calling kt_for - worker_bwt
[0000] read_chunk: 80000000, work_chunk_size: 80000102, nseq: 529802
	[0000][ M::kt_pipeline] read 529802 sequences (80000102 bp)...
[0000] 3. Calling kt_for - worker_aln
Inferring insert size distribution from data, l_pac: 2069526396, n: 529802
[M::mem_pestat] # candidate unique pairs for (FF, FR, RF, RR): (0, 55892, 13, 0)
[M::mem_pestat] skip orientation FF as there are not enough pairs
[M::mem_pestat] analyzing insert size distribution for orientation FR...
[M::mem_pestat] (25, 50, 75) percentile: (222, 289, 380)
[M::mem_pestat] low and high boundaries for computing mean and std.dev: (1, 696)
[M::mem_pestat] mean and std.dev: (307.80, 115.22)
[M::mem_pestat] low and high boundaries for proper pairs: (1, 854)
[M::mem_pestat] analyzing insert size distribution for orientation RF...
[M::mem_pestat] (25, 50, 75) percentile: (458, 924, 1941)
[M::mem_pestat] low and high boundaries for computing mean and std.dev: (1, 4907)
[M::mem_pestat] mean and std.dev: (1151.69, 1127.17)
[M::mem_pestat] low and high boundaries for proper pairs: (1, 6390)
[M::mem_pestat] skip orientation RR as there are not enough pairs
[M::mem_pestat] skip orientation RF
[0000] 10. Calling kt_for - worker_sam
	[0000][ M::mem_process_seqs] Processed 529802 reads in 981.334 CPU sec, 123.912 real sec
[0000] 2. Calling mem_process_seqs.., task: 265
[0000] 3. Calling kt_for - worker_bwt
[0000] read_chunk: 80000000, work_chunk_size: 80000102, nseq: 529802
	[0000][ M::kt_pipeline] read 529802 sequences (80000102 bp)...
[0000] 3. Calling kt_for - worker_aln
Inferring insert size distribution from data, l_pac: 2069526396, n: 529802
[M::mem_pestat] # candidate unique pairs for (FF, FR, RF, RR): (2, 55870, 11, 1)
[M::mem_pestat] skip orientation FF as there are not enough pairs
[M::mem_pestat] analyzing insert size distribution for orientation FR...
[M::mem_pestat] (25, 50, 75) percentile: (222, 289, 381)
[M::mem_pestat] low and high boundaries for computing mean and std.dev: (1, 699)
[M::mem_pestat] mean and std.dev: (309.23, 116.44)
[M::mem_pestat] low and high boundaries for proper pairs: (1, 858)
[M::mem_pestat] analyzing insert size distribution for orientation RF...
[M::mem_pestat] (25, 50, 75) percentile: (707, 1899, 2792)
[M::mem_pestat] low and high boundaries for computing mean and std.dev: (1, 6962)
[M::mem_pestat] mean and std.dev: (1998.18, 1985.26)
[M::mem_pestat] low and high boundaries for proper pairs: (1, 9939)
[M::mem_pestat] skip orientation RR as there are not enough pairs
[M::mem_pestat] skip orientation RF
[0000] 10. Calling kt_for - worker_sam
	[0000][ M::mem_process_seqs] Processed 529802 reads in 996.338 CPU sec, 125.914 real sec
[0000] 2. Calling mem_process_seqs.., task: 266
[0000] 3. Calling kt_for - worker_bwt
[0000] read_chunk: 80000000, work_chunk_size: 80000102, nseq: 529802
	[0000][ M::kt_pipeline] read 529802 sequences (80000102 bp)...
[0000] 3. Calling kt_for - worker_aln
Inferring insert size distribution from data, l_pac: 2069526396, n: 529802
[M::mem_pestat] # candidate unique pairs for (FF, FR, RF, RR): (3, 55868, 8, 3)
[M::mem_pestat] skip orientation FF as there are not enough pairs
[M::mem_pestat] analyzing insert size distribution for orientation FR...
[M::mem_pestat] (25, 50, 75) percentile: (223, 289, 381)
[M::mem_pestat] low and high boundaries for computing mean and std.dev: (1, 697)
[M::mem_pestat] mean and std.dev: (309.03, 116.02)
[M::mem_pestat] low and high boundaries for proper pairs: (1, 855)
[M::mem_pestat] skip orientation RF as there are not enough pairs
[M::mem_pestat] skip orientation RR as there are not enough pairs
[0000] 10. Calling kt_for - worker_sam
	[0000][ M::mem_process_seqs] Processed 529802 reads in 1012.404 CPU sec, 127.902 real sec
[0000] 2. Calling mem_process_seqs.., task: 267
[0000] 3. Calling kt_for - worker_bwt
[0000] read_chunk: 80000000, work_chunk_size: 80000102, nseq: 529802
	[0000][ M::kt_pipeline] read 529802 sequences (80000102 bp)...
[0000] 3. Calling kt_for - worker_aln
Inferring insert size distribution from data, l_pac: 2069526396, n: 529802
[M::mem_pestat] # candidate unique pairs for (FF, FR, RF, RR): (2, 56113, 5, 2)
[M::mem_pestat] skip orientation FF as there are not enough pairs
[M::mem_pestat] analyzing insert size distribution for orientation FR...
[M::mem_pestat] (25, 50, 75) percentile: (223, 289, 380)
[M::mem_pestat] low and high boundaries for computing mean and std.dev: (1, 694)
[M::mem_pestat] mean and std.dev: (308.58, 115.34)
[M::mem_pestat] low and high boundaries for proper pairs: (1, 851)
[M::mem_pestat] skip orientation RF as there are not enough pairs
[M::mem_pestat] skip orientation RR as there are not enough pairs
[0000] 10. Calling kt_for - worker_sam
	[0000][ M::mem_process_seqs] Processed 529802 reads in 1017.028 CPU sec, 128.629 real sec
[0000] 2. Calling mem_process_seqs.., task: 268
[0000] 3. Calling kt_for - worker_bwt
[0000] read_chunk: 80000000, work_chunk_size: 80000102, nseq: 529802
	[0000][ M::kt_pipeline] read 529802 sequences (80000102 bp)...
[0000] 3. Calling kt_for - worker_aln
Inferring insert size distribution from data, l_pac: 2069526396, n: 529802
[M::mem_pestat] # candidate unique pairs for (FF, FR, RF, RR): (1, 56450, 9, 3)
[M::mem_pestat] skip orientation FF as there are not enough pairs
[M::mem_pestat] analyzing insert size distribution for orientation FR...
[M::mem_pestat] (25, 50, 75) percentile: (223, 289, 379)
[M::mem_pestat] low and high boundaries for computing mean and std.dev: (1, 691)
[M::mem_pestat] mean and std.dev: (307.89, 115.41)
[M::mem_pestat] low and high boundaries for proper pairs: (1, 847)
[M::mem_pestat] skip orientation RF as there are not enough pairs
[M::mem_pestat] skip orientation RR as there are not enough pairs
[0000] 10. Calling kt_for - worker_sam
	[0000][ M::mem_process_seqs] Processed 529802 reads in 988.955 CPU sec, 124.714 real sec
[0000] 2. Calling mem_process_seqs.., task: 269
[0000] 3. Calling kt_for - worker_bwt
[0000] read_chunk: 80000000, work_chunk_size: 80000102, nseq: 529802
	[0000][ M::kt_pipeline] read 529802 sequences (80000102 bp)...
[0000] 3. Calling kt_for - worker_aln
Inferring insert size distribution from data, l_pac: 2069526396, n: 529802
[M::mem_pestat] # candidate unique pairs for (FF, FR, RF, RR): (2, 56279, 10, 3)
[M::mem_pestat] skip orientation FF as there are not enough pairs
[M::mem_pestat] analyzing insert size distribution for orientation FR...
[M::mem_pestat] (25, 50, 75) percentile: (222, 289, 380)
[M::mem_pestat] low and high boundaries for computing mean and std.dev: (1, 696)
[M::mem_pestat] mean and std.dev: (308.23, 115.79)
[M::mem_pestat] low and high boundaries for proper pairs: (1, 854)
[M::mem_pestat] analyzing insert size distribution for orientation RF...
[M::mem_pestat] (25, 50, 75) percentile: (138, 1025, 2781)
[M::mem_pestat] low and high boundaries for computing mean and std.dev: (1, 8067)
[M::mem_pestat] mean and std.dev: (2020.10, 2219.33)
[M::mem_pestat] low and high boundaries for proper pairs: (1, 10897)
[M::mem_pestat] skip orientation RR as there are not enough pairs
[M::mem_pestat] skip orientation RF
[0000] 10. Calling kt_for - worker_sam
	[0000][ M::mem_process_seqs] Processed 529802 reads in 1008.777 CPU sec, 127.529 real sec
[0000] 2. Calling mem_process_seqs.., task: 270
[0000] 3. Calling kt_for - worker_bwt
[0000] read_chunk: 80000000, work_chunk_size: 80000102, nseq: 529802
	[0000][ M::kt_pipeline] read 529802 sequences (80000102 bp)...
[0000] 3. Calling kt_for - worker_aln
Inferring insert size distribution from data, l_pac: 2069526396, n: 529802
[M::mem_pestat] # candidate unique pairs for (FF, FR, RF, RR): (2, 56718, 10, 3)
[M::mem_pestat] skip orientation FF as there are not enough pairs
[M::mem_pestat] analyzing insert size distribution for orientation FR...
[M::mem_pestat] (25, 50, 75) percentile: (223, 289, 379)
[M::mem_pestat] low and high boundaries for computing mean and std.dev: (1, 691)
[M::mem_pestat] mean and std.dev: (307.99, 114.94)
[M::mem_pestat] low and high boundaries for proper pairs: (1, 847)
[M::mem_pestat] analyzing insert size distribution for orientation RF...
[M::mem_pestat] (25, 50, 75) percentile: (43, 285, 498)
[M::mem_pestat] low and high boundaries for computing mean and std.dev: (1, 1408)
[M::mem_pestat] mean and std.dev: (177.12, 166.27)
[M::mem_pestat] low and high boundaries for proper pairs: (1, 1863)
[M::mem_pestat] skip orientation RR as there are not enough pairs
[M::mem_pestat] skip orientation RF
[0000] 10. Calling kt_for - worker_sam
	[0000][ M::mem_process_seqs] Processed 529802 reads in 974.754 CPU sec, 122.983 real sec
[0000] 2. Calling mem_process_seqs.., task: 271
[0000] 3. Calling kt_for - worker_bwt
[0000] read_chunk: 80000000, work_chunk_size: 80000102, nseq: 529802
	[0000][ M::kt_pipeline] read 529802 sequences (80000102 bp)...
[0000] 3. Calling kt_for - worker_aln
Inferring insert size distribution from data, l_pac: 2069526396, n: 529802
[M::mem_pestat] # candidate unique pairs for (FF, FR, RF, RR): (1, 56340, 11, 3)
[M::mem_pestat] skip orientation FF as there are not enough pairs
[M::mem_pestat] analyzing insert size distribution for orientation FR...
[M::mem_pestat] (25, 50, 75) percentile: (221, 288, 380)
[M::mem_pestat] low and high boundaries for computing mean and std.dev: (1, 698)
[M::mem_pestat] mean and std.dev: (308.02, 116.26)
[M::mem_pestat] low and high boundaries for proper pairs: (1, 857)
[M::mem_pestat] analyzing insert size distribution for orientation RF...
[M::mem_pestat] (25, 50, 75) percentile: (377, 1878, 3531)
[M::mem_pestat] low and high boundaries for computing mean and std.dev: (1, 9839)
[M::mem_pestat] mean and std.dev: (2050.36, 1667.31)
[M::mem_pestat] low and high boundaries for proper pairs: (1, 12993)
[M::mem_pestat] skip orientation RR as there are not enough pairs
[M::mem_pestat] skip orientation RF
[0000] 10. Calling kt_for - worker_sam
	[0000][ M::mem_process_seqs] Processed 529802 reads in 995.746 CPU sec, 125.880 real sec
[0000] 2. Calling mem_process_seqs.., task: 272
[0000] 3. Calling kt_for - worker_bwt
[0000] read_chunk: 80000000, work_chunk_size: 80000102, nseq: 529802
	[0000][ M::kt_pipeline] read 529802 sequences (80000102 bp)...
[0000] 3. Calling kt_for - worker_aln
Inferring insert size distribution from data, l_pac: 2069526396, n: 529802
[M::mem_pestat] # candidate unique pairs for (FF, FR, RF, RR): (7, 56329, 5, 4)
[M::mem_pestat] skip orientation FF as there are not enough pairs
[M::mem_pestat] analyzing insert size distribution for orientation FR...
[M::mem_pestat] (25, 50, 75) percentile: (222, 289, 380)
[M::mem_pestat] low and high boundaries for computing mean and std.dev: (1, 696)
[M::mem_pestat] mean and std.dev: (308.02, 115.89)
[M::mem_pestat] low and high boundaries for proper pairs: (1, 854)
[M::mem_pestat] skip orientation RF as there are not enough pairs
[M::mem_pestat] skip orientation RR as there are not enough pairs
[0000] 10. Calling kt_for - worker_sam
	[0000][ M::mem_process_seqs] Processed 529802 reads in 965.352 CPU sec, 121.740 real sec
[0000] 2. Calling mem_process_seqs.., task: 273
[0000] 3. Calling kt_for - worker_bwt
[0000] read_chunk: 80000000, work_chunk_size: 80000102, nseq: 529802
	[0000][ M::kt_pipeline] read 529802 sequences (80000102 bp)...
[0000] 3. Calling kt_for - worker_aln
Inferring insert size distribution from data, l_pac: 2069526396, n: 529802
[M::mem_pestat] # candidate unique pairs for (FF, FR, RF, RR): (0, 56113, 6, 0)
[M::mem_pestat] skip orientation FF as there are not enough pairs
[M::mem_pestat] analyzing insert size distribution for orientation FR...
[M::mem_pestat] (25, 50, 75) percentile: (222, 287, 378)
[M::mem_pestat] low and high boundaries for computing mean and std.dev: (1, 690)
[M::mem_pestat] mean and std.dev: (306.99, 115.55)
[M::mem_pestat] low and high boundaries for proper pairs: (1, 846)
[M::mem_pestat] skip orientation RF as there are not enough pairs
[M::mem_pestat] skip orientation RR as there are not enough pairs
[0000] 10. Calling kt_for - worker_sam
	[0000][ M::mem_process_seqs] Processed 529802 reads in 1008.967 CPU sec, 127.721 real sec
[0000] 2. Calling mem_process_seqs.., task: 274
[0000] 3. Calling kt_for - worker_bwt
[0000] read_chunk: 80000000, work_chunk_size: 80000102, nseq: 529802
	[0000][ M::kt_pipeline] read 529802 sequences (80000102 bp)...
[0000] 3. Calling kt_for - worker_aln
Inferring insert size distribution from data, l_pac: 2069526396, n: 529802
[M::mem_pestat] # candidate unique pairs for (FF, FR, RF, RR): (4, 55825, 10, 2)
[M::mem_pestat] skip orientation FF as there are not enough pairs
[M::mem_pestat] analyzing insert size distribution for orientation FR...
[M::mem_pestat] (25, 50, 75) percentile: (221, 287, 377)
[M::mem_pestat] low and high boundaries for computing mean and std.dev: (1, 689)
[M::mem_pestat] mean and std.dev: (306.10, 114.58)
[M::mem_pestat] low and high boundaries for proper pairs: (1, 845)
[M::mem_pestat] analyzing insert size distribution for orientation RF...
[M::mem_pestat] (25, 50, 75) percentile: (961, 3598, 6619)
[M::mem_pestat] low and high boundaries for computing mean and std.dev: (1, 17935)
[M::mem_pestat] mean and std.dev: (3350.40, 2622.55)
[M::mem_pestat] low and high boundaries for proper pairs: (1, 23593)
[M::mem_pestat] skip orientation RR as there are not enough pairs
[M::mem_pestat] skip orientation RF
[0000] 10. Calling kt_for - worker_sam
	[0000][ M::mem_process_seqs] Processed 529802 reads in 982.170 CPU sec, 124.008 real sec
[0000] 2. Calling mem_process_seqs.., task: 275
[0000] 3. Calling kt_for - worker_bwt
[0000] read_chunk: 80000000, work_chunk_size: 80000102, nseq: 529802
	[0000][ M::kt_pipeline] read 529802 sequences (80000102 bp)...
[0000] 3. Calling kt_for - worker_aln
Inferring insert size distribution from data, l_pac: 2069526396, n: 529802
[M::mem_pestat] # candidate unique pairs for (FF, FR, RF, RR): (4, 56863, 8, 2)
[M::mem_pestat] skip orientation FF as there are not enough pairs
[M::mem_pestat] analyzing insert size distribution for orientation FR...
[M::mem_pestat] (25, 50, 75) percentile: (221, 287, 375)
[M::mem_pestat] low and high boundaries for computing mean and std.dev: (1, 683)
[M::mem_pestat] mean and std.dev: (305.25, 113.79)
[M::mem_pestat] low and high boundaries for proper pairs: (1, 837)
[M::mem_pestat] skip orientation RF as there are not enough pairs
[M::mem_pestat] skip orientation RR as there are not enough pairs
[0000] 10. Calling kt_for - worker_sam
	[0000][ M::mem_process_seqs] Processed 529802 reads in 993.343 CPU sec, 125.582 real sec
[0000] 2. Calling mem_process_seqs.., task: 276
[0000] 3. Calling kt_for - worker_bwt
[0000] read_chunk: 80000000, work_chunk_size: 80000102, nseq: 529802
	[0000][ M::kt_pipeline] read 529802 sequences (80000102 bp)...
[0000] 3. Calling kt_for - worker_aln
Inferring insert size distribution from data, l_pac: 2069526396, n: 529802
[M::mem_pestat] # candidate unique pairs for (FF, FR, RF, RR): (3, 56464, 7, 2)
[M::mem_pestat] skip orientation FF as there are not enough pairs
[M::mem_pestat] analyzing insert size distribution for orientation FR...
[M::mem_pestat] (25, 50, 75) percentile: (222, 287, 376)
[M::mem_pestat] low and high boundaries for computing mean and std.dev: (1, 684)
[M::mem_pestat] mean and std.dev: (305.48, 113.46)
[M::mem_pestat] low and high boundaries for proper pairs: (1, 838)
[M::mem_pestat] skip orientation RF as there are not enough pairs
[M::mem_pestat] skip orientation RR as there are not enough pairs
[0000] 10. Calling kt_for - worker_sam
	[0000][ M::mem_process_seqs] Processed 529802 reads in 1008.214 CPU sec, 127.772 real sec
[0000] 2. Calling mem_process_seqs.., task: 277
[0000] 3. Calling kt_for - worker_bwt
[0000] read_chunk: 80000000, work_chunk_size: 80000102, nseq: 529802
	[0000][ M::kt_pipeline] read 529802 sequences (80000102 bp)...
[0000] 3. Calling kt_for - worker_aln
Inferring insert size distribution from data, l_pac: 2069526396, n: 529802
[M::mem_pestat] # candidate unique pairs for (FF, FR, RF, RR): (1, 55680, 11, 1)
[M::mem_pestat] skip orientation FF as there are not enough pairs
[M::mem_pestat] analyzing insert size distribution for orientation FR...
[M::mem_pestat] (25, 50, 75) percentile: (221, 287, 378)
[M::mem_pestat] low and high boundaries for computing mean and std.dev: (1, 692)
[M::mem_pestat] mean and std.dev: (306.54, 114.79)
[M::mem_pestat] low and high boundaries for proper pairs: (1, 849)
[M::mem_pestat] analyzing insert size distribution for orientation RF...
[M::mem_pestat] (25, 50, 75) percentile: (418, 1437, 4037)
[M::mem_pestat] low and high boundaries for computing mean and std.dev: (1, 11275)
[M::mem_pestat] mean and std.dev: (2541.27, 2730.59)
[M::mem_pestat] low and high boundaries for proper pairs: (1, 14894)
[M::mem_pestat] skip orientation RR as there are not enough pairs
[M::mem_pestat] skip orientation RF
[0000] 10. Calling kt_for - worker_sam
	[0000][ M::mem_process_seqs] Processed 529802 reads in 980.390 CPU sec, 123.905 real sec
[0000] 2. Calling mem_process_seqs.., task: 278
[0000] 3. Calling kt_for - worker_bwt
[0000] read_chunk: 80000000, work_chunk_size: 80000102, nseq: 529802
	[0000][ M::kt_pipeline] read 529802 sequences (80000102 bp)...
[0000] 3. Calling kt_for - worker_aln
Inferring insert size distribution from data, l_pac: 2069526396, n: 529802
[M::mem_pestat] # candidate unique pairs for (FF, FR, RF, RR): (1, 56534, 10, 0)
[M::mem_pestat] skip orientation FF as there are not enough pairs
[M::mem_pestat] analyzing insert size distribution for orientation FR...
[M::mem_pestat] (25, 50, 75) percentile: (222, 288, 379)
[M::mem_pestat] low and high boundaries for computing mean and std.dev: (1, 693)
[M::mem_pestat] mean and std.dev: (308.05, 115.61)
[M::mem_pestat] low and high boundaries for proper pairs: (1, 850)
[M::mem_pestat] analyzing insert size distribution for orientation RF...
[M::mem_pestat] (25, 50, 75) percentile: (788, 2711, 6421)
[M::mem_pestat] low and high boundaries for computing mean and std.dev: (1, 17687)
[M::mem_pestat] mean and std.dev: (3361.40, 3119.79)
[M::mem_pestat] low and high boundaries for proper pairs: (1, 23320)
[M::mem_pestat] skip orientation RR as there are not enough pairs
[M::mem_pestat] skip orientation RF
[0000] 10. Calling kt_for - worker_sam
	[0000][ M::mem_process_seqs] Processed 529802 reads in 993.428 CPU sec, 125.450 real sec
[0000] 2. Calling mem_process_seqs.., task: 279
[0000] 3. Calling kt_for - worker_bwt
[0000] read_chunk: 80000000, work_chunk_size: 80000102, nseq: 529802
	[0000][ M::kt_pipeline] read 529802 sequences (80000102 bp)...
[0000] 3. Calling kt_for - worker_aln
Inferring insert size distribution from data, l_pac: 2069526396, n: 529802
[M::mem_pestat] # candidate unique pairs for (FF, FR, RF, RR): (2, 56224, 7, 0)
[M::mem_pestat] skip orientation FF as there are not enough pairs
[M::mem_pestat] analyzing insert size distribution for orientation FR...
[M::mem_pestat] (25, 50, 75) percentile: (222, 288, 377)
[M::mem_pestat] low and high boundaries for computing mean and std.dev: (1, 687)
[M::mem_pestat] mean and std.dev: (307.00, 114.62)
[M::mem_pestat] low and high boundaries for proper pairs: (1, 842)
[M::mem_pestat] skip orientation RF as there are not enough pairs
[M::mem_pestat] skip orientation RR as there are not enough pairs
[0000] 10. Calling kt_for - worker_sam
	[0000][ M::mem_process_seqs] Processed 529802 reads in 1016.698 CPU sec, 128.711 real sec
[0000] 2. Calling mem_process_seqs.., task: 280
[0000] 3. Calling kt_for - worker_bwt
[0000] read_chunk: 80000000, work_chunk_size: 80000102, nseq: 529802
	[0000][ M::kt_pipeline] read 529802 sequences (80000102 bp)...
[0000] 3. Calling kt_for - worker_aln
Inferring insert size distribution from data, l_pac: 2069526396, n: 529802
[M::mem_pestat] # candidate unique pairs for (FF, FR, RF, RR): (3, 55981, 7, 3)
[M::mem_pestat] skip orientation FF as there are not enough pairs
[M::mem_pestat] analyzing insert size distribution for orientation FR...
[M::mem_pestat] (25, 50, 75) percentile: (222, 290, 381)
[M::mem_pestat] low and high boundaries for computing mean and std.dev: (1, 699)
[M::mem_pestat] mean and std.dev: (308.57, 115.92)
[M::mem_pestat] low and high boundaries for proper pairs: (1, 858)
[M::mem_pestat] skip orientation RF as there are not enough pairs
[M::mem_pestat] skip orientation RR as there are not enough pairs
[0000] 10. Calling kt_for - worker_sam
	[0000][ M::mem_process_seqs] Processed 529802 reads in 1003.783 CPU sec, 126.924 real sec
[0000] 2. Calling mem_process_seqs.., task: 281
[0000] 3. Calling kt_for - worker_bwt
[0000] read_chunk: 80000000, work_chunk_size: 80000102, nseq: 529802
	[0000][ M::kt_pipeline] read 529802 sequences (80000102 bp)...
[0000] 3. Calling kt_for - worker_aln
Inferring insert size distribution from data, l_pac: 2069526396, n: 529802
[M::mem_pestat] # candidate unique pairs for (FF, FR, RF, RR): (1, 56581, 6, 4)
[M::mem_pestat] skip orientation FF as there are not enough pairs
[M::mem_pestat] analyzing insert size distribution for orientation FR...
[M::mem_pestat] (25, 50, 75) percentile: (221, 288, 378)
[M::mem_pestat] low and high boundaries for computing mean and std.dev: (1, 692)
[M::mem_pestat] mean and std.dev: (306.96, 115.10)
[M::mem_pestat] low and high boundaries for proper pairs: (1, 849)
[M::mem_pestat] skip orientation RF as there are not enough pairs
[M::mem_pestat] skip orientation RR as there are not enough pairs
[0000] 10. Calling kt_for - worker_sam
	[0000][ M::mem_process_seqs] Processed 529802 reads in 948.003 CPU sec, 119.796 real sec
[0000] 2. Calling mem_process_seqs.., task: 282
[0000] 3. Calling kt_for - worker_bwt
[0000] read_chunk: 80000000, work_chunk_size: 80000102, nseq: 529802
	[0000][ M::kt_pipeline] read 529802 sequences (80000102 bp)...
[0000] 3. Calling kt_for - worker_aln
Inferring insert size distribution from data, l_pac: 2069526396, n: 529802
[M::mem_pestat] # candidate unique pairs for (FF, FR, RF, RR): (4, 56311, 6, 3)
[M::mem_pestat] skip orientation FF as there are not enough pairs
[M::mem_pestat] analyzing insert size distribution for orientation FR...
[M::mem_pestat] (25, 50, 75) percentile: (222, 288, 380)
[M::mem_pestat] low and high boundaries for computing mean and std.dev: (1, 696)
[M::mem_pestat] mean and std.dev: (308.21, 115.90)
[M::mem_pestat] low and high boundaries for proper pairs: (1, 854)
[M::mem_pestat] skip orientation RF as there are not enough pairs
[M::mem_pestat] skip orientation RR as there are not enough pairs
[0000] 10. Calling kt_for - worker_sam
	[0000][ M::mem_process_seqs] Processed 529802 reads in 1000.235 CPU sec, 126.499 real sec
[0000] 2. Calling mem_process_seqs.., task: 283
[0000] 3. Calling kt_for - worker_bwt
[0000] read_chunk: 80000000, work_chunk_size: 80000102, nseq: 529802
	[0000][ M::kt_pipeline] read 529802 sequences (80000102 bp)...
[0000] 3. Calling kt_for - worker_aln
Inferring insert size distribution from data, l_pac: 2069526396, n: 529802
[M::mem_pestat] # candidate unique pairs for (FF, FR, RF, RR): (2, 56096, 10, 5)
[M::mem_pestat] skip orientation FF as there are not enough pairs
[M::mem_pestat] analyzing insert size distribution for orientation FR...
[M::mem_pestat] (25, 50, 75) percentile: (223, 290, 382)
[M::mem_pestat] low and high boundaries for computing mean and std.dev: (1, 700)
[M::mem_pestat] mean and std.dev: (309.60, 116.60)
[M::mem_pestat] low and high boundaries for proper pairs: (1, 859)
[M::mem_pestat] analyzing insert size distribution for orientation RF...
[M::mem_pestat] (25, 50, 75) percentile: (167, 1205, 3592)
[M::mem_pestat] low and high boundaries for computing mean and std.dev: (1, 10442)
[M::mem_pestat] mean and std.dev: (2476.80, 3025.34)
[M::mem_pestat] low and high boundaries for proper pairs: (1, 14578)
[M::mem_pestat] skip orientation RR as there are not enough pairs
[M::mem_pestat] skip orientation RF
[0000] 10. Calling kt_for - worker_sam
	[0000][ M::mem_process_seqs] Processed 529802 reads in 1012.034 CPU sec, 127.940 real sec
[0000] 2. Calling mem_process_seqs.., task: 284
[0000] 3. Calling kt_for - worker_bwt
[0000] read_chunk: 80000000, work_chunk_size: 80000102, nseq: 529802
	[0000][ M::kt_pipeline] read 529802 sequences (80000102 bp)...
[0000] 3. Calling kt_for - worker_aln
Inferring insert size distribution from data, l_pac: 2069526396, n: 529802
[M::mem_pestat] # candidate unique pairs for (FF, FR, RF, RR): (1, 56367, 9, 3)
[M::mem_pestat] skip orientation FF as there are not enough pairs
[M::mem_pestat] analyzing insert size distribution for orientation FR...
[M::mem_pestat] (25, 50, 75) percentile: (222, 288, 381)
[M::mem_pestat] low and high boundaries for computing mean and std.dev: (1, 699)
[M::mem_pestat] mean and std.dev: (308.88, 117.03)
[M::mem_pestat] low and high boundaries for proper pairs: (1, 858)
[M::mem_pestat] skip orientation RF as there are not enough pairs
[M::mem_pestat] skip orientation RR as there are not enough pairs
[0000] 10. Calling kt_for - worker_sam
	[0000][ M::mem_process_seqs] Processed 529802 reads in 1023.062 CPU sec, 129.356 real sec
[0000] 2. Calling mem_process_seqs.., task: 285
[0000] 3. Calling kt_for - worker_bwt
[0000] read_chunk: 80000000, work_chunk_size: 80000102, nseq: 529802
	[0000][ M::kt_pipeline] read 529802 sequences (80000102 bp)...
[0000] 3. Calling kt_for - worker_aln
Inferring insert size distribution from data, l_pac: 2069526396, n: 529802
[M::mem_pestat] # candidate unique pairs for (FF, FR, RF, RR): (1, 56315, 7, 0)
[M::mem_pestat] skip orientation FF as there are not enough pairs
[M::mem_pestat] analyzing insert size distribution for orientation FR...
[M::mem_pestat] (25, 50, 75) percentile: (223, 289, 381)
[M::mem_pestat] low and high boundaries for computing mean and std.dev: (1, 697)
[M::mem_pestat] mean and std.dev: (308.87, 116.26)
[M::mem_pestat] low and high boundaries for proper pairs: (1, 855)
[M::mem_pestat] skip orientation RF as there are not enough pairs
[M::mem_pestat] skip orientation RR as there are not enough pairs
[0000] 10. Calling kt_for - worker_sam
	[0000][ M::mem_process_seqs] Processed 529802 reads in 968.301 CPU sec, 122.405 real sec
[0000] 2. Calling mem_process_seqs.., task: 286
[0000] 3. Calling kt_for - worker_bwt
[0000] read_chunk: 80000000, work_chunk_size: 80000102, nseq: 529802
	[0000][ M::kt_pipeline] read 529802 sequences (80000102 bp)...
[0000] 3. Calling kt_for - worker_aln
Inferring insert size distribution from data, l_pac: 2069526396, n: 529802
[M::mem_pestat] # candidate unique pairs for (FF, FR, RF, RR): (2, 55985, 4, 3)
[M::mem_pestat] skip orientation FF as there are not enough pairs
[M::mem_pestat] analyzing insert size distribution for orientation FR...
[M::mem_pestat] (25, 50, 75) percentile: (222, 288, 380)
[M::mem_pestat] low and high boundaries for computing mean and std.dev: (1, 696)
[M::mem_pestat] mean and std.dev: (308.06, 115.62)
[M::mem_pestat] low and high boundaries for proper pairs: (1, 854)
[M::mem_pestat] skip orientation RF as there are not enough pairs
[M::mem_pestat] skip orientation RR as there are not enough pairs
[0000] 10. Calling kt_for - worker_sam
	[0000][ M::mem_process_seqs] Processed 529802 reads in 975.069 CPU sec, 123.179 real sec
[0000] 2. Calling mem_process_seqs.., task: 287
[0000] 3. Calling kt_for - worker_bwt
[0000] read_chunk: 80000000, work_chunk_size: 80000102, nseq: 529802
	[0000][ M::kt_pipeline] read 529802 sequences (80000102 bp)...
[0000] 3. Calling kt_for - worker_aln
Inferring insert size distribution from data, l_pac: 2069526396, n: 529802
[M::mem_pestat] # candidate unique pairs for (FF, FR, RF, RR): (1, 56102, 2, 4)
[M::mem_pestat] skip orientation FF as there are not enough pairs
[M::mem_pestat] analyzing insert size distribution for orientation FR...
[M::mem_pestat] (25, 50, 75) percentile: (222, 289, 380)
[M::mem_pestat] low and high boundaries for computing mean and std.dev: (1, 696)
[M::mem_pestat] mean and std.dev: (308.22, 115.92)
[M::mem_pestat] low and high boundaries for proper pairs: (1, 854)
[M::mem_pestat] skip orientation RF as there are not enough pairs
[M::mem_pestat] skip orientation RR as there are not enough pairs
[0000] 10. Calling kt_for - worker_sam
	[0000][ M::mem_process_seqs] Processed 529802 reads in 1017.685 CPU sec, 128.570 real sec
[0000] 2. Calling mem_process_seqs.., task: 288
[0000] 3. Calling kt_for - worker_bwt
[0000] read_chunk: 80000000, work_chunk_size: 80000102, nseq: 529802
	[0000][ M::kt_pipeline] read 529802 sequences (80000102 bp)...
[0000] 3. Calling kt_for - worker_aln
Inferring insert size distribution from data, l_pac: 2069526396, n: 529802
[M::mem_pestat] # candidate unique pairs for (FF, FR, RF, RR): (2, 56461, 10, 3)
[M::mem_pestat] skip orientation FF as there are not enough pairs
[M::mem_pestat] analyzing insert size distribution for orientation FR...
[M::mem_pestat] (25, 50, 75) percentile: (221, 288, 379)
[M::mem_pestat] low and high boundaries for computing mean and std.dev: (1, 695)
[M::mem_pestat] mean and std.dev: (307.15, 115.25)
[M::mem_pestat] low and high boundaries for proper pairs: (1, 853)
[M::mem_pestat] analyzing insert size distribution for orientation RF...
[M::mem_pestat] (25, 50, 75) percentile: (88, 884, 3337)
[M::mem_pestat] low and high boundaries for computing mean and std.dev: (1, 9835)
[M::mem_pestat] mean and std.dev: (2459.90, 3309.82)
[M::mem_pestat] low and high boundaries for proper pairs: (1, 15699)
[M::mem_pestat] skip orientation RR as there are not enough pairs
[M::mem_pestat] skip orientation RF
[0000] 10. Calling kt_for - worker_sam
	[0000][ M::mem_process_seqs] Processed 529802 reads in 984.972 CPU sec, 124.656 real sec
[0000] 2. Calling mem_process_seqs.., task: 289
[0000] 3. Calling kt_for - worker_bwt
[0000] read_chunk: 80000000, work_chunk_size: 80000102, nseq: 529802
	[0000][ M::kt_pipeline] read 529802 sequences (80000102 bp)...
[0000] 3. Calling kt_for - worker_aln
Inferring insert size distribution from data, l_pac: 2069526396, n: 529802
[M::mem_pestat] # candidate unique pairs for (FF, FR, RF, RR): (1, 56282, 3, 1)
[M::mem_pestat] skip orientation FF as there are not enough pairs
[M::mem_pestat] analyzing insert size distribution for orientation FR...
[M::mem_pestat] (25, 50, 75) percentile: (223, 290, 382)
[M::mem_pestat] low and high boundaries for computing mean and std.dev: (1, 700)
[M::mem_pestat] mean and std.dev: (309.38, 116.42)
[M::mem_pestat] low and high boundaries for proper pairs: (1, 859)
[M::mem_pestat] skip orientation RF as there are not enough pairs
[M::mem_pestat] skip orientation RR as there are not enough pairs
[0000] 10. Calling kt_for - worker_sam
	[0000][ M::mem_process_seqs] Processed 529802 reads in 1000.510 CPU sec, 126.696 real sec
[0000] 2. Calling mem_process_seqs.., task: 290
[0000] 3. Calling kt_for - worker_bwt
[0000] read_chunk: 80000000, work_chunk_size: 80000102, nseq: 529802
	[0000][ M::kt_pipeline] read 529802 sequences (80000102 bp)...
[0000] 3. Calling kt_for - worker_aln
Inferring insert size distribution from data, l_pac: 2069526396, n: 529802
[M::mem_pestat] # candidate unique pairs for (FF, FR, RF, RR): (1, 55939, 4, 0)
[M::mem_pestat] skip orientation FF as there are not enough pairs
[M::mem_pestat] analyzing insert size distribution for orientation FR...
[M::mem_pestat] (25, 50, 75) percentile: (222, 288, 379)
[M::mem_pestat] low and high boundaries for computing mean and std.dev: (1, 693)
[M::mem_pestat] mean and std.dev: (307.74, 115.82)
[M::mem_pestat] low and high boundaries for proper pairs: (1, 850)
[M::mem_pestat] skip orientation RF as there are not enough pairs
[M::mem_pestat] skip orientation RR as there are not enough pairs
[0000] 10. Calling kt_for - worker_sam
	[0000][ M::mem_process_seqs] Processed 529802 reads in 985.402 CPU sec, 124.466 real sec
[0000] 2. Calling mem_process_seqs.., task: 291
[0000] 3. Calling kt_for - worker_bwt
[0000] read_chunk: 80000000, work_chunk_size: 80000102, nseq: 529802
	[0000][ M::kt_pipeline] read 529802 sequences (80000102 bp)...
[0000] 3. Calling kt_for - worker_aln
Inferring insert size distribution from data, l_pac: 2069526396, n: 529802
[M::mem_pestat] # candidate unique pairs for (FF, FR, RF, RR): (1, 56433, 9, 6)
[M::mem_pestat] skip orientation FF as there are not enough pairs
[M::mem_pestat] analyzing insert size distribution for orientation FR...
[M::mem_pestat] (25, 50, 75) percentile: (223, 289, 381)
[M::mem_pestat] low and high boundaries for computing mean and std.dev: (1, 697)
[M::mem_pestat] mean and std.dev: (309.02, 116.20)
[M::mem_pestat] low and high boundaries for proper pairs: (1, 855)
[M::mem_pestat] skip orientation RF as there are not enough pairs
[M::mem_pestat] skip orientation RR as there are not enough pairs
[0000] 10. Calling kt_for - worker_sam
	[0000][ M::mem_process_seqs] Processed 529802 reads in 1017.712 CPU sec, 128.572 real sec
[0000] 2. Calling mem_process_seqs.., task: 292
[0000] 3. Calling kt_for - worker_bwt
[0000] read_chunk: 80000000, work_chunk_size: 80000102, nseq: 529802
	[0000][ M::kt_pipeline] read 529802 sequences (80000102 bp)...
[0000] 3. Calling kt_for - worker_aln
Inferring insert size distribution from data, l_pac: 2069526396, n: 529802
[M::mem_pestat] # candidate unique pairs for (FF, FR, RF, RR): (2, 56404, 5, 1)
[M::mem_pestat] skip orientation FF as there are not enough pairs
[M::mem_pestat] analyzing insert size distribution for orientation FR...
[M::mem_pestat] (25, 50, 75) percentile: (223, 288, 380)
[M::mem_pestat] low and high boundaries for computing mean and std.dev: (1, 694)
[M::mem_pestat] mean and std.dev: (308.36, 115.94)
[M::mem_pestat] low and high boundaries for proper pairs: (1, 851)
[M::mem_pestat] skip orientation RF as there are not enough pairs
[M::mem_pestat] skip orientation RR as there are not enough pairs
[0000] 10. Calling kt_for - worker_sam
	[0000][ M::mem_process_seqs] Processed 529802 reads in 975.485 CPU sec, 123.435 real sec
[0000] 2. Calling mem_process_seqs.., task: 293
[0000] 3. Calling kt_for - worker_bwt
[0000] read_chunk: 80000000, work_chunk_size: 80000102, nseq: 529802
	[0000][ M::kt_pipeline] read 529802 sequences (80000102 bp)...
[0000] 3. Calling kt_for - worker_aln
Inferring insert size distribution from data, l_pac: 2069526396, n: 529802
[M::mem_pestat] # candidate unique pairs for (FF, FR, RF, RR): (3, 56511, 7, 0)
[M::mem_pestat] skip orientation FF as there are not enough pairs
[M::mem_pestat] analyzing insert size distribution for orientation FR...
[M::mem_pestat] (25, 50, 75) percentile: (223, 290, 381)
[M::mem_pestat] low and high boundaries for computing mean and std.dev: (1, 697)
[M::mem_pestat] mean and std.dev: (309.09, 116.30)
[M::mem_pestat] low and high boundaries for proper pairs: (1, 855)
[M::mem_pestat] skip orientation RF as there are not enough pairs
[M::mem_pestat] skip orientation RR as there are not enough pairs
[0000] 10. Calling kt_for - worker_sam
	[0000][ M::mem_process_seqs] Processed 529802 reads in 1014.642 CPU sec, 128.435 real sec
[0000] 2. Calling mem_process_seqs.., task: 294
[0000] 3. Calling kt_for - worker_bwt
[0000] read_chunk: 80000000, work_chunk_size: 80000102, nseq: 529802
	[0000][ M::kt_pipeline] read 529802 sequences (80000102 bp)...
[0000] 3. Calling kt_for - worker_aln
Inferring insert size distribution from data, l_pac: 2069526396, n: 529802
[M::mem_pestat] # candidate unique pairs for (FF, FR, RF, RR): (3, 56293, 10, 0)
[M::mem_pestat] skip orientation FF as there are not enough pairs
[M::mem_pestat] analyzing insert size distribution for orientation FR...
[M::mem_pestat] (25, 50, 75) percentile: (223, 289, 383)
[M::mem_pestat] low and high boundaries for computing mean and std.dev: (1, 703)
[M::mem_pestat] mean and std.dev: (309.55, 116.89)
[M::mem_pestat] low and high boundaries for proper pairs: (1, 863)
[M::mem_pestat] analyzing insert size distribution for orientation RF...
[M::mem_pestat] (25, 50, 75) percentile: (834, 7250, 9426)
[M::mem_pestat] low and high boundaries for computing mean and std.dev: (1, 26610)
[M::mem_pestat] mean and std.dev: (5415.50, 3851.85)
[M::mem_pestat] low and high boundaries for proper pairs: (1, 35202)
[M::mem_pestat] skip orientation RR as there are not enough pairs
[M::mem_pestat] skip orientation RF
[0000] 10. Calling kt_for - worker_sam
	[0000][ M::mem_process_seqs] Processed 529802 reads in 981.286 CPU sec, 124.094 real sec
[0000] 2. Calling mem_process_seqs.., task: 295
[0000] 3. Calling kt_for - worker_bwt
[0000] read_chunk: 80000000, work_chunk_size: 80000102, nseq: 529802
	[0000][ M::kt_pipeline] read 529802 sequences (80000102 bp)...
[0000] 3. Calling kt_for - worker_aln
Inferring insert size distribution from data, l_pac: 2069526396, n: 529802
[M::mem_pestat] # candidate unique pairs for (FF, FR, RF, RR): (3, 55665, 9, 3)
[M::mem_pestat] skip orientation FF as there are not enough pairs
[M::mem_pestat] analyzing insert size distribution for orientation FR...
[M::mem_pestat] (25, 50, 75) percentile: (222, 289, 382)
[M::mem_pestat] low and high boundaries for computing mean and std.dev: (1, 702)
[M::mem_pestat] mean and std.dev: (309.56, 116.90)
[M::mem_pestat] low and high boundaries for proper pairs: (1, 862)
[M::mem_pestat] skip orientation RF as there are not enough pairs
[M::mem_pestat] skip orientation RR as there are not enough pairs
[0000] 10. Calling kt_for - worker_sam
	[0000][ M::mem_process_seqs] Processed 529802 reads in 1020.163 CPU sec, 128.955 real sec
[0000] 2. Calling mem_process_seqs.., task: 296
[0000] 3. Calling kt_for - worker_bwt
[0000] read_chunk: 80000000, work_chunk_size: 80000102, nseq: 529802
	[0000][ M::kt_pipeline] read 529802 sequences (80000102 bp)...
[0000] 3. Calling kt_for - worker_aln
Inferring insert size distribution from data, l_pac: 2069526396, n: 529802
[M::mem_pestat] # candidate unique pairs for (FF, FR, RF, RR): (3, 56163, 7, 2)
[M::mem_pestat] skip orientation FF as there are not enough pairs
[M::mem_pestat] analyzing insert size distribution for orientation FR...
[M::mem_pestat] (25, 50, 75) percentile: (222, 290, 383)
[M::mem_pestat] low and high boundaries for computing mean and std.dev: (1, 705)
[M::mem_pestat] mean and std.dev: (310.02, 116.94)
[M::mem_pestat] low and high boundaries for proper pairs: (1, 866)
[M::mem_pestat] skip orientation RF as there are not enough pairs
[M::mem_pestat] skip orientation RR as there are not enough pairs
[0000] 10. Calling kt_for - worker_sam
	[0000][ M::mem_process_seqs] Processed 529802 reads in 1013.875 CPU sec, 128.234 real sec
[0000] 2. Calling mem_process_seqs.., task: 297
[0000] 3. Calling kt_for - worker_bwt
[0000] read_chunk: 80000000, work_chunk_size: 80000102, nseq: 529802
	[0000][ M::kt_pipeline] read 529802 sequences (80000102 bp)...
[0000] 3. Calling kt_for - worker_aln
Inferring insert size distribution from data, l_pac: 2069526396, n: 529802
[M::mem_pestat] # candidate unique pairs for (FF, FR, RF, RR): (3, 56084, 7, 0)
[M::mem_pestat] skip orientation FF as there are not enough pairs
[M::mem_pestat] analyzing insert size distribution for orientation FR...
[M::mem_pestat] (25, 50, 75) percentile: (223, 290, 382)
[M::mem_pestat] low and high boundaries for computing mean and std.dev: (1, 700)
[M::mem_pestat] mean and std.dev: (309.29, 115.94)
[M::mem_pestat] low and high boundaries for proper pairs: (1, 859)
[M::mem_pestat] skip orientation RF as there are not enough pairs
[M::mem_pestat] skip orientation RR as there are not enough pairs
[0000] 10. Calling kt_for - worker_sam
	[0000][ M::mem_process_seqs] Processed 529802 reads in 1074.543 CPU sec, 136.568 real sec
[0000] 2. Calling mem_process_seqs.., task: 298
[0000] 3. Calling kt_for - worker_bwt
[0000] read_chunk: 80000000, work_chunk_size: 80000102, nseq: 529802
	[0000][ M::kt_pipeline] read 529802 sequences (80000102 bp)...
[0000] 3. Calling kt_for - worker_aln
Inferring insert size distribution from data, l_pac: 2069526396, n: 529802
[M::mem_pestat] # candidate unique pairs for (FF, FR, RF, RR): (5, 56332, 10, 4)
[M::mem_pestat] skip orientation FF as there are not enough pairs
[M::mem_pestat] analyzing insert size distribution for orientation FR...
[M::mem_pestat] (25, 50, 75) percentile: (222, 289, 379)
[M::mem_pestat] low and high boundaries for computing mean and std.dev: (1, 693)
[M::mem_pestat] mean and std.dev: (308.23, 115.65)
[M::mem_pestat] low and high boundaries for proper pairs: (1, 850)
[M::mem_pestat] analyzing insert size distribution for orientation RF...
[M::mem_pestat] (25, 50, 75) percentile: (367, 4510, 6327)
[M::mem_pestat] low and high boundaries for computing mean and std.dev: (1, 18247)
[M::mem_pestat] mean and std.dev: (3455.90, 3288.67)
[M::mem_pestat] low and high boundaries for proper pairs: (1, 24207)
[M::mem_pestat] skip orientation RR as there are not enough pairs
[M::mem_pestat] skip orientation RF
[0000] 10. Calling kt_for - worker_sam
	[0000][ M::mem_process_seqs] Processed 529802 reads in 1011.120 CPU sec, 127.878 real sec
[0000] 2. Calling mem_process_seqs.., task: 299
[0000] 3. Calling kt_for - worker_bwt
[0000] read_chunk: 80000000, work_chunk_size: 80000102, nseq: 529802
	[0000][ M::kt_pipeline] read 529802 sequences (80000102 bp)...
[0000] 3. Calling kt_for - worker_aln
Inferring insert size distribution from data, l_pac: 2069526396, n: 529802
[M::mem_pestat] # candidate unique pairs for (FF, FR, RF, RR): (2, 55901, 6, 4)
[M::mem_pestat] skip orientation FF as there are not enough pairs
[M::mem_pestat] analyzing insert size distribution for orientation FR...
[M::mem_pestat] (25, 50, 75) percentile: (221, 287, 378)
[M::mem_pestat] low and high boundaries for computing mean and std.dev: (1, 692)
[M::mem_pestat] mean and std.dev: (306.75, 115.59)
[M::mem_pestat] low and high boundaries for proper pairs: (1, 849)
[M::mem_pestat] skip orientation RF as there are not enough pairs
[M::mem_pestat] skip orientation RR as there are not enough pairs
[0000] 10. Calling kt_for - worker_sam
	[0000][ M::mem_process_seqs] Processed 529802 reads in 1062.635 CPU sec, 134.569 real sec
[0000] 2. Calling mem_process_seqs.., task: 300
[0000] 3. Calling kt_for - worker_bwt
[0000] read_chunk: 80000000, work_chunk_size: 80000102, nseq: 529802
	[0000][ M::kt_pipeline] read 529802 sequences (80000102 bp)...
[0000] 3. Calling kt_for - worker_aln
Inferring insert size distribution from data, l_pac: 2069526396, n: 529802
[M::mem_pestat] # candidate unique pairs for (FF, FR, RF, RR): (2, 56043, 7, 2)
[M::mem_pestat] skip orientation FF as there are not enough pairs
[M::mem_pestat] analyzing insert size distribution for orientation FR...
[M::mem_pestat] (25, 50, 75) percentile: (219, 285, 374)
[M::mem_pestat] low and high boundaries for computing mean and std.dev: (1, 684)
[M::mem_pestat] mean and std.dev: (303.22, 113.52)
[M::mem_pestat] low and high boundaries for proper pairs: (1, 839)
[M::mem_pestat] skip orientation RF as there are not enough pairs
[M::mem_pestat] skip orientation RR as there are not enough pairs
[0000] 10. Calling kt_for - worker_sam
	[0000][ M::mem_process_seqs] Processed 529802 reads in 1064.967 CPU sec, 134.936 real sec
[0000] 2. Calling mem_process_seqs.., task: 301
[0000] 3. Calling kt_for - worker_bwt
[0000] read_chunk: 80000000, work_chunk_size: 80000102, nseq: 529802
	[0000][ M::kt_pipeline] read 529802 sequences (80000102 bp)...
[0000] 3. Calling kt_for - worker_aln
Inferring insert size distribution from data, l_pac: 2069526396, n: 529802
[M::mem_pestat] # candidate unique pairs for (FF, FR, RF, RR): (3, 56438, 6, 0)
[M::mem_pestat] skip orientation FF as there are not enough pairs
[M::mem_pestat] analyzing insert size distribution for orientation FR...
[M::mem_pestat] (25, 50, 75) percentile: (220, 285, 373)
[M::mem_pestat] low and high boundaries for computing mean and std.dev: (1, 679)
[M::mem_pestat] mean and std.dev: (303.86, 112.62)
[M::mem_pestat] low and high boundaries for proper pairs: (1, 832)
[M::mem_pestat] skip orientation RF as there are not enough pairs
[M::mem_pestat] skip orientation RR as there are not enough pairs
[0000] 10. Calling kt_for - worker_sam
	[0000][ M::mem_process_seqs] Processed 529802 reads in 1042.833 CPU sec, 132.098 real sec
[0000] 2. Calling mem_process_seqs.., task: 302
[0000] 3. Calling kt_for - worker_bwt
[0000] read_chunk: 80000000, work_chunk_size: 80000102, nseq: 529802
	[0000][ M::kt_pipeline] read 529802 sequences (80000102 bp)...
[0000] 3. Calling kt_for - worker_aln
Inferring insert size distribution from data, l_pac: 2069526396, n: 529802
[M::mem_pestat] # candidate unique pairs for (FF, FR, RF, RR): (2, 55952, 4, 1)
[M::mem_pestat] skip orientation FF as there are not enough pairs
[M::mem_pestat] analyzing insert size distribution for orientation FR...
[M::mem_pestat] (25, 50, 75) percentile: (220, 286, 376)
[M::mem_pestat] low and high boundaries for computing mean and std.dev: (1, 688)
[M::mem_pestat] mean and std.dev: (305.21, 114.73)
[M::mem_pestat] low and high boundaries for proper pairs: (1, 844)
[M::mem_pestat] skip orientation RF as there are not enough pairs
[M::mem_pestat] skip orientation RR as there are not enough pairs
[0000] 10. Calling kt_for - worker_sam
	[0000][ M::mem_process_seqs] Processed 529802 reads in 1006.281 CPU sec, 127.075 real sec
[0000] 2. Calling mem_process_seqs.., task: 303
[0000] 3. Calling kt_for - worker_bwt
[0000] read_chunk: 80000000, work_chunk_size: 80000102, nseq: 529802
	[0000][ M::kt_pipeline] read 529802 sequences (80000102 bp)...
[0000] 3. Calling kt_for - worker_aln
Inferring insert size distribution from data, l_pac: 2069526396, n: 529802
[M::mem_pestat] # candidate unique pairs for (FF, FR, RF, RR): (2, 56160, 4, 2)
[M::mem_pestat] skip orientation FF as there are not enough pairs
[M::mem_pestat] analyzing insert size distribution for orientation FR...
[M::mem_pestat] (25, 50, 75) percentile: (221, 286, 377)
[M::mem_pestat] low and high boundaries for computing mean and std.dev: (1, 689)
[M::mem_pestat] mean and std.dev: (305.45, 114.26)
[M::mem_pestat] low and high boundaries for proper pairs: (1, 845)
[M::mem_pestat] skip orientation RF as there are not enough pairs
[M::mem_pestat] skip orientation RR as there are not enough pairs
[0000] 10. Calling kt_for - worker_sam
	[0000][ M::mem_process_seqs] Processed 529802 reads in 1046.092 CPU sec, 132.603 real sec
[0000] 2. Calling mem_process_seqs.., task: 304
[0000] 3. Calling kt_for - worker_bwt
[0000] read_chunk: 80000000, work_chunk_size: 80000102, nseq: 529802
	[0000][ M::kt_pipeline] read 529802 sequences (80000102 bp)...
[0000] 3. Calling kt_for - worker_aln
Inferring insert size distribution from data, l_pac: 2069526396, n: 529802
[M::mem_pestat] # candidate unique pairs for (FF, FR, RF, RR): (0, 56186, 5, 1)
[M::mem_pestat] skip orientation FF as there are not enough pairs
[M::mem_pestat] analyzing insert size distribution for orientation FR...
[M::mem_pestat] (25, 50, 75) percentile: (220, 287, 377)
[M::mem_pestat] low and high boundaries for computing mean and std.dev: (1, 691)
[M::mem_pestat] mean and std.dev: (305.82, 114.96)
[M::mem_pestat] low and high boundaries for proper pairs: (1, 848)
[M::mem_pestat] skip orientation RF as there are not enough pairs
[M::mem_pestat] skip orientation RR as there are not enough pairs
[0000] 10. Calling kt_for - worker_sam
	[0000][ M::mem_process_seqs] Processed 529802 reads in 1017.830 CPU sec, 128.685 real sec
[0000] 2. Calling mem_process_seqs.., task: 305
[0000] 3. Calling kt_for - worker_bwt
[0000] read_chunk: 80000000, work_chunk_size: 80000102, nseq: 529802
	[0000][ M::kt_pipeline] read 529802 sequences (80000102 bp)...
[0000] 3. Calling kt_for - worker_aln
Inferring insert size distribution from data, l_pac: 2069526396, n: 529802
[M::mem_pestat] # candidate unique pairs for (FF, FR, RF, RR): (0, 56337, 4, 1)
[M::mem_pestat] skip orientation FF as there are not enough pairs
[M::mem_pestat] analyzing insert size distribution for orientation FR...
[M::mem_pestat] (25, 50, 75) percentile: (220, 286, 376)
[M::mem_pestat] low and high boundaries for computing mean and std.dev: (1, 688)
[M::mem_pestat] mean and std.dev: (305.08, 114.54)
[M::mem_pestat] low and high boundaries for proper pairs: (1, 844)
[M::mem_pestat] skip orientation RF as there are not enough pairs
[M::mem_pestat] skip orientation RR as there are not enough pairs
[0000] 10. Calling kt_for - worker_sam
	[0000][ M::mem_process_seqs] Processed 529802 reads in 1011.977 CPU sec, 127.959 real sec
[0000] 2. Calling mem_process_seqs.., task: 306
[0000] 3. Calling kt_for - worker_bwt
[0000] read_chunk: 80000000, work_chunk_size: 80000102, nseq: 529802
	[0000][ M::kt_pipeline] read 529802 sequences (80000102 bp)...
[0000] 3. Calling kt_for - worker_aln
Inferring insert size distribution from data, l_pac: 2069526396, n: 529802
[M::mem_pestat] # candidate unique pairs for (FF, FR, RF, RR): (3, 55993, 12, 4)
[M::mem_pestat] skip orientation FF as there are not enough pairs
[M::mem_pestat] analyzing insert size distribution for orientation FR...
[M::mem_pestat] (25, 50, 75) percentile: (220, 285, 377)
[M::mem_pestat] low and high boundaries for computing mean and std.dev: (1, 691)
[M::mem_pestat] mean and std.dev: (304.82, 114.52)
[M::mem_pestat] low and high boundaries for proper pairs: (1, 848)
[M::mem_pestat] analyzing insert size distribution for orientation RF...
[M::mem_pestat] (25, 50, 75) percentile: (1629, 2265, 6612)
[M::mem_pestat] low and high boundaries for computing mean and std.dev: (1, 16578)
[M::mem_pestat] mean and std.dev: (3165.00, 2193.50)
[M::mem_pestat] low and high boundaries for proper pairs: (1, 21561)
[M::mem_pestat] skip orientation RR as there are not enough pairs
[M::mem_pestat] skip orientation RF
[0000] 10. Calling kt_for - worker_sam
	[0000][ M::mem_process_seqs] Processed 529802 reads in 989.173 CPU sec, 125.113 real sec
[0000] 2. Calling mem_process_seqs.., task: 307
[0000] 3. Calling kt_for - worker_bwt
[0000] read_chunk: 80000000, work_chunk_size: 80000102, nseq: 529802
	[0000][ M::kt_pipeline] read 529802 sequences (80000102 bp)...
[0000] 3. Calling kt_for - worker_aln
Inferring insert size distribution from data, l_pac: 2069526396, n: 529802
[M::mem_pestat] # candidate unique pairs for (FF, FR, RF, RR): (2, 56179, 8, 1)
[M::mem_pestat] skip orientation FF as there are not enough pairs
[M::mem_pestat] analyzing insert size distribution for orientation FR...
[M::mem_pestat] (25, 50, 75) percentile: (221, 286, 376)
[M::mem_pestat] low and high boundaries for computing mean and std.dev: (1, 686)
[M::mem_pestat] mean and std.dev: (305.28, 114.11)
[M::mem_pestat] low and high boundaries for proper pairs: (1, 841)
[M::mem_pestat] skip orientation RF as there are not enough pairs
[M::mem_pestat] skip orientation RR as there are not enough pairs
[0000] 10. Calling kt_for - worker_sam
	[0000][ M::mem_process_seqs] Processed 529802 reads in 977.880 CPU sec, 123.447 real sec
[0000] 2. Calling mem_process_seqs.., task: 308
[0000] 3. Calling kt_for - worker_bwt
[0000] read_chunk: 80000000, work_chunk_size: 80000102, nseq: 529802
	[0000][ M::kt_pipeline] read 529802 sequences (80000102 bp)...
[0000] 3. Calling kt_for - worker_aln
Inferring insert size distribution from data, l_pac: 2069526396, n: 529802
[M::mem_pestat] # candidate unique pairs for (FF, FR, RF, RR): (6, 56117, 7, 2)
[M::mem_pestat] skip orientation FF as there are not enough pairs
[M::mem_pestat] analyzing insert size distribution for orientation FR...
[M::mem_pestat] (25, 50, 75) percentile: (220, 286, 377)
[M::mem_pestat] low and high boundaries for computing mean and std.dev: (1, 691)
[M::mem_pestat] mean and std.dev: (305.48, 114.33)
[M::mem_pestat] low and high boundaries for proper pairs: (1, 848)
[M::mem_pestat] skip orientation RF as there are not enough pairs
[M::mem_pestat] skip orientation RR as there are not enough pairs
[0000] 10. Calling kt_for - worker_sam
	[0000][ M::mem_process_seqs] Processed 529802 reads in 990.714 CPU sec, 125.116 real sec
[0000] 2. Calling mem_process_seqs.., task: 309
[0000] 3. Calling kt_for - worker_bwt
[0000] read_chunk: 80000000, work_chunk_size: 80000102, nseq: 529802
	[0000][ M::kt_pipeline] read 529802 sequences (80000102 bp)...
[0000] 3. Calling kt_for - worker_aln
Inferring insert size distribution from data, l_pac: 2069526396, n: 529802
[M::mem_pestat] # candidate unique pairs for (FF, FR, RF, RR): (1, 56117, 11, 2)
[M::mem_pestat] skip orientation FF as there are not enough pairs
[M::mem_pestat] analyzing insert size distribution for orientation FR...
[M::mem_pestat] (25, 50, 75) percentile: (220, 286, 375)
[M::mem_pestat] low and high boundaries for computing mean and std.dev: (1, 685)
[M::mem_pestat] mean and std.dev: (304.60, 113.63)
[M::mem_pestat] low and high boundaries for proper pairs: (1, 840)
[M::mem_pestat] analyzing insert size distribution for orientation RF...
[M::mem_pestat] (25, 50, 75) percentile: (136, 1639, 3703)
[M::mem_pestat] low and high boundaries for computing mean and std.dev: (1, 10837)
[M::mem_pestat] mean and std.dev: (2392.36, 2300.72)
[M::mem_pestat] low and high boundaries for proper pairs: (1, 14404)
[M::mem_pestat] skip orientation RR as there are not enough pairs
[M::mem_pestat] skip orientation RF
[0000] 10. Calling kt_for - worker_sam
	[0000][ M::mem_process_seqs] Processed 529802 reads in 991.881 CPU sec, 125.330 real sec
[0000] 2. Calling mem_process_seqs.., task: 310
[0000] 3. Calling kt_for - worker_bwt
[0000] read_chunk: 80000000, work_chunk_size: 80000102, nseq: 529802
	[0000][ M::kt_pipeline] read 529802 sequences (80000102 bp)...
[0000] 3. Calling kt_for - worker_aln
Inferring insert size distribution from data, l_pac: 2069526396, n: 529802
[M::mem_pestat] # candidate unique pairs for (FF, FR, RF, RR): (2, 56386, 7, 1)
[M::mem_pestat] skip orientation FF as there are not enough pairs
[M::mem_pestat] analyzing insert size distribution for orientation FR...
[M::mem_pestat] (25, 50, 75) percentile: (221, 286, 376)
[M::mem_pestat] low and high boundaries for computing mean and std.dev: (1, 686)
[M::mem_pestat] mean and std.dev: (305.35, 113.80)
[M::mem_pestat] low and high boundaries for proper pairs: (1, 841)
[M::mem_pestat] skip orientation RF as there are not enough pairs
[M::mem_pestat] skip orientation RR as there are not enough pairs
[0000] 10. Calling kt_for - worker_sam
	[0000][ M::mem_process_seqs] Processed 529802 reads in 983.015 CPU sec, 124.117 real sec
[0000] 2. Calling mem_process_seqs.., task: 311
[0000] 3. Calling kt_for - worker_bwt
[0000] read_chunk: 80000000, work_chunk_size: 80000102, nseq: 529802
	[0000][ M::kt_pipeline] read 529802 sequences (80000102 bp)...
[0000] 3. Calling kt_for - worker_aln
Inferring insert size distribution from data, l_pac: 2069526396, n: 529802
[M::mem_pestat] # candidate unique pairs for (FF, FR, RF, RR): (1, 56156, 13, 1)
[M::mem_pestat] skip orientation FF as there are not enough pairs
[M::mem_pestat] analyzing insert size distribution for orientation FR...
[M::mem_pestat] (25, 50, 75) percentile: (220, 285, 376)
[M::mem_pestat] low and high boundaries for computing mean and std.dev: (1, 688)
[M::mem_pestat] mean and std.dev: (304.92, 114.14)
[M::mem_pestat] low and high boundaries for proper pairs: (1, 844)
[M::mem_pestat] analyzing insert size distribution for orientation RF...
[M::mem_pestat] (25, 50, 75) percentile: (228, 965, 3180)
[M::mem_pestat] low and high boundaries for computing mean and std.dev: (1, 9084)
[M::mem_pestat] mean and std.dev: (1584.92, 1688.51)
[M::mem_pestat] low and high boundaries for proper pairs: (1, 12036)
[M::mem_pestat] skip orientation RR as there are not enough pairs
[M::mem_pestat] skip orientation RF
[0000] 10. Calling kt_for - worker_sam
	[0000][ M::mem_process_seqs] Processed 529802 reads in 936.417 CPU sec, 118.107 real sec
[0000] 2. Calling mem_process_seqs.., task: 312
[0000] 3. Calling kt_for - worker_bwt
[0000] read_chunk: 80000000, work_chunk_size: 80000102, nseq: 529802
	[0000][ M::kt_pipeline] read 529802 sequences (80000102 bp)...
[0000] 3. Calling kt_for - worker_aln
Inferring insert size distribution from data, l_pac: 2069526396, n: 529802
[M::mem_pestat] # candidate unique pairs for (FF, FR, RF, RR): (2, 56257, 5, 1)
[M::mem_pestat] skip orientation FF as there are not enough pairs
[M::mem_pestat] analyzing insert size distribution for orientation FR...
[M::mem_pestat] (25, 50, 75) percentile: (221, 287, 376)
[M::mem_pestat] low and high boundaries for computing mean and std.dev: (1, 686)
[M::mem_pestat] mean and std.dev: (305.58, 113.91)
[M::mem_pestat] low and high boundaries for proper pairs: (1, 841)
[M::mem_pestat] skip orientation RF as there are not enough pairs
[M::mem_pestat] skip orientation RR as there are not enough pairs
[0000] 10. Calling kt_for - worker_sam
	[0000][ M::mem_process_seqs] Processed 529802 reads in 917.502 CPU sec, 115.908 real sec
[0000] 2. Calling mem_process_seqs.., task: 313
[0000] 3. Calling kt_for - worker_bwt
[0000] read_chunk: 80000000, work_chunk_size: 80000102, nseq: 529802
	[0000][ M::kt_pipeline] read 529802 sequences (80000102 bp)...
[0000] 3. Calling kt_for - worker_aln
Inferring insert size distribution from data, l_pac: 2069526396, n: 529802
[M::mem_pestat] # candidate unique pairs for (FF, FR, RF, RR): (1, 56220, 9, 0)
[M::mem_pestat] skip orientation FF as there are not enough pairs
[M::mem_pestat] analyzing insert size distribution for orientation FR...
[M::mem_pestat] (25, 50, 75) percentile: (220, 285, 375)
[M::mem_pestat] low and high boundaries for computing mean and std.dev: (1, 685)
[M::mem_pestat] mean and std.dev: (303.98, 113.62)
[M::mem_pestat] low and high boundaries for proper pairs: (1, 840)
[M::mem_pestat] skip orientation RF as there are not enough pairs
[M::mem_pestat] skip orientation RR as there are not enough pairs
[0000] 10. Calling kt_for - worker_sam
	[0000][ M::mem_process_seqs] Processed 529802 reads in 930.594 CPU sec, 117.245 real sec
[0000] 2. Calling mem_process_seqs.., task: 314
[0000] 3. Calling kt_for - worker_bwt
[0000] read_chunk: 80000000, work_chunk_size: 80000102, nseq: 529802
	[0000][ M::kt_pipeline] read 529802 sequences (80000102 bp)...
[0000] 3. Calling kt_for - worker_aln
Inferring insert size distribution from data, l_pac: 2069526396, n: 529802
[M::mem_pestat] # candidate unique pairs for (FF, FR, RF, RR): (5, 56176, 10, 2)
[M::mem_pestat] skip orientation FF as there are not enough pairs
[M::mem_pestat] analyzing insert size distribution for orientation FR...
[M::mem_pestat] (25, 50, 75) percentile: (220, 286, 377)
[M::mem_pestat] low and high boundaries for computing mean and std.dev: (1, 691)
[M::mem_pestat] mean and std.dev: (305.80, 115.16)
[M::mem_pestat] low and high boundaries for proper pairs: (1, 848)
[M::mem_pestat] analyzing insert size distribution for orientation RF...
[M::mem_pestat] (25, 50, 75) percentile: (630, 2603, 6386)
[M::mem_pestat] low and high boundaries for computing mean and std.dev: (1, 17898)
[M::mem_pestat] mean and std.dev: (3388.10, 3423.47)
[M::mem_pestat] low and high boundaries for proper pairs: (1, 23654)
[M::mem_pestat] skip orientation RR as there are not enough pairs
[M::mem_pestat] skip orientation RF
[0000] 10. Calling kt_for - worker_sam
	[0000][ M::mem_process_seqs] Processed 529802 reads in 962.139 CPU sec, 121.631 real sec
[0000] 2. Calling mem_process_seqs.., task: 315
[0000] 3. Calling kt_for - worker_bwt
[0000] read_chunk: 80000000, work_chunk_size: 80000102, nseq: 529802
	[0000][ M::kt_pipeline] read 529802 sequences (80000102 bp)...
[0000] 3. Calling kt_for - worker_aln
Inferring insert size distribution from data, l_pac: 2069526396, n: 529802
[M::mem_pestat] # candidate unique pairs for (FF, FR, RF, RR): (5, 56279, 7, 4)
[M::mem_pestat] skip orientation FF as there are not enough pairs
[M::mem_pestat] analyzing insert size distribution for orientation FR...
[M::mem_pestat] (25, 50, 75) percentile: (221, 287, 377)
[M::mem_pestat] low and high boundaries for computing mean and std.dev: (1, 689)
[M::mem_pestat] mean and std.dev: (305.51, 113.67)
[M::mem_pestat] low and high boundaries for proper pairs: (1, 845)
[M::mem_pestat] skip orientation RF as there are not enough pairs
[M::mem_pestat] skip orientation RR as there are not enough pairs
[0000] 10. Calling kt_for - worker_sam
	[0000][ M::mem_process_seqs] Processed 529802 reads in 944.729 CPU sec, 119.105 real sec
[0000] 2. Calling mem_process_seqs.., task: 316
[0000] 3. Calling kt_for - worker_bwt
[0000] read_chunk: 80000000, work_chunk_size: 80000102, nseq: 529802
	[0000][ M::kt_pipeline] read 529802 sequences (80000102 bp)...
[0000] 3. Calling kt_for - worker_aln
Inferring insert size distribution from data, l_pac: 2069526396, n: 529802
[M::mem_pestat] # candidate unique pairs for (FF, FR, RF, RR): (2, 56281, 7, 5)
[M::mem_pestat] skip orientation FF as there are not enough pairs
[M::mem_pestat] analyzing insert size distribution for orientation FR...
[M::mem_pestat] (25, 50, 75) percentile: (222, 287, 379)
[M::mem_pestat] low and high boundaries for computing mean and std.dev: (1, 693)
[M::mem_pestat] mean and std.dev: (307.11, 115.06)
[M::mem_pestat] low and high boundaries for proper pairs: (1, 850)
[M::mem_pestat] skip orientation RF as there are not enough pairs
[M::mem_pestat] skip orientation RR as there are not enough pairs
[0000] 10. Calling kt_for - worker_sam
	[0000][ M::mem_process_seqs] Processed 529802 reads in 923.428 CPU sec, 116.601 real sec
[0000] 2. Calling mem_process_seqs.., task: 317
[0000] 3. Calling kt_for - worker_bwt
[0000] read_chunk: 80000000, work_chunk_size: 80000102, nseq: 529802
	[0000][ M::kt_pipeline] read 529802 sequences (80000102 bp)...
[0000] 3. Calling kt_for - worker_aln
Inferring insert size distribution from data, l_pac: 2069526396, n: 529802
[M::mem_pestat] # candidate unique pairs for (FF, FR, RF, RR): (2, 55840, 13, 1)
[M::mem_pestat] skip orientation FF as there are not enough pairs
[M::mem_pestat] analyzing insert size distribution for orientation FR...
[M::mem_pestat] (25, 50, 75) percentile: (221, 289, 379)
[M::mem_pestat] low and high boundaries for computing mean and std.dev: (1, 695)
[M::mem_pestat] mean and std.dev: (307.84, 115.81)
[M::mem_pestat] low and high boundaries for proper pairs: (1, 853)
[M::mem_pestat] analyzing insert size distribution for orientation RF...
[M::mem_pestat] (25, 50, 75) percentile: (218, 924, 4280)
[M::mem_pestat] low and high boundaries for computing mean and std.dev: (1, 12404)
[M::mem_pestat] mean and std.dev: (2050.15, 2030.93)
[M::mem_pestat] low and high boundaries for proper pairs: (1, 16466)
[M::mem_pestat] skip orientation RR as there are not enough pairs
[M::mem_pestat] skip orientation RF
[0000] 10. Calling kt_for - worker_sam
	[0000][ M::mem_process_seqs] Processed 529802 reads in 949.893 CPU sec, 120.011 real sec
[0000] 2. Calling mem_process_seqs.., task: 318
[0000] 3. Calling kt_for - worker_bwt
[0000] read_chunk: 80000000, work_chunk_size: 80000102, nseq: 529802
	[0000][ M::kt_pipeline] read 529802 sequences (80000102 bp)...
[0000] 3. Calling kt_for - worker_aln
Inferring insert size distribution from data, l_pac: 2069526396, n: 529802
[M::mem_pestat] # candidate unique pairs for (FF, FR, RF, RR): (4, 56289, 10, 2)
[M::mem_pestat] skip orientation FF as there are not enough pairs
[M::mem_pestat] analyzing insert size distribution for orientation FR...
[M::mem_pestat] (25, 50, 75) percentile: (222, 287, 378)
[M::mem_pestat] low and high boundaries for computing mean and std.dev: (1, 690)
[M::mem_pestat] mean and std.dev: (306.75, 114.77)
[M::mem_pestat] low and high boundaries for proper pairs: (1, 846)
[M::mem_pestat] analyzing insert size distribution for orientation RF...
[M::mem_pestat] (25, 50, 75) percentile: (232, 1345, 1482)
[M::mem_pestat] low and high boundaries for computing mean and std.dev: (1, 3982)
[M::mem_pestat] mean and std.dev: (888.67, 683.32)
[M::mem_pestat] low and high boundaries for proper pairs: (1, 5232)
[M::mem_pestat] skip orientation RR as there are not enough pairs
[M::mem_pestat] skip orientation RF
[0000] 10. Calling kt_for - worker_sam
	[0000][ M::mem_process_seqs] Processed 529802 reads in 942.421 CPU sec, 119.070 real sec
[0000] 2. Calling mem_process_seqs.., task: 319
[0000] 3. Calling kt_for - worker_bwt
[0000] read_chunk: 80000000, work_chunk_size: 80000102, nseq: 529802
	[0000][ M::kt_pipeline] read 529802 sequences (80000102 bp)...
[0000] 3. Calling kt_for - worker_aln
Inferring insert size distribution from data, l_pac: 2069526396, n: 529802
[M::mem_pestat] # candidate unique pairs for (FF, FR, RF, RR): (1, 56143, 7, 3)
[M::mem_pestat] skip orientation FF as there are not enough pairs
[M::mem_pestat] analyzing insert size distribution for orientation FR...
[M::mem_pestat] (25, 50, 75) percentile: (222, 288, 380)
[M::mem_pestat] low and high boundaries for computing mean and std.dev: (1, 696)
[M::mem_pestat] mean and std.dev: (307.52, 115.01)
[M::mem_pestat] low and high boundaries for proper pairs: (1, 854)
[M::mem_pestat] skip orientation RF as there are not enough pairs
[M::mem_pestat] skip orientation RR as there are not enough pairs
[0000] 10. Calling kt_for - worker_sam
	[0000][ M::mem_process_seqs] Processed 529802 reads in 939.971 CPU sec, 118.693 real sec
[0000] 2. Calling mem_process_seqs.., task: 320
[0000] 3. Calling kt_for - worker_bwt
[0000] read_chunk: 80000000, work_chunk_size: 80000102, nseq: 529802
	[0000][ M::kt_pipeline] read 529802 sequences (80000102 bp)...
[0000] 3. Calling kt_for - worker_aln
Inferring insert size distribution from data, l_pac: 2069526396, n: 529802
[M::mem_pestat] # candidate unique pairs for (FF, FR, RF, RR): (2, 56459, 5, 4)
[M::mem_pestat] skip orientation FF as there are not enough pairs
[M::mem_pestat] analyzing insert size distribution for orientation FR...
[M::mem_pestat] (25, 50, 75) percentile: (222, 289, 380)
[M::mem_pestat] low and high boundaries for computing mean and std.dev: (1, 696)
[M::mem_pestat] mean and std.dev: (308.42, 116.70)
[M::mem_pestat] low and high boundaries for proper pairs: (1, 854)
[M::mem_pestat] skip orientation RF as there are not enough pairs
[M::mem_pestat] skip orientation RR as there are not enough pairs
[0000] 10. Calling kt_for - worker_sam
	[0000][ M::mem_process_seqs] Processed 529802 reads in 922.519 CPU sec, 116.419 real sec
[0000] 2. Calling mem_process_seqs.., task: 321
[0000] 3. Calling kt_for - worker_bwt
[0000] read_chunk: 80000000, work_chunk_size: 80000102, nseq: 529802
	[0000][ M::kt_pipeline] read 529802 sequences (80000102 bp)...
[0000] 3. Calling kt_for - worker_aln
Inferring insert size distribution from data, l_pac: 2069526396, n: 529802
[M::mem_pestat] # candidate unique pairs for (FF, FR, RF, RR): (3, 55748, 12, 4)
[M::mem_pestat] skip orientation FF as there are not enough pairs
[M::mem_pestat] analyzing insert size distribution for orientation FR...
[M::mem_pestat] (25, 50, 75) percentile: (221, 288, 377)
[M::mem_pestat] low and high boundaries for computing mean and std.dev: (1, 689)
[M::mem_pestat] mean and std.dev: (306.64, 114.73)
[M::mem_pestat] low and high boundaries for proper pairs: (1, 845)
[M::mem_pestat] analyzing insert size distribution for orientation RF...
[M::mem_pestat] (25, 50, 75) percentile: (655, 897, 6109)
[M::mem_pestat] low and high boundaries for computing mean and std.dev: (1, 17017)
[M::mem_pestat] mean and std.dev: (2577.17, 2854.15)
[M::mem_pestat] low and high boundaries for proper pairs: (1, 22471)
[M::mem_pestat] skip orientation RR as there are not enough pairs
[M::mem_pestat] skip orientation RF
[0000] 10. Calling kt_for - worker_sam
	[0000][ M::mem_process_seqs] Processed 529802 reads in 941.538 CPU sec, 118.732 real sec
[0000] 2. Calling mem_process_seqs.., task: 322
[0000] 3. Calling kt_for - worker_bwt
[0000] read_chunk: 80000000, work_chunk_size: 80000102, nseq: 529802
	[0000][ M::kt_pipeline] read 529802 sequences (80000102 bp)...
[0000] 3. Calling kt_for - worker_aln
Inferring insert size distribution from data, l_pac: 2069526396, n: 529802
[M::mem_pestat] # candidate unique pairs for (FF, FR, RF, RR): (0, 56048, 4, 1)
[M::mem_pestat] skip orientation FF as there are not enough pairs
[M::mem_pestat] analyzing insert size distribution for orientation FR...
[M::mem_pestat] (25, 50, 75) percentile: (222, 289, 377)
[M::mem_pestat] low and high boundaries for computing mean and std.dev: (1, 687)
[M::mem_pestat] mean and std.dev: (306.41, 113.95)
[M::mem_pestat] low and high boundaries for proper pairs: (1, 842)
[M::mem_pestat] skip orientation RF as there are not enough pairs
[M::mem_pestat] skip orientation RR as there are not enough pairs
[0000] 10. Calling kt_for - worker_sam
	[0000][ M::mem_process_seqs] Processed 529802 reads in 913.861 CPU sec, 115.352 real sec
[0000] 2. Calling mem_process_seqs.., task: 323
[0000] 3. Calling kt_for - worker_bwt
[0000] read_chunk: 80000000, work_chunk_size: 80000102, nseq: 529802
	[0000][ M::kt_pipeline] read 529802 sequences (80000102 bp)...
[0000] 3. Calling kt_for - worker_aln
Inferring insert size distribution from data, l_pac: 2069526396, n: 529802
[M::mem_pestat] # candidate unique pairs for (FF, FR, RF, RR): (2, 56252, 9, 4)
[M::mem_pestat] skip orientation FF as there are not enough pairs
[M::mem_pestat] analyzing insert size distribution for orientation FR...
[M::mem_pestat] (25, 50, 75) percentile: (222, 289, 379)
[M::mem_pestat] low and high boundaries for computing mean and std.dev: (1, 693)
[M::mem_pestat] mean and std.dev: (307.88, 115.23)
[M::mem_pestat] low and high boundaries for proper pairs: (1, 850)
[M::mem_pestat] skip orientation RF as there are not enough pairs
[M::mem_pestat] skip orientation RR as there are not enough pairs
[0000] 10. Calling kt_for - worker_sam
	[0000][ M::mem_process_seqs] Processed 529802 reads in 934.475 CPU sec, 117.951 real sec
[0000] 2. Calling mem_process_seqs.., task: 324
[0000] 3. Calling kt_for - worker_bwt
[0000] read_chunk: 80000000, work_chunk_size: 80000102, nseq: 529802
	[0000][ M::kt_pipeline] read 529802 sequences (80000102 bp)...
[0000] 3. Calling kt_for - worker_aln
Inferring insert size distribution from data, l_pac: 2069526396, n: 529802
[M::mem_pestat] # candidate unique pairs for (FF, FR, RF, RR): (0, 56076, 12, 1)
[M::mem_pestat] skip orientation FF as there are not enough pairs
[M::mem_pestat] analyzing insert size distribution for orientation FR...
[M::mem_pestat] (25, 50, 75) percentile: (222, 288, 379)
[M::mem_pestat] low and high boundaries for computing mean and std.dev: (1, 693)
[M::mem_pestat] mean and std.dev: (307.28, 115.36)
[M::mem_pestat] low and high boundaries for proper pairs: (1, 850)
[M::mem_pestat] analyzing insert size distribution for orientation RF...
[M::mem_pestat] (25, 50, 75) percentile: (360, 2346, 5593)
[M::mem_pestat] low and high boundaries for computing mean and std.dev: (1, 16059)
[M::mem_pestat] mean and std.dev: (2810.00, 2350.90)
[M::mem_pestat] low and high boundaries for proper pairs: (1, 21292)
[M::mem_pestat] skip orientation RR as there are not enough pairs
[M::mem_pestat] skip orientation RF
[0000] 10. Calling kt_for - worker_sam
	[0000][ M::mem_process_seqs] Processed 529802 reads in 946.776 CPU sec, 119.618 real sec
[0000] 2. Calling mem_process_seqs.., task: 325
[0000] 3. Calling kt_for - worker_bwt
[0000] read_chunk: 80000000, work_chunk_size: 80000102, nseq: 529802
	[0000][ M::kt_pipeline] read 529802 sequences (80000102 bp)...
[0000] 3. Calling kt_for - worker_aln
Inferring insert size distribution from data, l_pac: 2069526396, n: 529802
[M::mem_pestat] # candidate unique pairs for (FF, FR, RF, RR): (1, 56288, 7, 2)
[M::mem_pestat] skip orientation FF as there are not enough pairs
[M::mem_pestat] analyzing insert size distribution for orientation FR...
[M::mem_pestat] (25, 50, 75) percentile: (221, 287, 378)
[M::mem_pestat] low and high boundaries for computing mean and std.dev: (1, 692)
[M::mem_pestat] mean and std.dev: (306.39, 114.70)
[M::mem_pestat] low and high boundaries for proper pairs: (1, 849)
[M::mem_pestat] skip orientation RF as there are not enough pairs
[M::mem_pestat] skip orientation RR as there are not enough pairs
[0000] 10. Calling kt_for - worker_sam
	[0000][ M::mem_process_seqs] Processed 529802 reads in 916.628 CPU sec, 115.686 real sec
[0000] 2. Calling mem_process_seqs.., task: 326
[0000] 3. Calling kt_for - worker_bwt
[0000] read_chunk: 80000000, work_chunk_size: 80000102, nseq: 529802
	[0000][ M::kt_pipeline] read 529802 sequences (80000102 bp)...
[0000] 3. Calling kt_for - worker_aln
Inferring insert size distribution from data, l_pac: 2069526396, n: 529802
[M::mem_pestat] # candidate unique pairs for (FF, FR, RF, RR): (3, 56447, 19, 1)
[M::mem_pestat] skip orientation FF as there are not enough pairs
[M::mem_pestat] analyzing insert size distribution for orientation FR...
[M::mem_pestat] (25, 50, 75) percentile: (221, 288, 379)
[M::mem_pestat] low and high boundaries for computing mean and std.dev: (1, 695)
[M::mem_pestat] mean and std.dev: (307.36, 116.07)
[M::mem_pestat] low and high boundaries for proper pairs: (1, 853)
[M::mem_pestat] analyzing insert size distribution for orientation RF...
[M::mem_pestat] (25, 50, 75) percentile: (203, 800, 3852)
[M::mem_pestat] low and high boundaries for computing mean and std.dev: (1, 11150)
[M::mem_pestat] mean and std.dev: (2124.63, 2656.68)
[M::mem_pestat] low and high boundaries for proper pairs: (1, 14799)
[M::mem_pestat] skip orientation RR as there are not enough pairs
[M::mem_pestat] skip orientation RF
[0000] 10. Calling kt_for - worker_sam
	[0000][ M::mem_process_seqs] Processed 529802 reads in 944.458 CPU sec, 119.347 real sec
[0000] 2. Calling mem_process_seqs.., task: 327
[0000] 3. Calling kt_for - worker_bwt
[0000] read_chunk: 80000000, work_chunk_size: 80000102, nseq: 529802
	[0000][ M::kt_pipeline] read 529802 sequences (80000102 bp)...
[0000] 3. Calling kt_for - worker_aln
Inferring insert size distribution from data, l_pac: 2069526396, n: 529802
[M::mem_pestat] # candidate unique pairs for (FF, FR, RF, RR): (1, 55973, 12, 1)
[M::mem_pestat] skip orientation FF as there are not enough pairs
[M::mem_pestat] analyzing insert size distribution for orientation FR...
[M::mem_pestat] (25, 50, 75) percentile: (221, 288, 378)
[M::mem_pestat] low and high boundaries for computing mean and std.dev: (1, 692)
[M::mem_pestat] mean and std.dev: (306.88, 115.25)
[M::mem_pestat] low and high boundaries for proper pairs: (1, 849)
[M::mem_pestat] analyzing insert size distribution for orientation RF...
[M::mem_pestat] (25, 50, 75) percentile: (181, 1305, 2254)
[M::mem_pestat] low and high boundaries for computing mean and std.dev: (1, 6400)
[M::mem_pestat] mean and std.dev: (1432.00, 1650.36)
[M::mem_pestat] low and high boundaries for proper pairs: (1, 8473)
[M::mem_pestat] skip orientation RR as there are not enough pairs
[M::mem_pestat] skip orientation RF
[0000] 10. Calling kt_for - worker_sam
	[0000][ M::mem_process_seqs] Processed 529802 reads in 939.199 CPU sec, 118.637 real sec
[0000] 2. Calling mem_process_seqs.., task: 328
[0000] 3. Calling kt_for - worker_bwt
[0000] read_chunk: 80000000, work_chunk_size: 80000102, nseq: 529802
	[0000][ M::kt_pipeline] read 529802 sequences (80000102 bp)...
[0000] 3. Calling kt_for - worker_aln
Inferring insert size distribution from data, l_pac: 2069526396, n: 529802
[M::mem_pestat] # candidate unique pairs for (FF, FR, RF, RR): (1, 55985, 5, 4)
[M::mem_pestat] skip orientation FF as there are not enough pairs
[M::mem_pestat] analyzing insert size distribution for orientation FR...
[M::mem_pestat] (25, 50, 75) percentile: (222, 288, 380)
[M::mem_pestat] low and high boundaries for computing mean and std.dev: (1, 696)
[M::mem_pestat] mean and std.dev: (307.67, 115.17)
[M::mem_pestat] low and high boundaries for proper pairs: (1, 854)
[M::mem_pestat] skip orientation RF as there are not enough pairs
[M::mem_pestat] skip orientation RR as there are not enough pairs
[0000] 10. Calling kt_for - worker_sam
	[0000][ M::mem_process_seqs] Processed 529802 reads in 944.288 CPU sec, 119.279 real sec
[0000] 2. Calling mem_process_seqs.., task: 329
[0000] 3. Calling kt_for - worker_bwt
[0000] read_chunk: 80000000, work_chunk_size: 80000102, nseq: 529802
	[0000][ M::kt_pipeline] read 529802 sequences (80000102 bp)...
[0000] 3. Calling kt_for - worker_aln
Inferring insert size distribution from data, l_pac: 2069526396, n: 529802
[M::mem_pestat] # candidate unique pairs for (FF, FR, RF, RR): (1, 56590, 7, 2)
[M::mem_pestat] skip orientation FF as there are not enough pairs
[M::mem_pestat] analyzing insert size distribution for orientation FR...
[M::mem_pestat] (25, 50, 75) percentile: (221, 288, 378)
[M::mem_pestat] low and high boundaries for computing mean and std.dev: (1, 692)
[M::mem_pestat] mean and std.dev: (306.72, 115.34)
[M::mem_pestat] low and high boundaries for proper pairs: (1, 849)
[M::mem_pestat] skip orientation RF as there are not enough pairs
[M::mem_pestat] skip orientation RR as there are not enough pairs
[0000] 10. Calling kt_for - worker_sam
	[0000][ M::mem_process_seqs] Processed 529802 reads in 924.711 CPU sec, 116.904 real sec
[0000] 2. Calling mem_process_seqs.., task: 330
[0000] 3. Calling kt_for - worker_bwt
[0000] read_chunk: 80000000, work_chunk_size: 80000102, nseq: 529802
	[0000][ M::kt_pipeline] read 529802 sequences (80000102 bp)...
[0000] 3. Calling kt_for - worker_aln
Inferring insert size distribution from data, l_pac: 2069526396, n: 529802
[M::mem_pestat] # candidate unique pairs for (FF, FR, RF, RR): (3, 56179, 6, 2)
[M::mem_pestat] skip orientation FF as there are not enough pairs
[M::mem_pestat] analyzing insert size distribution for orientation FR...
[M::mem_pestat] (25, 50, 75) percentile: (221, 287, 377)
[M::mem_pestat] low and high boundaries for computing mean and std.dev: (1, 689)
[M::mem_pestat] mean and std.dev: (306.30, 114.61)
[M::mem_pestat] low and high boundaries for proper pairs: (1, 845)
[M::mem_pestat] skip orientation RF as there are not enough pairs
[M::mem_pestat] skip orientation RR as there are not enough pairs
[0000] 10. Calling kt_for - worker_sam
	[0000][ M::mem_process_seqs] Processed 529802 reads in 931.384 CPU sec, 117.536 real sec
[0000] 2. Calling mem_process_seqs.., task: 331
[0000] 3. Calling kt_for - worker_bwt
[0000] read_chunk: 80000000, work_chunk_size: 80000102, nseq: 529802
	[0000][ M::kt_pipeline] read 529802 sequences (80000102 bp)...
[0000] 3. Calling kt_for - worker_aln
Inferring insert size distribution from data, l_pac: 2069526396, n: 529802
[M::mem_pestat] # candidate unique pairs for (FF, FR, RF, RR): (4, 56118, 6, 2)
[M::mem_pestat] skip orientation FF as there are not enough pairs
[M::mem_pestat] analyzing insert size distribution for orientation FR...
[M::mem_pestat] (25, 50, 75) percentile: (222, 286, 377)
[M::mem_pestat] low and high boundaries for computing mean and std.dev: (1, 687)
[M::mem_pestat] mean and std.dev: (305.66, 113.73)
[M::mem_pestat] low and high boundaries for proper pairs: (1, 842)
[M::mem_pestat] skip orientation RF as there are not enough pairs
[M::mem_pestat] skip orientation RR as there are not enough pairs
[0000] 10. Calling kt_for - worker_sam
	[0000][ M::mem_process_seqs] Processed 529802 reads in 950.996 CPU sec, 120.276 real sec
[0000] 2. Calling mem_process_seqs.., task: 332
[0000] 3. Calling kt_for - worker_bwt
[0000] read_chunk: 80000000, work_chunk_size: 80000102, nseq: 529802
	[0000][ M::kt_pipeline] read 529802 sequences (80000102 bp)...
[0000] 3. Calling kt_for - worker_aln
Inferring insert size distribution from data, l_pac: 2069526396, n: 529802
[M::mem_pestat] # candidate unique pairs for (FF, FR, RF, RR): (4, 56273, 6, 0)
[M::mem_pestat] skip orientation FF as there are not enough pairs
[M::mem_pestat] analyzing insert size distribution for orientation FR...
[M::mem_pestat] (25, 50, 75) percentile: (221, 287, 377)
[M::mem_pestat] low and high boundaries for computing mean and std.dev: (1, 689)
[M::mem_pestat] mean and std.dev: (305.75, 114.43)
[M::mem_pestat] low and high boundaries for proper pairs: (1, 845)
[M::mem_pestat] skip orientation RF as there are not enough pairs
[M::mem_pestat] skip orientation RR as there are not enough pairs
[0000] 10. Calling kt_for - worker_sam
	[0000][ M::mem_process_seqs] Processed 529802 reads in 962.713 CPU sec, 121.665 real sec
[0000] 2. Calling mem_process_seqs.., task: 333
[0000] 3. Calling kt_for - worker_bwt
[0000] read_chunk: 80000000, work_chunk_size: 80000102, nseq: 529802
	[0000][ M::kt_pipeline] read 529802 sequences (80000102 bp)...
[0000] 3. Calling kt_for - worker_aln
Inferring insert size distribution from data, l_pac: 2069526396, n: 529802
[M::mem_pestat] # candidate unique pairs for (FF, FR, RF, RR): (1, 56628, 10, 0)
[M::mem_pestat] skip orientation FF as there are not enough pairs
[M::mem_pestat] analyzing insert size distribution for orientation FR...
[M::mem_pestat] (25, 50, 75) percentile: (220, 286, 375)
[M::mem_pestat] low and high boundaries for computing mean and std.dev: (1, 685)
[M::mem_pestat] mean and std.dev: (304.72, 113.90)
[M::mem_pestat] low and high boundaries for proper pairs: (1, 840)
[M::mem_pestat] analyzing insert size distribution for orientation RF...
[M::mem_pestat] (25, 50, 75) percentile: (1284, 4137, 4966)
[M::mem_pestat] low and high boundaries for computing mean and std.dev: (1, 12330)
[M::mem_pestat] mean and std.dev: (3414.70, 2129.14)
[M::mem_pestat] low and high boundaries for proper pairs: (1, 16012)
[M::mem_pestat] skip orientation RR as there are not enough pairs
[M::mem_pestat] skip orientation RF
[0000] 10. Calling kt_for - worker_sam
	[0000][ M::mem_process_seqs] Processed 529802 reads in 936.095 CPU sec, 118.386 real sec
[0000] 2. Calling mem_process_seqs.., task: 334
[0000] 3. Calling kt_for - worker_bwt
[0000] read_chunk: 80000000, work_chunk_size: 80000102, nseq: 529802
	[0000][ M::kt_pipeline] read 529802 sequences (80000102 bp)...
[0000] 3. Calling kt_for - worker_aln
Inferring insert size distribution from data, l_pac: 2069526396, n: 529802
[M::mem_pestat] # candidate unique pairs for (FF, FR, RF, RR): (3, 56347, 9, 3)
[M::mem_pestat] skip orientation FF as there are not enough pairs
[M::mem_pestat] analyzing insert size distribution for orientation FR...
[M::mem_pestat] (25, 50, 75) percentile: (221, 286, 376)
[M::mem_pestat] low and high boundaries for computing mean and std.dev: (1, 686)
[M::mem_pestat] mean and std.dev: (305.51, 113.71)
[M::mem_pestat] low and high boundaries for proper pairs: (1, 841)
[M::mem_pestat] skip orientation RF as there are not enough pairs
[M::mem_pestat] skip orientation RR as there are not enough pairs
[0000] 10. Calling kt_for - worker_sam
	[0000][ M::mem_process_seqs] Processed 529802 reads in 936.719 CPU sec, 118.394 real sec
[0000] 2. Calling mem_process_seqs.., task: 335
[0000] 3. Calling kt_for - worker_bwt
[0000] read_chunk: 80000000, work_chunk_size: 80000102, nseq: 529802
	[0000][ M::kt_pipeline] read 529802 sequences (80000102 bp)...
[0000] 3. Calling kt_for - worker_aln
Inferring insert size distribution from data, l_pac: 2069526396, n: 529802
[M::mem_pestat] # candidate unique pairs for (FF, FR, RF, RR): (4, 56289, 7, 0)
[M::mem_pestat] skip orientation FF as there are not enough pairs
[M::mem_pestat] analyzing insert size distribution for orientation FR...
[M::mem_pestat] (25, 50, 75) percentile: (221, 285, 375)
[M::mem_pestat] low and high boundaries for computing mean and std.dev: (1, 683)
[M::mem_pestat] mean and std.dev: (304.65, 113.29)
[M::mem_pestat] low and high boundaries for proper pairs: (1, 837)
[M::mem_pestat] skip orientation RF as there are not enough pairs
[M::mem_pestat] skip orientation RR as there are not enough pairs
[0000] 10. Calling kt_for - worker_sam
	[0000][ M::mem_process_seqs] Processed 529802 reads in 953.905 CPU sec, 120.575 real sec
[0000] 2. Calling mem_process_seqs.., task: 336
[0000] 3. Calling kt_for - worker_bwt
[0000] read_chunk: 80000000, work_chunk_size: 80000102, nseq: 529802
	[0000][ M::kt_pipeline] read 529802 sequences (80000102 bp)...
[0000] 3. Calling kt_for - worker_aln
Inferring insert size distribution from data, l_pac: 2069526396, n: 529802
[M::mem_pestat] # candidate unique pairs for (FF, FR, RF, RR): (3, 56624, 7, 0)
[M::mem_pestat] skip orientation FF as there are not enough pairs
[M::mem_pestat] analyzing insert size distribution for orientation FR...
[M::mem_pestat] (25, 50, 75) percentile: (220, 286, 377)
[M::mem_pestat] low and high boundaries for computing mean and std.dev: (1, 691)
[M::mem_pestat] mean and std.dev: (305.79, 114.88)
[M::mem_pestat] low and high boundaries for proper pairs: (1, 848)
[M::mem_pestat] skip orientation RF as there are not enough pairs
[M::mem_pestat] skip orientation RR as there are not enough pairs
[0000] 10. Calling kt_for - worker_sam
	[0000][ M::mem_process_seqs] Processed 529802 reads in 962.570 CPU sec, 121.711 real sec
[0000] 2. Calling mem_process_seqs.., task: 337
[0000] 3. Calling kt_for - worker_bwt
[0000] read_chunk: 80000000, work_chunk_size: 80000102, nseq: 529802
	[0000][ M::kt_pipeline] read 529802 sequences (80000102 bp)...
[0000] 3. Calling kt_for - worker_aln
Inferring insert size distribution from data, l_pac: 2069526396, n: 529802
[M::mem_pestat] # candidate unique pairs for (FF, FR, RF, RR): (6, 56198, 17, 2)
[M::mem_pestat] skip orientation FF as there are not enough pairs
[M::mem_pestat] analyzing insert size distribution for orientation FR...
[M::mem_pestat] (25, 50, 75) percentile: (221, 287, 377)
[M::mem_pestat] low and high boundaries for computing mean and std.dev: (1, 689)
[M::mem_pestat] mean and std.dev: (305.92, 114.39)
[M::mem_pestat] low and high boundaries for proper pairs: (1, 845)
[M::mem_pestat] analyzing insert size distribution for orientation RF...
[M::mem_pestat] (25, 50, 75) percentile: (263, 791, 6928)
[M::mem_pestat] low and high boundaries for computing mean and std.dev: (1, 20258)
[M::mem_pestat] mean and std.dev: (3085.29, 3562.54)
[M::mem_pestat] low and high boundaries for proper pairs: (1, 26923)
[M::mem_pestat] skip orientation RR as there are not enough pairs
[M::mem_pestat] skip orientation RF
[0000] 10. Calling kt_for - worker_sam
	[0000][ M::mem_process_seqs] Processed 529802 reads in 957.376 CPU sec, 120.802 real sec
[0000] 2. Calling mem_process_seqs.., task: 338
[0000] 3. Calling kt_for - worker_bwt
[0000] read_chunk: 80000000, work_chunk_size: 80000102, nseq: 529802
	[0000][ M::kt_pipeline] read 529802 sequences (80000102 bp)...
[0000] 3. Calling kt_for - worker_aln
Inferring insert size distribution from data, l_pac: 2069526396, n: 529802
[M::mem_pestat] # candidate unique pairs for (FF, FR, RF, RR): (6, 56471, 8, 6)
[M::mem_pestat] skip orientation FF as there are not enough pairs
[M::mem_pestat] analyzing insert size distribution for orientation FR...
[M::mem_pestat] (25, 50, 75) percentile: (221, 287, 379)
[M::mem_pestat] low and high boundaries for computing mean and std.dev: (1, 695)
[M::mem_pestat] mean and std.dev: (307.11, 115.33)
[M::mem_pestat] low and high boundaries for proper pairs: (1, 853)
[M::mem_pestat] skip orientation RF as there are not enough pairs
[M::mem_pestat] skip orientation RR as there are not enough pairs
[0000] 10. Calling kt_for - worker_sam
	[0000][ M::mem_process_seqs] Processed 529802 reads in 959.833 CPU sec, 121.278 real sec
[0000] 2. Calling mem_process_seqs.., task: 339
[0000] 3. Calling kt_for - worker_bwt
[0000] read_chunk: 80000000, work_chunk_size: 80000102, nseq: 529802
	[0000][ M::kt_pipeline] read 529802 sequences (80000102 bp)...
[0000] 3. Calling kt_for - worker_aln
Inferring insert size distribution from data, l_pac: 2069526396, n: 529802
[M::mem_pestat] # candidate unique pairs for (FF, FR, RF, RR): (1, 56609, 7, 1)
[M::mem_pestat] skip orientation FF as there are not enough pairs
[M::mem_pestat] analyzing insert size distribution for orientation FR...
[M::mem_pestat] (25, 50, 75) percentile: (222, 288, 379)
[M::mem_pestat] low and high boundaries for computing mean and std.dev: (1, 693)
[M::mem_pestat] mean and std.dev: (307.09, 114.83)
[M::mem_pestat] low and high boundaries for proper pairs: (1, 850)
[M::mem_pestat] skip orientation RF as there are not enough pairs
[M::mem_pestat] skip orientation RR as there are not enough pairs
[0000] 10. Calling kt_for - worker_sam
	[0000][ M::mem_process_seqs] Processed 529802 reads in 954.955 CPU sec, 120.637 real sec
[0000] 2. Calling mem_process_seqs.., task: 340
[0000] 3. Calling kt_for - worker_bwt
[0000] read_chunk: 80000000, work_chunk_size: 80000102, nseq: 529802
	[0000][ M::kt_pipeline] read 529802 sequences (80000102 bp)...
[0000] 3. Calling kt_for - worker_aln
Inferring insert size distribution from data, l_pac: 2069526396, n: 529802
[M::mem_pestat] # candidate unique pairs for (FF, FR, RF, RR): (0, 56219, 7, 4)
[M::mem_pestat] skip orientation FF as there are not enough pairs
[M::mem_pestat] analyzing insert size distribution for orientation FR...
[M::mem_pestat] (25, 50, 75) percentile: (222, 287, 379)
[M::mem_pestat] low and high boundaries for computing mean and std.dev: (1, 693)
[M::mem_pestat] mean and std.dev: (307.51, 115.35)
[M::mem_pestat] low and high boundaries for proper pairs: (1, 850)
[M::mem_pestat] skip orientation RF as there are not enough pairs
[M::mem_pestat] skip orientation RR as there are not enough pairs
[0000] 10. Calling kt_for - worker_sam
	[0000][ M::mem_process_seqs] Processed 529802 reads in 974.693 CPU sec, 123.288 real sec
[0000] 2. Calling mem_process_seqs.., task: 341
[0000] 3. Calling kt_for - worker_bwt
[0000] read_chunk: 80000000, work_chunk_size: 80000102, nseq: 529802
	[0000][ M::kt_pipeline] read 529802 sequences (80000102 bp)...
[0000] 3. Calling kt_for - worker_aln
Inferring insert size distribution from data, l_pac: 2069526396, n: 529802
[M::mem_pestat] # candidate unique pairs for (FF, FR, RF, RR): (2, 56196, 9, 2)
[M::mem_pestat] skip orientation FF as there are not enough pairs
[M::mem_pestat] analyzing insert size distribution for orientation FR...
[M::mem_pestat] (25, 50, 75) percentile: (223, 288, 378)
[M::mem_pestat] low and high boundaries for computing mean and std.dev: (1, 688)
[M::mem_pestat] mean and std.dev: (307.05, 114.45)
[M::mem_pestat] low and high boundaries for proper pairs: (1, 843)
[M::mem_pestat] skip orientation RF as there are not enough pairs
[M::mem_pestat] skip orientation RR as there are not enough pairs
[0000] 10. Calling kt_for - worker_sam
	[0000][ M::mem_process_seqs] Processed 529802 reads in 987.328 CPU sec, 124.886 real sec
[0000] 2. Calling mem_process_seqs.., task: 342
[0000] 3. Calling kt_for - worker_bwt
[0000] read_chunk: 80000000, work_chunk_size: 80000102, nseq: 529802
	[0000][ M::kt_pipeline] read 529802 sequences (80000102 bp)...
[0000] 3. Calling kt_for - worker_aln
Inferring insert size distribution from data, l_pac: 2069526396, n: 529802
[M::mem_pestat] # candidate unique pairs for (FF, FR, RF, RR): (2, 56401, 8, 3)
[M::mem_pestat] skip orientation FF as there are not enough pairs
[M::mem_pestat] analyzing insert size distribution for orientation FR...
[M::mem_pestat] (25, 50, 75) percentile: (222, 288, 379)
[M::mem_pestat] low and high boundaries for computing mean and std.dev: (1, 693)
[M::mem_pestat] mean and std.dev: (307.18, 114.86)
[M::mem_pestat] low and high boundaries for proper pairs: (1, 850)
[M::mem_pestat] skip orientation RF as there are not enough pairs
[M::mem_pestat] skip orientation RR as there are not enough pairs
[0000] 10. Calling kt_for - worker_sam
	[0000][ M::mem_process_seqs] Processed 529802 reads in 962.936 CPU sec, 121.644 real sec
[0000] 2. Calling mem_process_seqs.., task: 343
[0000] 3. Calling kt_for - worker_bwt
[0000] read_chunk: 80000000, work_chunk_size: 80000102, nseq: 529802
	[0000][ M::kt_pipeline] read 529802 sequences (80000102 bp)...
[0000] 3. Calling kt_for - worker_aln
Inferring insert size distribution from data, l_pac: 2069526396, n: 529802
[M::mem_pestat] # candidate unique pairs for (FF, FR, RF, RR): (0, 56424, 15, 2)
[M::mem_pestat] skip orientation FF as there are not enough pairs
[M::mem_pestat] analyzing insert size distribution for orientation FR...
[M::mem_pestat] (25, 50, 75) percentile: (222, 288, 380)
[M::mem_pestat] low and high boundaries for computing mean and std.dev: (1, 696)
[M::mem_pestat] mean and std.dev: (307.95, 115.83)
[M::mem_pestat] low and high boundaries for proper pairs: (1, 854)
[M::mem_pestat] analyzing insert size distribution for orientation RF...
[M::mem_pestat] (25, 50, 75) percentile: (656, 842, 2264)
[M::mem_pestat] low and high boundaries for computing mean and std.dev: (1, 5480)
[M::mem_pestat] mean and std.dev: (1342.07, 1177.65)
[M::mem_pestat] low and high boundaries for proper pairs: (1, 7088)
[M::mem_pestat] skip orientation RR as there are not enough pairs
[M::mem_pestat] skip orientation RF
[0000] 10. Calling kt_for - worker_sam
	[0000][ M::mem_process_seqs] Processed 529802 reads in 973.788 CPU sec, 123.085 real sec
[0000] 2. Calling mem_process_seqs.., task: 344
[0000] 3. Calling kt_for - worker_bwt
[0000] read_chunk: 80000000, work_chunk_size: 80000102, nseq: 529802
	[0000][ M::kt_pipeline] read 529802 sequences (80000102 bp)...
[0000] 3. Calling kt_for - worker_aln
Inferring insert size distribution from data, l_pac: 2069526396, n: 529802
[M::mem_pestat] # candidate unique pairs for (FF, FR, RF, RR): (2, 56616, 4, 1)
[M::mem_pestat] skip orientation FF as there are not enough pairs
[M::mem_pestat] analyzing insert size distribution for orientation FR...
[M::mem_pestat] (25, 50, 75) percentile: (221, 289, 379)
[M::mem_pestat] low and high boundaries for computing mean and std.dev: (1, 695)
[M::mem_pestat] mean and std.dev: (307.72, 115.26)
[M::mem_pestat] low and high boundaries for proper pairs: (1, 853)
[M::mem_pestat] skip orientation RF as there are not enough pairs
[M::mem_pestat] skip orientation RR as there are not enough pairs
[0000] 10. Calling kt_for - worker_sam
	[0000][ M::mem_process_seqs] Processed 529802 reads in 947.112 CPU sec, 119.526 real sec
[0000] 2. Calling mem_process_seqs.., task: 345
[0000] 3. Calling kt_for - worker_bwt
[0000] read_chunk: 80000000, work_chunk_size: 80000102, nseq: 529802
	[0000][ M::kt_pipeline] read 529802 sequences (80000102 bp)...
[0000] 3. Calling kt_for - worker_aln
Inferring insert size distribution from data, l_pac: 2069526396, n: 529802
[M::mem_pestat] # candidate unique pairs for (FF, FR, RF, RR): (0, 56432, 9, 5)
[M::mem_pestat] skip orientation FF as there are not enough pairs
[M::mem_pestat] analyzing insert size distribution for orientation FR...
[M::mem_pestat] (25, 50, 75) percentile: (222, 288, 379)
[M::mem_pestat] low and high boundaries for computing mean and std.dev: (1, 693)
[M::mem_pestat] mean and std.dev: (307.88, 115.41)
[M::mem_pestat] low and high boundaries for proper pairs: (1, 850)
[M::mem_pestat] skip orientation RF as there are not enough pairs
[M::mem_pestat] skip orientation RR as there are not enough pairs
[0000] 10. Calling kt_for - worker_sam
	[0000][ M::mem_process_seqs] Processed 529802 reads in 966.390 CPU sec, 122.224 real sec
[0000] 2. Calling mem_process_seqs.., task: 346
[0000] 3. Calling kt_for - worker_bwt
[0000] read_chunk: 80000000, work_chunk_size: 80000102, nseq: 529802
	[0000][ M::kt_pipeline] read 529802 sequences (80000102 bp)...
[0000] 3. Calling kt_for - worker_aln
Inferring insert size distribution from data, l_pac: 2069526396, n: 529802
[M::mem_pestat] # candidate unique pairs for (FF, FR, RF, RR): (2, 56572, 5, 1)
[M::mem_pestat] skip orientation FF as there are not enough pairs
[M::mem_pestat] analyzing insert size distribution for orientation FR...
[M::mem_pestat] (25, 50, 75) percentile: (221, 288, 379)
[M::mem_pestat] low and high boundaries for computing mean and std.dev: (1, 695)
[M::mem_pestat] mean and std.dev: (307.75, 115.64)
[M::mem_pestat] low and high boundaries for proper pairs: (1, 853)
[M::mem_pestat] skip orientation RF as there are not enough pairs
[M::mem_pestat] skip orientation RR as there are not enough pairs
[0000] 10. Calling kt_for - worker_sam
	[0000][ M::mem_process_seqs] Processed 529802 reads in 937.309 CPU sec, 118.220 real sec
[0000] 2. Calling mem_process_seqs.., task: 347
[0000] 3. Calling kt_for - worker_bwt
[0000] read_chunk: 80000000, work_chunk_size: 80000102, nseq: 529802
	[0000][ M::kt_pipeline] read 529802 sequences (80000102 bp)...
[0000] 3. Calling kt_for - worker_aln
Inferring insert size distribution from data, l_pac: 2069526396, n: 529802
[M::mem_pestat] # candidate unique pairs for (FF, FR, RF, RR): (3, 56232, 10, 5)
[M::mem_pestat] skip orientation FF as there are not enough pairs
[M::mem_pestat] analyzing insert size distribution for orientation FR...
[M::mem_pestat] (25, 50, 75) percentile: (222, 289, 381)
[M::mem_pestat] low and high boundaries for computing mean and std.dev: (1, 699)
[M::mem_pestat] mean and std.dev: (308.40, 116.16)
[M::mem_pestat] low and high boundaries for proper pairs: (1, 858)
[M::mem_pestat] analyzing insert size distribution for orientation RF...
[M::mem_pestat] (25, 50, 75) percentile: (1421, 1635, 3612)
[M::mem_pestat] low and high boundaries for computing mean and std.dev: (1, 7994)
[M::mem_pestat] mean and std.dev: (2440.30, 2030.27)
[M::mem_pestat] low and high boundaries for proper pairs: (1, 10561)
[M::mem_pestat] skip orientation RR as there are not enough pairs
[M::mem_pestat] skip orientation RF
[0000] 10. Calling kt_for - worker_sam
	[0000][ M::mem_process_seqs] Processed 529802 reads in 951.675 CPU sec, 120.241 real sec
[0000] 2. Calling mem_process_seqs.., task: 348
[0000] 3. Calling kt_for - worker_bwt
[0000] read_chunk: 80000000, work_chunk_size: 80000102, nseq: 529802
	[0000][ M::kt_pipeline] read 529802 sequences (80000102 bp)...
[0000] 3. Calling kt_for - worker_aln
Inferring insert size distribution from data, l_pac: 2069526396, n: 529802
[M::mem_pestat] # candidate unique pairs for (FF, FR, RF, RR): (2, 56012, 11, 5)
[M::mem_pestat] skip orientation FF as there are not enough pairs
[M::mem_pestat] analyzing insert size distribution for orientation FR...
[M::mem_pestat] (25, 50, 75) percentile: (222, 289, 378)
[M::mem_pestat] low and high boundaries for computing mean and std.dev: (1, 690)
[M::mem_pestat] mean and std.dev: (307.33, 114.91)
[M::mem_pestat] low and high boundaries for proper pairs: (1, 846)
[M::mem_pestat] analyzing insert size distribution for orientation RF...
[M::mem_pestat] (25, 50, 75) percentile: (81, 1130, 3926)
[M::mem_pestat] low and high boundaries for computing mean and std.dev: (1, 11616)
[M::mem_pestat] mean and std.dev: (2311.09, 2932.54)
[M::mem_pestat] low and high boundaries for proper pairs: (1, 15461)
[M::mem_pestat] skip orientation RR as there are not enough pairs
[M::mem_pestat] skip orientation RF
[0000] 10. Calling kt_for - worker_sam
	[0000][ M::mem_process_seqs] Processed 529802 reads in 987.088 CPU sec, 124.946 real sec
[0000] 2. Calling mem_process_seqs.., task: 349
[0000] 3. Calling kt_for - worker_bwt
[0000] read_chunk: 80000000, work_chunk_size: 80000102, nseq: 529802
	[0000][ M::kt_pipeline] read 529802 sequences (80000102 bp)...
[0000] 3. Calling kt_for - worker_aln
Inferring insert size distribution from data, l_pac: 2069526396, n: 529802
[M::mem_pestat] # candidate unique pairs for (FF, FR, RF, RR): (8, 56433, 6, 4)
[M::mem_pestat] skip orientation FF as there are not enough pairs
[M::mem_pestat] analyzing insert size distribution for orientation FR...
[M::mem_pestat] (25, 50, 75) percentile: (223, 290, 380)
[M::mem_pestat] low and high boundaries for computing mean and std.dev: (1, 694)
[M::mem_pestat] mean and std.dev: (308.73, 115.34)
[M::mem_pestat] low and high boundaries for proper pairs: (1, 851)
[M::mem_pestat] skip orientation RF as there are not enough pairs
[M::mem_pestat] skip orientation RR as there are not enough pairs
[0000] 10. Calling kt_for - worker_sam
	[0000][ M::mem_process_seqs] Processed 529802 reads in 975.456 CPU sec, 123.422 real sec
[0000] 2. Calling mem_process_seqs.., task: 350
[0000] 3. Calling kt_for - worker_bwt
[0000] read_chunk: 80000000, work_chunk_size: 80000102, nseq: 529802
	[0000][ M::kt_pipeline] read 529802 sequences (80000102 bp)...
[0000] 3. Calling kt_for - worker_aln
Inferring insert size distribution from data, l_pac: 2069526396, n: 529802
[M::mem_pestat] # candidate unique pairs for (FF, FR, RF, RR): (3, 55959, 9, 3)
[M::mem_pestat] skip orientation FF as there are not enough pairs
[M::mem_pestat] analyzing insert size distribution for orientation FR...
[M::mem_pestat] (25, 50, 75) percentile: (222, 289, 380)
[M::mem_pestat] low and high boundaries for computing mean and std.dev: (1, 696)
[M::mem_pestat] mean and std.dev: (308.17, 115.33)
[M::mem_pestat] low and high boundaries for proper pairs: (1, 854)
[M::mem_pestat] skip orientation RF as there are not enough pairs
[M::mem_pestat] skip orientation RR as there are not enough pairs
[0000] 10. Calling kt_for - worker_sam
	[0000][ M::mem_process_seqs] Processed 529802 reads in 983.456 CPU sec, 124.156 real sec
[0000] 2. Calling mem_process_seqs.., task: 351
[0000] 3. Calling kt_for - worker_bwt
[0000] read_chunk: 80000000, work_chunk_size: 80000102, nseq: 529802
	[0000][ M::kt_pipeline] read 529802 sequences (80000102 bp)...
[0000] 3. Calling kt_for - worker_aln
Inferring insert size distribution from data, l_pac: 2069526396, n: 529802
[M::mem_pestat] # candidate unique pairs for (FF, FR, RF, RR): (1, 56067, 3, 0)
[M::mem_pestat] skip orientation FF as there are not enough pairs
[M::mem_pestat] analyzing insert size distribution for orientation FR...
[M::mem_pestat] (25, 50, 75) percentile: (222, 289, 381)
[M::mem_pestat] low and high boundaries for computing mean and std.dev: (1, 699)
[M::mem_pestat] mean and std.dev: (308.39, 115.97)
[M::mem_pestat] low and high boundaries for proper pairs: (1, 858)
[M::mem_pestat] skip orientation RF as there are not enough pairs
[M::mem_pestat] skip orientation RR as there are not enough pairs
[0000] 10. Calling kt_for - worker_sam
	[0000][ M::mem_process_seqs] Processed 529802 reads in 975.794 CPU sec, 123.314 real sec
[0000] 2. Calling mem_process_seqs.., task: 352
[0000] 3. Calling kt_for - worker_bwt
[0000] read_chunk: 80000000, work_chunk_size: 80000102, nseq: 529802
	[0000][ M::kt_pipeline] read 529802 sequences (80000102 bp)...
[0000] 3. Calling kt_for - worker_aln
Inferring insert size distribution from data, l_pac: 2069526396, n: 529802
[M::mem_pestat] # candidate unique pairs for (FF, FR, RF, RR): (3, 56059, 6, 1)
[M::mem_pestat] skip orientation FF as there are not enough pairs
[M::mem_pestat] analyzing insert size distribution for orientation FR...
[M::mem_pestat] (25, 50, 75) percentile: (222, 289, 380)
[M::mem_pestat] low and high boundaries for computing mean and std.dev: (1, 696)
[M::mem_pestat] mean and std.dev: (308.13, 115.39)
[M::mem_pestat] low and high boundaries for proper pairs: (1, 854)
[M::mem_pestat] skip orientation RF as there are not enough pairs
[M::mem_pestat] skip orientation RR as there are not enough pairs
[0000] 10. Calling kt_for - worker_sam
	[0000][ M::mem_process_seqs] Processed 529802 reads in 992.531 CPU sec, 125.528 real sec
[0000] 2. Calling mem_process_seqs.., task: 353
[0000] 3. Calling kt_for - worker_bwt
[0000] read_chunk: 80000000, work_chunk_size: 80000102, nseq: 529802
	[0000][ M::kt_pipeline] read 529802 sequences (80000102 bp)...
[0000] 3. Calling kt_for - worker_aln
Inferring insert size distribution from data, l_pac: 2069526396, n: 529802
[M::mem_pestat] # candidate unique pairs for (FF, FR, RF, RR): (3, 55751, 5, 0)
[M::mem_pestat] skip orientation FF as there are not enough pairs
[M::mem_pestat] analyzing insert size distribution for orientation FR...
[M::mem_pestat] (25, 50, 75) percentile: (222, 290, 379)
[M::mem_pestat] low and high boundaries for computing mean and std.dev: (1, 693)
[M::mem_pestat] mean and std.dev: (308.65, 115.55)
[M::mem_pestat] low and high boundaries for proper pairs: (1, 850)
[M::mem_pestat] skip orientation RF as there are not enough pairs
[M::mem_pestat] skip orientation RR as there are not enough pairs
[0000] 10. Calling kt_for - worker_sam
	[0000][ M::mem_process_seqs] Processed 529802 reads in 981.942 CPU sec, 123.818 real sec
[0000] 2. Calling mem_process_seqs.., task: 354
[0000] 3. Calling kt_for - worker_bwt
[0000] read_chunk: 80000000, work_chunk_size: 80000102, nseq: 529802
	[0000][ M::kt_pipeline] read 529802 sequences (80000102 bp)...
[0000] 3. Calling kt_for - worker_aln
Inferring insert size distribution from data, l_pac: 2069526396, n: 529802
[M::mem_pestat] # candidate unique pairs for (FF, FR, RF, RR): (2, 56197, 13, 3)
[M::mem_pestat] skip orientation FF as there are not enough pairs
[M::mem_pestat] analyzing insert size distribution for orientation FR...
[M::mem_pestat] (25, 50, 75) percentile: (222, 289, 380)
[M::mem_pestat] low and high boundaries for computing mean and std.dev: (1, 696)
[M::mem_pestat] mean and std.dev: (308.69, 115.67)
[M::mem_pestat] low and high boundaries for proper pairs: (1, 854)
[M::mem_pestat] analyzing insert size distribution for orientation RF...
[M::mem_pestat] (25, 50, 75) percentile: (324, 460, 2193)
[M::mem_pestat] low and high boundaries for computing mean and std.dev: (1, 5931)
[M::mem_pestat] mean and std.dev: (1169.31, 1231.91)
[M::mem_pestat] low and high boundaries for proper pairs: (1, 7800)
[M::mem_pestat] skip orientation RR as there are not enough pairs
[M::mem_pestat] skip orientation RF
[0000] 10. Calling kt_for - worker_sam
	[0000][ M::mem_process_seqs] Processed 529802 reads in 972.193 CPU sec, 122.725 real sec
[0000] 2. Calling mem_process_seqs.., task: 355
[0000] 3. Calling kt_for - worker_bwt
[0000] read_chunk: 80000000, work_chunk_size: 80000102, nseq: 529802
	[0000][ M::kt_pipeline] read 529802 sequences (80000102 bp)...
[0000] 3. Calling kt_for - worker_aln
Inferring insert size distribution from data, l_pac: 2069526396, n: 529802
[M::mem_pestat] # candidate unique pairs for (FF, FR, RF, RR): (0, 56523, 7, 3)
[M::mem_pestat] skip orientation FF as there are not enough pairs
[M::mem_pestat] analyzing insert size distribution for orientation FR...
[M::mem_pestat] (25, 50, 75) percentile: (223, 290, 380)
[M::mem_pestat] low and high boundaries for computing mean and std.dev: (1, 694)
[M::mem_pestat] mean and std.dev: (308.93, 115.55)
[M::mem_pestat] low and high boundaries for proper pairs: (1, 851)
[M::mem_pestat] skip orientation RF as there are not enough pairs
[M::mem_pestat] skip orientation RR as there are not enough pairs
[0000] 10. Calling kt_for - worker_sam
	[0000][ M::mem_process_seqs] Processed 529802 reads in 967.390 CPU sec, 122.080 real sec
[0000] 2. Calling mem_process_seqs.., task: 356
[0000] 3. Calling kt_for - worker_bwt
[0000] read_chunk: 80000000, work_chunk_size: 80000102, nseq: 529802
	[0000][ M::kt_pipeline] read 529802 sequences (80000102 bp)...
[0000] 3. Calling kt_for - worker_aln
Inferring insert size distribution from data, l_pac: 2069526396, n: 529802
[M::mem_pestat] # candidate unique pairs for (FF, FR, RF, RR): (1, 56511, 12, 5)
[M::mem_pestat] skip orientation FF as there are not enough pairs
[M::mem_pestat] analyzing insert size distribution for orientation FR...
[M::mem_pestat] (25, 50, 75) percentile: (223, 289, 381)
[M::mem_pestat] low and high boundaries for computing mean and std.dev: (1, 697)
[M::mem_pestat] mean and std.dev: (308.33, 115.56)
[M::mem_pestat] low and high boundaries for proper pairs: (1, 855)
[M::mem_pestat] analyzing insert size distribution for orientation RF...
[M::mem_pestat] (25, 50, 75) percentile: (725, 1425, 2780)
[M::mem_pestat] low and high boundaries for computing mean and std.dev: (1, 6890)
[M::mem_pestat] mean and std.dev: (1188.09, 924.89)
[M::mem_pestat] low and high boundaries for proper pairs: (1, 8945)
[M::mem_pestat] skip orientation RR as there are not enough pairs
[M::mem_pestat] skip orientation RF
[0000] 10. Calling kt_for - worker_sam
	[0000][ M::mem_process_seqs] Processed 529802 reads in 949.702 CPU sec, 119.959 real sec
[0000] 2. Calling mem_process_seqs.., task: 357
[0000] 3. Calling kt_for - worker_bwt
[0000] read_chunk: 80000000, work_chunk_size: 80000102, nseq: 529802
	[0000][ M::kt_pipeline] read 529802 sequences (80000102 bp)...
[0000] 3. Calling kt_for - worker_aln
Inferring insert size distribution from data, l_pac: 2069526396, n: 529802
[M::mem_pestat] # candidate unique pairs for (FF, FR, RF, RR): (1, 56065, 9, 6)
[M::mem_pestat] skip orientation FF as there are not enough pairs
[M::mem_pestat] analyzing insert size distribution for orientation FR...
[M::mem_pestat] (25, 50, 75) percentile: (222, 289, 380)
[M::mem_pestat] low and high boundaries for computing mean and std.dev: (1, 696)
[M::mem_pestat] mean and std.dev: (308.40, 115.88)
[M::mem_pestat] low and high boundaries for proper pairs: (1, 854)
[M::mem_pestat] skip orientation RF as there are not enough pairs
[M::mem_pestat] skip orientation RR as there are not enough pairs
[0000] 10. Calling kt_for - worker_sam
	[0000][ M::mem_process_seqs] Processed 529802 reads in 992.245 CPU sec, 125.186 real sec
[0000] 2. Calling mem_process_seqs.., task: 358
[0000] 3. Calling kt_for - worker_bwt
[0000] read_chunk: 80000000, work_chunk_size: 80000102, nseq: 529802
	[0000][ M::kt_pipeline] read 529802 sequences (80000102 bp)...
[0000] 3. Calling kt_for - worker_aln
Inferring insert size distribution from data, l_pac: 2069526396, n: 529802
[M::mem_pestat] # candidate unique pairs for (FF, FR, RF, RR): (1, 56292, 5, 0)
[M::mem_pestat] skip orientation FF as there are not enough pairs
[M::mem_pestat] analyzing insert size distribution for orientation FR...
[M::mem_pestat] (25, 50, 75) percentile: (223, 289, 380)
[M::mem_pestat] low and high boundaries for computing mean and std.dev: (1, 694)
[M::mem_pestat] mean and std.dev: (308.18, 114.99)
[M::mem_pestat] low and high boundaries for proper pairs: (1, 851)
[M::mem_pestat] skip orientation RF as there are not enough pairs
[M::mem_pestat] skip orientation RR as there are not enough pairs
[0000] 10. Calling kt_for - worker_sam
	[0000][ M::mem_process_seqs] Processed 529802 reads in 988.048 CPU sec, 124.810 real sec
[0000] 2. Calling mem_process_seqs.., task: 359
[0000] 3. Calling kt_for - worker_bwt
[0000] read_chunk: 80000000, work_chunk_size: 80000102, nseq: 529802
	[0000][ M::kt_pipeline] read 529802 sequences (80000102 bp)...
[0000] 3. Calling kt_for - worker_aln
Inferring insert size distribution from data, l_pac: 2069526396, n: 529802
[M::mem_pestat] # candidate unique pairs for (FF, FR, RF, RR): (1, 56038, 3, 2)
[M::mem_pestat] skip orientation FF as there are not enough pairs
[M::mem_pestat] analyzing insert size distribution for orientation FR...
[M::mem_pestat] (25, 50, 75) percentile: (222, 289, 383)
[M::mem_pestat] low and high boundaries for computing mean and std.dev: (1, 705)
[M::mem_pestat] mean and std.dev: (309.41, 117.28)
[M::mem_pestat] low and high boundaries for proper pairs: (1, 866)
[M::mem_pestat] skip orientation RF as there are not enough pairs
[M::mem_pestat] skip orientation RR as there are not enough pairs
[0000] 10. Calling kt_for - worker_sam
	[0000][ M::mem_process_seqs] Processed 529802 reads in 1019.935 CPU sec, 128.814 real sec
[0000] 2. Calling mem_process_seqs.., task: 360
[0000] 3. Calling kt_for - worker_bwt
[0000] read_chunk: 80000000, work_chunk_size: 80000102, nseq: 529802
	[0000][ M::kt_pipeline] read 529802 sequences (80000102 bp)...
[0000] 3. Calling kt_for - worker_aln
Inferring insert size distribution from data, l_pac: 2069526396, n: 529802
[M::mem_pestat] # candidate unique pairs for (FF, FR, RF, RR): (1, 56144, 12, 5)
[M::mem_pestat] skip orientation FF as there are not enough pairs
[M::mem_pestat] analyzing insert size distribution for orientation FR...
[M::mem_pestat] (25, 50, 75) percentile: (223, 290, 382)
[M::mem_pestat] low and high boundaries for computing mean and std.dev: (1, 700)
[M::mem_pestat] mean and std.dev: (309.48, 116.30)
[M::mem_pestat] low and high boundaries for proper pairs: (1, 859)
[M::mem_pestat] analyzing insert size distribution for orientation RF...
[M::mem_pestat] (25, 50, 75) percentile: (1488, 1948, 3598)
[M::mem_pestat] low and high boundaries for computing mean and std.dev: (1, 7818)
[M::mem_pestat] mean and std.dev: (2514.75, 1821.82)
[M::mem_pestat] low and high boundaries for proper pairs: (1, 9928)
[M::mem_pestat] skip orientation RR as there are not enough pairs
[M::mem_pestat] skip orientation RF
[0000] 10. Calling kt_for - worker_sam
	[0000][ M::mem_process_seqs] Processed 529802 reads in 1001.687 CPU sec, 126.377 real sec
[0000] 2. Calling mem_process_seqs.., task: 361
[0000] 3. Calling kt_for - worker_bwt
[0000] read_chunk: 80000000, work_chunk_size: 80000102, nseq: 529802
	[0000][ M::kt_pipeline] read 529802 sequences (80000102 bp)...
[0000] 3. Calling kt_for - worker_aln
Inferring insert size distribution from data, l_pac: 2069526396, n: 529802
[M::mem_pestat] # candidate unique pairs for (FF, FR, RF, RR): (3, 56162, 5, 2)
[M::mem_pestat] skip orientation FF as there are not enough pairs
[M::mem_pestat] analyzing insert size distribution for orientation FR...
[M::mem_pestat] (25, 50, 75) percentile: (222, 289, 382)
[M::mem_pestat] low and high boundaries for computing mean and std.dev: (1, 702)
[M::mem_pestat] mean and std.dev: (309.44, 117.17)
[M::mem_pestat] low and high boundaries for proper pairs: (1, 862)
[M::mem_pestat] skip orientation RF as there are not enough pairs
[M::mem_pestat] skip orientation RR as there are not enough pairs
[0000] 10. Calling kt_for - worker_sam
	[0000][ M::mem_process_seqs] Processed 529802 reads in 981.082 CPU sec, 123.957 real sec
[0000] 2. Calling mem_process_seqs.., task: 362
[0000] 3. Calling kt_for - worker_bwt
[0000] read_chunk: 80000000, work_chunk_size: 80000102, nseq: 529802
	[0000][ M::kt_pipeline] read 529802 sequences (80000102 bp)...
[0000] 3. Calling kt_for - worker_aln
Inferring insert size distribution from data, l_pac: 2069526396, n: 529802
[M::mem_pestat] # candidate unique pairs for (FF, FR, RF, RR): (2, 56313, 7, 7)
[M::mem_pestat] skip orientation FF as there are not enough pairs
[M::mem_pestat] analyzing insert size distribution for orientation FR...
[M::mem_pestat] (25, 50, 75) percentile: (222, 289, 381)
[M::mem_pestat] low and high boundaries for computing mean and std.dev: (1, 699)
[M::mem_pestat] mean and std.dev: (308.65, 116.40)
[M::mem_pestat] low and high boundaries for proper pairs: (1, 858)
[M::mem_pestat] skip orientation RF as there are not enough pairs
[M::mem_pestat] skip orientation RR as there are not enough pairs
[0000] 10. Calling kt_for - worker_sam
	[0000][ M::mem_process_seqs] Processed 529802 reads in 1011.715 CPU sec, 127.749 real sec
[0000] 2. Calling mem_process_seqs.., task: 363
[0000] 3. Calling kt_for - worker_bwt
[0000] read_chunk: 80000000, work_chunk_size: 80000102, nseq: 529802
	[0000][ M::kt_pipeline] read 529802 sequences (80000102 bp)...
[0000] 3. Calling kt_for - worker_aln
Inferring insert size distribution from data, l_pac: 2069526396, n: 529802
[M::mem_pestat] # candidate unique pairs for (FF, FR, RF, RR): (1, 56032, 10, 5)
[M::mem_pestat] skip orientation FF as there are not enough pairs
[M::mem_pestat] analyzing insert size distribution for orientation FR...
[M::mem_pestat] (25, 50, 75) percentile: (222, 289, 380)
[M::mem_pestat] low and high boundaries for computing mean and std.dev: (1, 696)
[M::mem_pestat] mean and std.dev: (308.06, 115.52)
[M::mem_pestat] low and high boundaries for proper pairs: (1, 854)
[M::mem_pestat] analyzing insert size distribution for orientation RF...
[M::mem_pestat] (25, 50, 75) percentile: (137, 2110, 5196)
[M::mem_pestat] low and high boundaries for computing mean and std.dev: (1, 15314)
[M::mem_pestat] mean and std.dev: (2482.90, 2764.72)
[M::mem_pestat] low and high boundaries for proper pairs: (1, 20373)
[M::mem_pestat] skip orientation RR as there are not enough pairs
[M::mem_pestat] skip orientation RF
[0000] 10. Calling kt_for - worker_sam
	[0000][ M::mem_process_seqs] Processed 529802 reads in 1015.978 CPU sec, 128.648 real sec
[0000] 2. Calling mem_process_seqs.., task: 364
[0000] 3. Calling kt_for - worker_bwt
[0000] read_chunk: 80000000, work_chunk_size: 80000102, nseq: 529802
	[0000][ M::kt_pipeline] read 529802 sequences (80000102 bp)...
[0000] 3. Calling kt_for - worker_aln
Inferring insert size distribution from data, l_pac: 2069526396, n: 529802
[M::mem_pestat] # candidate unique pairs for (FF, FR, RF, RR): (1, 56281, 12, 2)
[M::mem_pestat] skip orientation FF as there are not enough pairs
[M::mem_pestat] analyzing insert size distribution for orientation FR...
[M::mem_pestat] (25, 50, 75) percentile: (222, 289, 380)
[M::mem_pestat] low and high boundaries for computing mean and std.dev: (1, 696)
[M::mem_pestat] mean and std.dev: (308.36, 115.96)
[M::mem_pestat] low and high boundaries for proper pairs: (1, 854)
[M::mem_pestat] analyzing insert size distribution for orientation RF...
[M::mem_pestat] (25, 50, 75) percentile: (716, 1288, 5328)
[M::mem_pestat] low and high boundaries for computing mean and std.dev: (1, 14552)
[M::mem_pestat] mean and std.dev: (2510.83, 2476.28)
[M::mem_pestat] low and high boundaries for proper pairs: (1, 19164)
[M::mem_pestat] skip orientation RR as there are not enough pairs
[M::mem_pestat] skip orientation RF
[0000] 10. Calling kt_for - worker_sam
	[0000][ M::mem_process_seqs] Processed 529802 reads in 994.529 CPU sec, 125.424 real sec
[0000] 2. Calling mem_process_seqs.., task: 365
[0000] 3. Calling kt_for - worker_bwt
[0000] read_chunk: 80000000, work_chunk_size: 80000102, nseq: 529802
	[0000][ M::kt_pipeline] read 529802 sequences (80000102 bp)...
[0000] 3. Calling kt_for - worker_aln
Inferring insert size distribution from data, l_pac: 2069526396, n: 529802
[M::mem_pestat] # candidate unique pairs for (FF, FR, RF, RR): (2, 56620, 8, 3)
[M::mem_pestat] skip orientation FF as there are not enough pairs
[M::mem_pestat] analyzing insert size distribution for orientation FR...
[M::mem_pestat] (25, 50, 75) percentile: (222, 289, 379)
[M::mem_pestat] low and high boundaries for computing mean and std.dev: (1, 693)
[M::mem_pestat] mean and std.dev: (307.59, 115.67)
[M::mem_pestat] low and high boundaries for proper pairs: (1, 850)
[M::mem_pestat] skip orientation RF as there are not enough pairs
[M::mem_pestat] skip orientation RR as there are not enough pairs
[0000] 10. Calling kt_for - worker_sam
	[0000][ M::mem_process_seqs] Processed 529802 reads in 1037.310 CPU sec, 131.358 real sec
[0000] 2. Calling mem_process_seqs.., task: 366
[0000] 3. Calling kt_for - worker_bwt
[0000] read_chunk: 80000000, work_chunk_size: 80000102, nseq: 529802
	[0000][ M::kt_pipeline] read 529802 sequences (80000102 bp)...
[0000] 3. Calling kt_for - worker_aln
Inferring insert size distribution from data, l_pac: 2069526396, n: 529802
[M::mem_pestat] # candidate unique pairs for (FF, FR, RF, RR): (7, 55815, 4, 4)
[M::mem_pestat] skip orientation FF as there are not enough pairs
[M::mem_pestat] analyzing insert size distribution for orientation FR...
[M::mem_pestat] (25, 50, 75) percentile: (222, 289, 380)
[M::mem_pestat] low and high boundaries for computing mean and std.dev: (1, 696)
[M::mem_pestat] mean and std.dev: (308.15, 115.79)
[M::mem_pestat] low and high boundaries for proper pairs: (1, 854)
[M::mem_pestat] skip orientation RF as there are not enough pairs
[M::mem_pestat] skip orientation RR as there are not enough pairs
[0000] 10. Calling kt_for - worker_sam
	[0000][ M::mem_process_seqs] Processed 529802 reads in 1019.526 CPU sec, 128.765 real sec
[0000] 2. Calling mem_process_seqs.., task: 367
[0000] 3. Calling kt_for - worker_bwt
[0000] read_chunk: 80000000, work_chunk_size: 80000102, nseq: 529802
	[0000][ M::kt_pipeline] read 529802 sequences (80000102 bp)...
[0000] 3. Calling kt_for - worker_aln
Inferring insert size distribution from data, l_pac: 2069526396, n: 529802
[M::mem_pestat] # candidate unique pairs for (FF, FR, RF, RR): (3, 56321, 13, 1)
[M::mem_pestat] skip orientation FF as there are not enough pairs
[M::mem_pestat] analyzing insert size distribution for orientation FR...
[M::mem_pestat] (25, 50, 75) percentile: (222, 290, 382)
[M::mem_pestat] low and high boundaries for computing mean and std.dev: (1, 702)
[M::mem_pestat] mean and std.dev: (309.60, 117.01)
[M::mem_pestat] low and high boundaries for proper pairs: (1, 862)
[M::mem_pestat] analyzing insert size distribution for orientation RF...
[M::mem_pestat] (25, 50, 75) percentile: (67, 142, 736)
[M::mem_pestat] low and high boundaries for computing mean and std.dev: (1, 2074)
[M::mem_pestat] mean and std.dev: (300.27, 299.65)
[M::mem_pestat] low and high boundaries for proper pairs: (1, 2743)
[M::mem_pestat] skip orientation RR as there are not enough pairs
[M::mem_pestat] skip orientation RF
[0000] 10. Calling kt_for - worker_sam
	[0000][ M::mem_process_seqs] Processed 529802 reads in 1016.837 CPU sec, 128.328 real sec
[0000] 2. Calling mem_process_seqs.., task: 368
[0000] 3. Calling kt_for - worker_bwt
[0000] read_chunk: 80000000, work_chunk_size: 80000102, nseq: 529802
	[0000][ M::kt_pipeline] read 529802 sequences (80000102 bp)...
[0000] 3. Calling kt_for - worker_aln
Inferring insert size distribution from data, l_pac: 2069526396, n: 529802
[M::mem_pestat] # candidate unique pairs for (FF, FR, RF, RR): (3, 56286, 11, 3)
[M::mem_pestat] skip orientation FF as there are not enough pairs
[M::mem_pestat] analyzing insert size distribution for orientation FR...
[M::mem_pestat] (25, 50, 75) percentile: (222, 289, 381)
[M::mem_pestat] low and high boundaries for computing mean and std.dev: (1, 699)
[M::mem_pestat] mean and std.dev: (308.20, 115.68)
[M::mem_pestat] low and high boundaries for proper pairs: (1, 858)
[M::mem_pestat] analyzing insert size distribution for orientation RF...
[M::mem_pestat] (25, 50, 75) percentile: (1650, 2519, 5026)
[M::mem_pestat] low and high boundaries for computing mean and std.dev: (1, 11778)
[M::mem_pestat] mean and std.dev: (3256.82, 2828.02)
[M::mem_pestat] low and high boundaries for proper pairs: (1, 15154)
[M::mem_pestat] skip orientation RR as there are not enough pairs
[M::mem_pestat] skip orientation RF
[0000] 10. Calling kt_for - worker_sam
	[0000][ M::mem_process_seqs] Processed 529802 reads in 1017.408 CPU sec, 128.469 real sec
[0000] 2. Calling mem_process_seqs.., task: 369
[0000] 3. Calling kt_for - worker_bwt
[0000] read_chunk: 80000000, work_chunk_size: 80000102, nseq: 529802
	[0000][ M::kt_pipeline] read 529802 sequences (80000102 bp)...
[0000] 3. Calling kt_for - worker_aln
Inferring insert size distribution from data, l_pac: 2069526396, n: 529802
[M::mem_pestat] # candidate unique pairs for (FF, FR, RF, RR): (5, 56181, 10, 0)
[M::mem_pestat] skip orientation FF as there are not enough pairs
[M::mem_pestat] analyzing insert size distribution for orientation FR...
[M::mem_pestat] (25, 50, 75) percentile: (223, 290, 381)
[M::mem_pestat] low and high boundaries for computing mean and std.dev: (1, 697)
[M::mem_pestat] mean and std.dev: (308.88, 115.60)
[M::mem_pestat] low and high boundaries for proper pairs: (1, 855)
[M::mem_pestat] analyzing insert size distribution for orientation RF...
[M::mem_pestat] (25, 50, 75) percentile: (504, 2516, 5401)
[M::mem_pestat] low and high boundaries for computing mean and std.dev: (1, 15195)
[M::mem_pestat] mean and std.dev: (2865.20, 2676.32)
[M::mem_pestat] low and high boundaries for proper pairs: (1, 20092)
[M::mem_pestat] skip orientation RR as there are not enough pairs
[M::mem_pestat] skip orientation RF
[0000] 10. Calling kt_for - worker_sam
	[0000][ M::mem_process_seqs] Processed 529802 reads in 1033.913 CPU sec, 130.949 real sec
[0000] 2. Calling mem_process_seqs.., task: 370
[0000] 3. Calling kt_for - worker_bwt
[0000] read_chunk: 80000000, work_chunk_size: 80000102, nseq: 529802
	[0000][ M::kt_pipeline] read 529802 sequences (80000102 bp)...
[0000] 3. Calling kt_for - worker_aln
Inferring insert size distribution from data, l_pac: 2069526396, n: 529802
[M::mem_pestat] # candidate unique pairs for (FF, FR, RF, RR): (1, 56567, 8, 0)
[M::mem_pestat] skip orientation FF as there are not enough pairs
[M::mem_pestat] analyzing insert size distribution for orientation FR...
[M::mem_pestat] (25, 50, 75) percentile: (222, 288, 379)
[M::mem_pestat] low and high boundaries for computing mean and std.dev: (1, 693)
[M::mem_pestat] mean and std.dev: (307.82, 115.28)
[M::mem_pestat] low and high boundaries for proper pairs: (1, 850)
[M::mem_pestat] skip orientation RF as there are not enough pairs
[M::mem_pestat] skip orientation RR as there are not enough pairs
[0000] 10. Calling kt_for - worker_sam
	[0000][ M::mem_process_seqs] Processed 529802 reads in 1045.635 CPU sec, 132.235 real sec
[0000] 2. Calling mem_process_seqs.., task: 371
[0000] 3. Calling kt_for - worker_bwt
[0000] read_chunk: 80000000, work_chunk_size: 80000102, nseq: 529802
	[0000][ M::kt_pipeline] read 529802 sequences (80000102 bp)...
[0000] 3. Calling kt_for - worker_aln
Inferring insert size distribution from data, l_pac: 2069526396, n: 529802
[M::mem_pestat] # candidate unique pairs for (FF, FR, RF, RR): (1, 56212, 8, 1)
[M::mem_pestat] skip orientation FF as there are not enough pairs
[M::mem_pestat] analyzing insert size distribution for orientation FR...
[M::mem_pestat] (25, 50, 75) percentile: (222, 289, 381)
[M::mem_pestat] low and high boundaries for computing mean and std.dev: (1, 699)
[M::mem_pestat] mean and std.dev: (308.83, 116.23)
[M::mem_pestat] low and high boundaries for proper pairs: (1, 858)
[M::mem_pestat] skip orientation RF as there are not enough pairs
[M::mem_pestat] skip orientation RR as there are not enough pairs
[0000] 10. Calling kt_for - worker_sam
	[0000][ M::mem_process_seqs] Processed 529802 reads in 1025.705 CPU sec, 129.774 real sec
[0000] 2. Calling mem_process_seqs.., task: 372
[0000] 3. Calling kt_for - worker_bwt
[0000] read_chunk: 80000000, work_chunk_size: 80000102, nseq: 529802
	[0000][ M::kt_pipeline] read 529802 sequences (80000102 bp)...
[0000] 3. Calling kt_for - worker_aln
Inferring insert size distribution from data, l_pac: 2069526396, n: 529802
[M::mem_pestat] # candidate unique pairs for (FF, FR, RF, RR): (1, 56387, 10, 2)
[M::mem_pestat] skip orientation FF as there are not enough pairs
[M::mem_pestat] analyzing insert size distribution for orientation FR...
[M::mem_pestat] (25, 50, 75) percentile: (223, 289, 382)
[M::mem_pestat] low and high boundaries for computing mean and std.dev: (1, 700)
[M::mem_pestat] mean and std.dev: (309.60, 117.20)
[M::mem_pestat] low and high boundaries for proper pairs: (1, 859)
[M::mem_pestat] analyzing insert size distribution for orientation RF...
[M::mem_pestat] (25, 50, 75) percentile: (354, 2067, 3772)
[M::mem_pestat] low and high boundaries for computing mean and std.dev: (1, 10608)
[M::mem_pestat] mean and std.dev: (2294.40, 1718.19)
[M::mem_pestat] low and high boundaries for proper pairs: (1, 14026)
[M::mem_pestat] skip orientation RR as there are not enough pairs
[M::mem_pestat] skip orientation RF
[0000] 10. Calling kt_for - worker_sam
	[0000][ M::mem_process_seqs] Processed 529802 reads in 1024.245 CPU sec, 129.368 real sec
[0000] 2. Calling mem_process_seqs.., task: 373
[0000] 3. Calling kt_for - worker_bwt
[0000] read_chunk: 80000000, work_chunk_size: 80000102, nseq: 529802
	[0000][ M::kt_pipeline] read 529802 sequences (80000102 bp)...
[0000] 3. Calling kt_for - worker_aln
Inferring insert size distribution from data, l_pac: 2069526396, n: 529802
[M::mem_pestat] # candidate unique pairs for (FF, FR, RF, RR): (4, 56192, 5, 2)
[M::mem_pestat] skip orientation FF as there are not enough pairs
[M::mem_pestat] analyzing insert size distribution for orientation FR...
[M::mem_pestat] (25, 50, 75) percentile: (223, 290, 379)
[M::mem_pestat] low and high boundaries for computing mean and std.dev: (1, 691)
[M::mem_pestat] mean and std.dev: (308.23, 114.98)
[M::mem_pestat] low and high boundaries for proper pairs: (1, 847)
[M::mem_pestat] skip orientation RF as there are not enough pairs
[M::mem_pestat] skip orientation RR as there are not enough pairs
[0000] 10. Calling kt_for - worker_sam
	[0000][ M::mem_process_seqs] Processed 529802 reads in 1063.224 CPU sec, 134.764 real sec
[0000] 2. Calling mem_process_seqs.., task: 374
[0000] 3. Calling kt_for - worker_bwt
[0000] read_chunk: 80000000, work_chunk_size: 80000102, nseq: 529802
	[0000][ M::kt_pipeline] read 529802 sequences (80000102 bp)...
[0000] 3. Calling kt_for - worker_aln
Inferring insert size distribution from data, l_pac: 2069526396, n: 529802
[M::mem_pestat] # candidate unique pairs for (FF, FR, RF, RR): (4, 56116, 4, 3)
[M::mem_pestat] skip orientation FF as there are not enough pairs
[M::mem_pestat] analyzing insert size distribution for orientation FR...
[M::mem_pestat] (25, 50, 75) percentile: (223, 290, 382)
[M::mem_pestat] low and high boundaries for computing mean and std.dev: (1, 700)
[M::mem_pestat] mean and std.dev: (309.68, 116.18)
[M::mem_pestat] low and high boundaries for proper pairs: (1, 859)
[M::mem_pestat] skip orientation RF as there are not enough pairs
[M::mem_pestat] skip orientation RR as there are not enough pairs
[0000] 10. Calling kt_for - worker_sam
	[0000][ M::mem_process_seqs] Processed 529802 reads in 1043.368 CPU sec, 131.997 real sec
[0000] 2. Calling mem_process_seqs.., task: 375
[0000] 3. Calling kt_for - worker_bwt
[0000] read_chunk: 80000000, work_chunk_size: 80000102, nseq: 529802
	[0000][ M::kt_pipeline] read 529802 sequences (80000102 bp)...
[0000] 3. Calling kt_for - worker_aln
Inferring insert size distribution from data, l_pac: 2069526396, n: 529802
[M::mem_pestat] # candidate unique pairs for (FF, FR, RF, RR): (2, 56425, 17, 1)
[M::mem_pestat] skip orientation FF as there are not enough pairs
[M::mem_pestat] analyzing insert size distribution for orientation FR...
[M::mem_pestat] (25, 50, 75) percentile: (223, 290, 381)
[M::mem_pestat] low and high boundaries for computing mean and std.dev: (1, 697)
[M::mem_pestat] mean and std.dev: (308.62, 115.46)
[M::mem_pestat] low and high boundaries for proper pairs: (1, 855)
[M::mem_pestat] analyzing insert size distribution for orientation RF...
[M::mem_pestat] (25, 50, 75) percentile: (318, 2221, 6406)
[M::mem_pestat] low and high boundaries for computing mean and std.dev: (1, 18582)
[M::mem_pestat] mean and std.dev: (3136.82, 3196.61)
[M::mem_pestat] low and high boundaries for proper pairs: (1, 24670)
[M::mem_pestat] skip orientation RR as there are not enough pairs
[M::mem_pestat] skip orientation RF
[0000] 10. Calling kt_for - worker_sam
	[0000][ M::mem_process_seqs] Processed 529802 reads in 1027.319 CPU sec, 129.972 real sec
[0000] 2. Calling mem_process_seqs.., task: 376
[0000] 3. Calling kt_for - worker_bwt
[0000] read_chunk: 80000000, work_chunk_size: 80000102, nseq: 529802
	[0000][ M::kt_pipeline] read 529802 sequences (80000102 bp)...
[0000] 3. Calling kt_for - worker_aln
Inferring insert size distribution from data, l_pac: 2069526396, n: 529802
[M::mem_pestat] # candidate unique pairs for (FF, FR, RF, RR): (3, 55829, 8, 2)
[M::mem_pestat] skip orientation FF as there are not enough pairs
[M::mem_pestat] analyzing insert size distribution for orientation FR...
[M::mem_pestat] (25, 50, 75) percentile: (223, 289, 381)
[M::mem_pestat] low and high boundaries for computing mean and std.dev: (1, 697)
[M::mem_pestat] mean and std.dev: (308.68, 116.13)
[M::mem_pestat] low and high boundaries for proper pairs: (1, 855)
[M::mem_pestat] skip orientation RF as there are not enough pairs
[M::mem_pestat] skip orientation RR as there are not enough pairs
[0000] 10. Calling kt_for - worker_sam
	[0000][ M::mem_process_seqs] Processed 529802 reads in 1070.994 CPU sec, 135.769 real sec
[0000] 2. Calling mem_process_seqs.., task: 377
[0000] 3. Calling kt_for - worker_bwt
[0000] read_chunk: 80000000, work_chunk_size: 80000102, nseq: 529802
	[0000][ M::kt_pipeline] read 529802 sequences (80000102 bp)...
[0000] 3. Calling kt_for - worker_aln
Inferring insert size distribution from data, l_pac: 2069526396, n: 529802
[M::mem_pestat] # candidate unique pairs for (FF, FR, RF, RR): (1, 56249, 15, 1)
[M::mem_pestat] skip orientation FF as there are not enough pairs
[M::mem_pestat] analyzing insert size distribution for orientation FR...
[M::mem_pestat] (25, 50, 75) percentile: (222, 289, 380)
[M::mem_pestat] low and high boundaries for computing mean and std.dev: (1, 696)
[M::mem_pestat] mean and std.dev: (308.44, 115.68)
[M::mem_pestat] low and high boundaries for proper pairs: (1, 854)
[M::mem_pestat] analyzing insert size distribution for orientation RF...
[M::mem_pestat] (25, 50, 75) percentile: (265, 597, 2889)
[M::mem_pestat] low and high boundaries for computing mean and std.dev: (1, 8137)
[M::mem_pestat] mean and std.dev: (1526.67, 1515.64)
[M::mem_pestat] low and high boundaries for proper pairs: (1, 10761)
[M::mem_pestat] skip orientation RR as there are not enough pairs
[M::mem_pestat] skip orientation RF
[0000] 10. Calling kt_for - worker_sam
	[0000][ M::mem_process_seqs] Processed 529802 reads in 1036.095 CPU sec, 131.373 real sec
[0000] 2. Calling mem_process_seqs.., task: 378
[0000] 3. Calling kt_for - worker_bwt
[0000] read_chunk: 80000000, work_chunk_size: 80000102, nseq: 529802
	[0000][ M::kt_pipeline] read 529802 sequences (80000102 bp)...
[0000] 3. Calling kt_for - worker_aln
Inferring insert size distribution from data, l_pac: 2069526396, n: 529802
[M::mem_pestat] # candidate unique pairs for (FF, FR, RF, RR): (1, 55992, 2, 0)
[M::mem_pestat] skip orientation FF as there are not enough pairs
[M::mem_pestat] analyzing insert size distribution for orientation FR...
[M::mem_pestat] (25, 50, 75) percentile: (224, 291, 381)
[M::mem_pestat] low and high boundaries for computing mean and std.dev: (1, 695)
[M::mem_pestat] mean and std.dev: (309.51, 115.56)
[M::mem_pestat] low and high boundaries for proper pairs: (1, 852)
[M::mem_pestat] skip orientation RF as there are not enough pairs
[M::mem_pestat] skip orientation RR as there are not enough pairs
[0000] 10. Calling kt_for - worker_sam
	[0000][ M::mem_process_seqs] Processed 529802 reads in 1041.443 CPU sec, 131.774 real sec
[0000] 2. Calling mem_process_seqs.., task: 379
[0000] 3. Calling kt_for - worker_bwt
[0000] read_chunk: 80000000, work_chunk_size: 80000102, nseq: 529802
	[0000][ M::kt_pipeline] read 529802 sequences (80000102 bp)...
[0000] 3. Calling kt_for - worker_aln
Inferring insert size distribution from data, l_pac: 2069526396, n: 529802
[M::mem_pestat] # candidate unique pairs for (FF, FR, RF, RR): (1, 56035, 10, 4)
[M::mem_pestat] skip orientation FF as there are not enough pairs
[M::mem_pestat] analyzing insert size distribution for orientation FR...
[M::mem_pestat] (25, 50, 75) percentile: (224, 291, 383)
[M::mem_pestat] low and high boundaries for computing mean and std.dev: (1, 701)
[M::mem_pestat] mean and std.dev: (310.41, 116.10)
[M::mem_pestat] low and high boundaries for proper pairs: (1, 860)
[M::mem_pestat] analyzing insert size distribution for orientation RF...
[M::mem_pestat] (25, 50, 75) percentile: (461, 6440, 7279)
[M::mem_pestat] low and high boundaries for computing mean and std.dev: (1, 20915)
[M::mem_pestat] mean and std.dev: (4185.70, 3447.41)
[M::mem_pestat] low and high boundaries for proper pairs: (1, 27733)
[M::mem_pestat] skip orientation RR as there are not enough pairs
[M::mem_pestat] skip orientation RF
[0000] 10. Calling kt_for - worker_sam
	[0000][ M::mem_process_seqs] Processed 529802 reads in 1039.199 CPU sec, 131.455 real sec
[0000] 2. Calling mem_process_seqs.., task: 380
[0000] 3. Calling kt_for - worker_bwt
[0000] read_chunk: 80000000, work_chunk_size: 80000102, nseq: 529802
	[0000][ M::kt_pipeline] read 529802 sequences (80000102 bp)...
[0000] 3. Calling kt_for - worker_aln
Inferring insert size distribution from data, l_pac: 2069526396, n: 529802
[M::mem_pestat] # candidate unique pairs for (FF, FR, RF, RR): (3, 56184, 11, 2)
[M::mem_pestat] skip orientation FF as there are not enough pairs
[M::mem_pestat] analyzing insert size distribution for orientation FR...
[M::mem_pestat] (25, 50, 75) percentile: (224, 292, 383)
[M::mem_pestat] low and high boundaries for computing mean and std.dev: (1, 701)
[M::mem_pestat] mean and std.dev: (310.83, 116.66)
[M::mem_pestat] low and high boundaries for proper pairs: (1, 860)
[M::mem_pestat] analyzing insert size distribution for orientation RF...
[M::mem_pestat] (25, 50, 75) percentile: (249, 2544, 4709)
[M::mem_pestat] low and high boundaries for computing mean and std.dev: (1, 13629)
[M::mem_pestat] mean and std.dev: (2991.36, 2981.78)
[M::mem_pestat] low and high boundaries for proper pairs: (1, 18089)
[M::mem_pestat] skip orientation RR as there are not enough pairs
[M::mem_pestat] skip orientation RF
[0000] 10. Calling kt_for - worker_sam
	[0000][ M::mem_process_seqs] Processed 529802 reads in 1052.448 CPU sec, 133.127 real sec
[0000] 2. Calling mem_process_seqs.., task: 381
[0000] 3. Calling kt_for - worker_bwt
[0000] read_chunk: 80000000, work_chunk_size: 80000102, nseq: 529802
	[0000][ M::kt_pipeline] read 529802 sequences (80000102 bp)...
[0000] 3. Calling kt_for - worker_aln
Inferring insert size distribution from data, l_pac: 2069526396, n: 529802
[M::mem_pestat] # candidate unique pairs for (FF, FR, RF, RR): (3, 56186, 2, 2)
[M::mem_pestat] skip orientation FF as there are not enough pairs
[M::mem_pestat] analyzing insert size distribution for orientation FR...
[M::mem_pestat] (25, 50, 75) percentile: (223, 291, 384)
[M::mem_pestat] low and high boundaries for computing mean and std.dev: (1, 706)
[M::mem_pestat] mean and std.dev: (310.65, 116.83)
[M::mem_pestat] low and high boundaries for proper pairs: (1, 867)
[M::mem_pestat] skip orientation RF as there are not enough pairs
[M::mem_pestat] skip orientation RR as there are not enough pairs
[0000] 10. Calling kt_for - worker_sam
	[0000][ M::mem_process_seqs] Processed 529802 reads in 1023.874 CPU sec, 129.315 real sec
[0000] 2. Calling mem_process_seqs.., task: 382
[0000] 3. Calling kt_for - worker_bwt
[0000] read_chunk: 80000000, work_chunk_size: 80000102, nseq: 529802
	[0000][ M::kt_pipeline] read 529802 sequences (80000102 bp)...
[0000] 3. Calling kt_for - worker_aln
Inferring insert size distribution from data, l_pac: 2069526396, n: 529802
[M::mem_pestat] # candidate unique pairs for (FF, FR, RF, RR): (3, 56240, 9, 2)
[M::mem_pestat] skip orientation FF as there are not enough pairs
[M::mem_pestat] analyzing insert size distribution for orientation FR...
[M::mem_pestat] (25, 50, 75) percentile: (223, 291, 383)
[M::mem_pestat] low and high boundaries for computing mean and std.dev: (1, 703)
[M::mem_pestat] mean and std.dev: (310.28, 117.30)
[M::mem_pestat] low and high boundaries for proper pairs: (1, 863)
[M::mem_pestat] skip orientation RF as there are not enough pairs
[M::mem_pestat] skip orientation RR as there are not enough pairs
[0000] 10. Calling kt_for - worker_sam
	[0000][ M::mem_process_seqs] Processed 529802 reads in 1021.458 CPU sec, 129.136 real sec
[0000] 2. Calling mem_process_seqs.., task: 383
[0000] 3. Calling kt_for - worker_bwt
[0000] read_chunk: 80000000, work_chunk_size: 80000102, nseq: 529802
	[0000][ M::kt_pipeline] read 529802 sequences (80000102 bp)...
[0000] 3. Calling kt_for - worker_aln
Inferring insert size distribution from data, l_pac: 2069526396, n: 529802
[M::mem_pestat] # candidate unique pairs for (FF, FR, RF, RR): (3, 56360, 3, 2)
[M::mem_pestat] skip orientation FF as there are not enough pairs
[M::mem_pestat] analyzing insert size distribution for orientation FR...
[M::mem_pestat] (25, 50, 75) percentile: (222, 289, 380)
[M::mem_pestat] low and high boundaries for computing mean and std.dev: (1, 696)
[M::mem_pestat] mean and std.dev: (308.45, 116.36)
[M::mem_pestat] low and high boundaries for proper pairs: (1, 854)
[M::mem_pestat] skip orientation RF as there are not enough pairs
[M::mem_pestat] skip orientation RR as there are not enough pairs
[0000] 10. Calling kt_for - worker_sam
	[0000][ M::mem_process_seqs] Processed 529802 reads in 1020.387 CPU sec, 129.116 real sec
[0000] 2. Calling mem_process_seqs.., task: 384
[0000] 3. Calling kt_for - worker_bwt
[0000] read_chunk: 80000000, work_chunk_size: 80000102, nseq: 529802
	[0000][ M::kt_pipeline] read 529802 sequences (80000102 bp)...
[0000] 3. Calling kt_for - worker_aln
Inferring insert size distribution from data, l_pac: 2069526396, n: 529802
[M::mem_pestat] # candidate unique pairs for (FF, FR, RF, RR): (1, 55684, 7, 0)
[M::mem_pestat] skip orientation FF as there are not enough pairs
[M::mem_pestat] analyzing insert size distribution for orientation FR...
[M::mem_pestat] (25, 50, 75) percentile: (223, 291, 384)
[M::mem_pestat] low and high boundaries for computing mean and std.dev: (1, 706)
[M::mem_pestat] mean and std.dev: (310.25, 117.32)
[M::mem_pestat] low and high boundaries for proper pairs: (1, 867)
[M::mem_pestat] skip orientation RF as there are not enough pairs
[M::mem_pestat] skip orientation RR as there are not enough pairs
[0000] 10. Calling kt_for - worker_sam
	[0000][ M::mem_process_seqs] Processed 529802 reads in 1042.810 CPU sec, 131.860 real sec
[0000] 2. Calling mem_process_seqs.., task: 385
[0000] 3. Calling kt_for - worker_bwt
[0000] read_chunk: 80000000, work_chunk_size: 80000102, nseq: 529802
	[0000][ M::kt_pipeline] read 529802 sequences (80000102 bp)...
[0000] 3. Calling kt_for - worker_aln
Inferring insert size distribution from data, l_pac: 2069526396, n: 529802
[M::mem_pestat] # candidate unique pairs for (FF, FR, RF, RR): (1, 56638, 12, 4)
[M::mem_pestat] skip orientation FF as there are not enough pairs
[M::mem_pestat] analyzing insert size distribution for orientation FR...
[M::mem_pestat] (25, 50, 75) percentile: (222, 289, 382)
[M::mem_pestat] low and high boundaries for computing mean and std.dev: (1, 702)
[M::mem_pestat] mean and std.dev: (309.23, 116.91)
[M::mem_pestat] low and high boundaries for proper pairs: (1, 862)
[M::mem_pestat] analyzing insert size distribution for orientation RF...
[M::mem_pestat] (25, 50, 75) percentile: (466, 2150, 5175)
[M::mem_pestat] low and high boundaries for computing mean and std.dev: (1, 14593)
[M::mem_pestat] mean and std.dev: (2862.00, 2788.53)
[M::mem_pestat] low and high boundaries for proper pairs: (1, 19302)
[M::mem_pestat] skip orientation RR as there are not enough pairs
[M::mem_pestat] skip orientation RF
[0000] 10. Calling kt_for - worker_sam
	[0000][ M::mem_process_seqs] Processed 529802 reads in 1022.150 CPU sec, 129.397 real sec
[0000] 2. Calling mem_process_seqs.., task: 386
[0000] 3. Calling kt_for - worker_bwt
[0000] read_chunk: 80000000, work_chunk_size: 80000102, nseq: 529802
	[0000][ M::kt_pipeline] read 529802 sequences (80000102 bp)...
[0000] 3. Calling kt_for - worker_aln
Inferring insert size distribution from data, l_pac: 2069526396, n: 529802
[M::mem_pestat] # candidate unique pairs for (FF, FR, RF, RR): (5, 56198, 10, 1)
[M::mem_pestat] skip orientation FF as there are not enough pairs
[M::mem_pestat] analyzing insert size distribution for orientation FR...
[M::mem_pestat] (25, 50, 75) percentile: (222, 289, 382)
[M::mem_pestat] low and high boundaries for computing mean and std.dev: (1, 702)
[M::mem_pestat] mean and std.dev: (309.08, 116.70)
[M::mem_pestat] low and high boundaries for proper pairs: (1, 862)
[M::mem_pestat] analyzing insert size distribution for orientation RF...
[M::mem_pestat] (25, 50, 75) percentile: (202, 660, 4247)
[M::mem_pestat] low and high boundaries for computing mean and std.dev: (1, 12337)
[M::mem_pestat] mean and std.dev: (2126.40, 2390.79)
[M::mem_pestat] low and high boundaries for proper pairs: (1, 16382)
[M::mem_pestat] skip orientation RR as there are not enough pairs
[M::mem_pestat] skip orientation RF
[0000] 10. Calling kt_for - worker_sam
	[0000][ M::mem_process_seqs] Processed 529802 reads in 1037.307 CPU sec, 131.326 real sec
[0000] 2. Calling mem_process_seqs.., task: 387
[0000] 3. Calling kt_for - worker_bwt
[0000] read_chunk: 80000000, work_chunk_size: 80000102, nseq: 529802
	[0000][ M::kt_pipeline] read 529802 sequences (80000102 bp)...
[0000] 3. Calling kt_for - worker_aln
Inferring insert size distribution from data, l_pac: 2069526396, n: 529802
[M::mem_pestat] # candidate unique pairs for (FF, FR, RF, RR): (5, 56097, 10, 3)
[M::mem_pestat] skip orientation FF as there are not enough pairs
[M::mem_pestat] analyzing insert size distribution for orientation FR...
[M::mem_pestat] (25, 50, 75) percentile: (223, 290, 381)
[M::mem_pestat] low and high boundaries for computing mean and std.dev: (1, 697)
[M::mem_pestat] mean and std.dev: (308.97, 116.13)
[M::mem_pestat] low and high boundaries for proper pairs: (1, 855)
[M::mem_pestat] analyzing insert size distribution for orientation RF...
[M::mem_pestat] (25, 50, 75) percentile: (403, 1165, 4085)
[M::mem_pestat] low and high boundaries for computing mean and std.dev: (1, 11449)
[M::mem_pestat] mean and std.dev: (2007.10, 1721.81)
[M::mem_pestat] low and high boundaries for proper pairs: (1, 15131)
[M::mem_pestat] skip orientation RR as there are not enough pairs
[M::mem_pestat] skip orientation RF
[0000] 10. Calling kt_for - worker_sam
	[0000][ M::mem_process_seqs] Processed 529802 reads in 1003.493 CPU sec, 126.913 real sec
[0000] 2. Calling mem_process_seqs.., task: 388
[0000] 3. Calling kt_for - worker_bwt
[0000] read_chunk: 80000000, work_chunk_size: 80000102, nseq: 529802
	[0000][ M::kt_pipeline] read 529802 sequences (80000102 bp)...
[0000] 3. Calling kt_for - worker_aln
Inferring insert size distribution from data, l_pac: 2069526396, n: 529802
[M::mem_pestat] # candidate unique pairs for (FF, FR, RF, RR): (3, 56185, 9, 4)
[M::mem_pestat] skip orientation FF as there are not enough pairs
[M::mem_pestat] analyzing insert size distribution for orientation FR...
[M::mem_pestat] (25, 50, 75) percentile: (222, 289, 382)
[M::mem_pestat] low and high boundaries for computing mean and std.dev: (1, 702)
[M::mem_pestat] mean and std.dev: (309.32, 116.97)
[M::mem_pestat] low and high boundaries for proper pairs: (1, 862)
[M::mem_pestat] skip orientation RF as there are not enough pairs
[M::mem_pestat] skip orientation RR as there are not enough pairs
[0000] 10. Calling kt_for - worker_sam
	[0000][ M::mem_process_seqs] Processed 529802 reads in 1024.012 CPU sec, 129.506 real sec
[0000] 2. Calling mem_process_seqs.., task: 389
[0000] 3. Calling kt_for - worker_bwt
[0000] read_chunk: 80000000, work_chunk_size: 80000102, nseq: 529802
	[0000][ M::kt_pipeline] read 529802 sequences (80000102 bp)...
[0000] 3. Calling kt_for - worker_aln
Inferring insert size distribution from data, l_pac: 2069526396, n: 529802
[M::mem_pestat] # candidate unique pairs for (FF, FR, RF, RR): (1, 55882, 14, 1)
[M::mem_pestat] skip orientation FF as there are not enough pairs
[M::mem_pestat] analyzing insert size distribution for orientation FR...
[M::mem_pestat] (25, 50, 75) percentile: (223, 290, 382)
[M::mem_pestat] low and high boundaries for computing mean and std.dev: (1, 700)
[M::mem_pestat] mean and std.dev: (309.33, 116.94)
[M::mem_pestat] low and high boundaries for proper pairs: (1, 859)
[M::mem_pestat] analyzing insert size distribution for orientation RF...
[M::mem_pestat] (25, 50, 75) percentile: (129, 3713, 5072)
[M::mem_pestat] low and high boundaries for computing mean and std.dev: (1, 14958)
[M::mem_pestat] mean and std.dev: (3075.57, 2876.15)
[M::mem_pestat] low and high boundaries for proper pairs: (1, 19901)
[M::mem_pestat] skip orientation RR as there are not enough pairs
[M::mem_pestat] skip orientation RF
[0000] 10. Calling kt_for - worker_sam
	[0000][ M::mem_process_seqs] Processed 529802 reads in 1043.994 CPU sec, 132.141 real sec
[0000] 2. Calling mem_process_seqs.., task: 390
[0000] 3. Calling kt_for - worker_bwt
[0000] read_chunk: 80000000, work_chunk_size: 80000102, nseq: 529802
	[0000][ M::kt_pipeline] read 529802 sequences (80000102 bp)...
[0000] 3. Calling kt_for - worker_aln
Inferring insert size distribution from data, l_pac: 2069526396, n: 529802
[M::mem_pestat] # candidate unique pairs for (FF, FR, RF, RR): (2, 55806, 12, 0)
[M::mem_pestat] skip orientation FF as there are not enough pairs
[M::mem_pestat] analyzing insert size distribution for orientation FR...
[M::mem_pestat] (25, 50, 75) percentile: (223, 291, 384)
[M::mem_pestat] low and high boundaries for computing mean and std.dev: (1, 706)
[M::mem_pestat] mean and std.dev: (310.94, 117.59)
[M::mem_pestat] low and high boundaries for proper pairs: (1, 867)
[M::mem_pestat] analyzing insert size distribution for orientation RF...
[M::mem_pestat] (25, 50, 75) percentile: (188, 973, 2388)
[M::mem_pestat] low and high boundaries for computing mean and std.dev: (1, 6788)
[M::mem_pestat] mean and std.dev: (848.55, 821.73)
[M::mem_pestat] low and high boundaries for proper pairs: (1, 8988)
[M::mem_pestat] skip orientation RR as there are not enough pairs
[M::mem_pestat] skip orientation RF
[0000] 10. Calling kt_for - worker_sam
	[0000][ M::mem_process_seqs] Processed 529802 reads in 1026.809 CPU sec, 129.918 real sec
[0000] 2. Calling mem_process_seqs.., task: 391
[0000] 3. Calling kt_for - worker_bwt
[0000] read_chunk: 80000000, work_chunk_size: 80000102, nseq: 529802
	[0000][ M::kt_pipeline] read 529802 sequences (80000102 bp)...
[0000] 3. Calling kt_for - worker_aln
Inferring insert size distribution from data, l_pac: 2069526396, n: 529802
[M::mem_pestat] # candidate unique pairs for (FF, FR, RF, RR): (4, 55944, 3, 1)
[M::mem_pestat] skip orientation FF as there are not enough pairs
[M::mem_pestat] analyzing insert size distribution for orientation FR...
[M::mem_pestat] (25, 50, 75) percentile: (223, 291, 383)
[M::mem_pestat] low and high boundaries for computing mean and std.dev: (1, 703)
[M::mem_pestat] mean and std.dev: (310.35, 117.18)
[M::mem_pestat] low and high boundaries for proper pairs: (1, 863)
[M::mem_pestat] skip orientation RF as there are not enough pairs
[M::mem_pestat] skip orientation RR as there are not enough pairs
[0000] 10. Calling kt_for - worker_sam
	[0000][ M::mem_process_seqs] Processed 529802 reads in 1034.283 CPU sec, 131.025 real sec
[0000] 2. Calling mem_process_seqs.., task: 392
[0000] 3. Calling kt_for - worker_bwt
[0000] read_chunk: 80000000, work_chunk_size: 80000102, nseq: 529802
	[0000][ M::kt_pipeline] read 529802 sequences (80000102 bp)...
[0000] 3. Calling kt_for - worker_aln
Inferring insert size distribution from data, l_pac: 2069526396, n: 529802
[M::mem_pestat] # candidate unique pairs for (FF, FR, RF, RR): (2, 56063, 11, 3)
[M::mem_pestat] skip orientation FF as there are not enough pairs
[M::mem_pestat] analyzing insert size distribution for orientation FR...
[M::mem_pestat] (25, 50, 75) percentile: (224, 291, 384)
[M::mem_pestat] low and high boundaries for computing mean and std.dev: (1, 704)
[M::mem_pestat] mean and std.dev: (310.40, 116.81)
[M::mem_pestat] low and high boundaries for proper pairs: (1, 864)
[M::mem_pestat] analyzing insert size distribution for orientation RF...
[M::mem_pestat] (25, 50, 75) percentile: (1867, 3624, 3744)
[M::mem_pestat] low and high boundaries for computing mean and std.dev: (1, 7498)
[M::mem_pestat] mean and std.dev: (2456.78, 1491.60)
[M::mem_pestat] low and high boundaries for proper pairs: (1, 9375)
[M::mem_pestat] skip orientation RR as there are not enough pairs
[M::mem_pestat] skip orientation RF
[0000] 10. Calling kt_for - worker_sam
	[0000][ M::mem_process_seqs] Processed 529802 reads in 1035.494 CPU sec, 130.857 real sec
[0000] 2. Calling mem_process_seqs.., task: 393
[0000] 3. Calling kt_for - worker_bwt
[0000] read_chunk: 80000000, work_chunk_size: 80000102, nseq: 529802
	[0000][ M::kt_pipeline] read 529802 sequences (80000102 bp)...
[0000] 3. Calling kt_for - worker_aln
Inferring insert size distribution from data, l_pac: 2069526396, n: 529802
[M::mem_pestat] # candidate unique pairs for (FF, FR, RF, RR): (1, 56113, 7, 0)
[M::mem_pestat] skip orientation FF as there are not enough pairs
[M::mem_pestat] analyzing insert size distribution for orientation FR...
[M::mem_pestat] (25, 50, 75) percentile: (225, 294, 387)
[M::mem_pestat] low and high boundaries for computing mean and std.dev: (1, 711)
[M::mem_pestat] mean and std.dev: (313.68, 118.64)
[M::mem_pestat] low and high boundaries for proper pairs: (1, 873)
[M::mem_pestat] skip orientation RF as there are not enough pairs
[M::mem_pestat] skip orientation RR as there are not enough pairs
[0000] 10. Calling kt_for - worker_sam
	[0000][ M::mem_process_seqs] Processed 529802 reads in 1054.683 CPU sec, 133.753 real sec
[0000] 2. Calling mem_process_seqs.., task: 394
[0000] 3. Calling kt_for - worker_bwt
[0000] read_chunk: 80000000, work_chunk_size: 80000102, nseq: 529802
	[0000][ M::kt_pipeline] read 529802 sequences (80000102 bp)...
[0000] 3. Calling kt_for - worker_aln
Inferring insert size distribution from data, l_pac: 2069526396, n: 529802
[M::mem_pestat] # candidate unique pairs for (FF, FR, RF, RR): (1, 56140, 7, 2)
[M::mem_pestat] skip orientation FF as there are not enough pairs
[M::mem_pestat] analyzing insert size distribution for orientation FR...
[M::mem_pestat] (25, 50, 75) percentile: (227, 296, 391)
[M::mem_pestat] low and high boundaries for computing mean and std.dev: (1, 719)
[M::mem_pestat] mean and std.dev: (316.11, 119.85)
[M::mem_pestat] low and high boundaries for proper pairs: (1, 883)
[M::mem_pestat] skip orientation RF as there are not enough pairs
[M::mem_pestat] skip orientation RR as there are not enough pairs
[0000] 10. Calling kt_for - worker_sam
	[0000][ M::mem_process_seqs] Processed 529802 reads in 1061.826 CPU sec, 134.765 real sec
[0000] 2. Calling mem_process_seqs.., task: 395
[0000] 3. Calling kt_for - worker_bwt
[0000] read_chunk: 80000000, work_chunk_size: 80000102, nseq: 529802
	[0000][ M::kt_pipeline] read 529802 sequences (80000102 bp)...
[0000] 3. Calling kt_for - worker_aln
Inferring insert size distribution from data, l_pac: 2069526396, n: 529802
[M::mem_pestat] # candidate unique pairs for (FF, FR, RF, RR): (4, 56114, 10, 7)
[M::mem_pestat] skip orientation FF as there are not enough pairs
[M::mem_pestat] analyzing insert size distribution for orientation FR...
[M::mem_pestat] (25, 50, 75) percentile: (226, 295, 391)
[M::mem_pestat] low and high boundaries for computing mean and std.dev: (1, 721)
[M::mem_pestat] mean and std.dev: (315.49, 120.08)
[M::mem_pestat] low and high boundaries for proper pairs: (1, 886)
[M::mem_pestat] analyzing insert size distribution for orientation RF...
[M::mem_pestat] (25, 50, 75) percentile: (172, 1694, 2954)
[M::mem_pestat] low and high boundaries for computing mean and std.dev: (1, 8518)
[M::mem_pestat] mean and std.dev: (1654.80, 1479.95)
[M::mem_pestat] low and high boundaries for proper pairs: (1, 11300)
[M::mem_pestat] skip orientation RR as there are not enough pairs
[M::mem_pestat] skip orientation RF
[0000] 10. Calling kt_for - worker_sam
	[0000][ M::mem_process_seqs] Processed 529802 reads in 1054.438 CPU sec, 133.523 real sec
[0000] 2. Calling mem_process_seqs.., task: 396
[0000] 3. Calling kt_for - worker_bwt
[0000] read_chunk: 80000000, work_chunk_size: 80000102, nseq: 529802
	[0000][ M::kt_pipeline] read 529802 sequences (80000102 bp)...
[0000] 3. Calling kt_for - worker_aln
Inferring insert size distribution from data, l_pac: 2069526396, n: 529802
[M::mem_pestat] # candidate unique pairs for (FF, FR, RF, RR): (1, 55914, 9, 5)
[M::mem_pestat] skip orientation FF as there are not enough pairs
[M::mem_pestat] analyzing insert size distribution for orientation FR...
[M::mem_pestat] (25, 50, 75) percentile: (228, 297, 390)
[M::mem_pestat] low and high boundaries for computing mean and std.dev: (1, 714)
[M::mem_pestat] mean and std.dev: (315.85, 118.80)
[M::mem_pestat] low and high boundaries for proper pairs: (1, 876)
[M::mem_pestat] skip orientation RF as there are not enough pairs
[M::mem_pestat] skip orientation RR as there are not enough pairs
[0000] 10. Calling kt_for - worker_sam
	[0000][ M::mem_process_seqs] Processed 529802 reads in 1043.240 CPU sec, 132.021 real sec
[0000] 2. Calling mem_process_seqs.., task: 397
[0000] 3. Calling kt_for - worker_bwt
[0000] read_chunk: 80000000, work_chunk_size: 80000102, nseq: 529802
	[0000][ M::kt_pipeline] read 529802 sequences (80000102 bp)...
[0000] 3. Calling kt_for - worker_aln
Inferring insert size distribution from data, l_pac: 2069526396, n: 529802
[M::mem_pestat] # candidate unique pairs for (FF, FR, RF, RR): (0, 56460, 11, 1)
[M::mem_pestat] skip orientation FF as there are not enough pairs
[M::mem_pestat] analyzing insert size distribution for orientation FR...
[M::mem_pestat] (25, 50, 75) percentile: (226, 294, 389)
[M::mem_pestat] low and high boundaries for computing mean and std.dev: (1, 715)
[M::mem_pestat] mean and std.dev: (314.28, 119.35)
[M::mem_pestat] low and high boundaries for proper pairs: (1, 878)
[M::mem_pestat] analyzing insert size distribution for orientation RF...
[M::mem_pestat] (25, 50, 75) percentile: (412, 2036, 3943)
[M::mem_pestat] low and high boundaries for computing mean and std.dev: (1, 11005)
[M::mem_pestat] mean and std.dev: (2793.09, 2738.06)
[M::mem_pestat] low and high boundaries for proper pairs: (1, 14536)
[M::mem_pestat] skip orientation RR as there are not enough pairs
[M::mem_pestat] skip orientation RF
[0000] 10. Calling kt_for - worker_sam
	[0000][ M::mem_process_seqs] Processed 529802 reads in 1070.834 CPU sec, 135.531 real sec
[0000] 2. Calling mem_process_seqs.., task: 398
[0000] 3. Calling kt_for - worker_bwt
[0000] read_chunk: 80000000, work_chunk_size: 80000102, nseq: 529802
	[0000][ M::kt_pipeline] read 529802 sequences (80000102 bp)...
[0000] 3. Calling kt_for - worker_aln
Inferring insert size distribution from data, l_pac: 2069526396, n: 529802
[M::mem_pestat] # candidate unique pairs for (FF, FR, RF, RR): (3, 56079, 6, 5)
[M::mem_pestat] skip orientation FF as there are not enough pairs
[M::mem_pestat] analyzing insert size distribution for orientation FR...
[M::mem_pestat] (25, 50, 75) percentile: (226, 294, 386)
[M::mem_pestat] low and high boundaries for computing mean and std.dev: (1, 706)
[M::mem_pestat] mean and std.dev: (313.40, 117.98)
[M::mem_pestat] low and high boundaries for proper pairs: (1, 866)
[M::mem_pestat] skip orientation RF as there are not enough pairs
[M::mem_pestat] skip orientation RR as there are not enough pairs
[0000] 10. Calling kt_for - worker_sam
	[0000][ M::mem_process_seqs] Processed 529802 reads in 1025.646 CPU sec, 129.680 real sec
[0000] 2. Calling mem_process_seqs.., task: 399
[0000] 3. Calling kt_for - worker_bwt
[0000] read_chunk: 80000000, work_chunk_size: 80000102, nseq: 529802
	[0000][ M::kt_pipeline] read 529802 sequences (80000102 bp)...
[0000] 3. Calling kt_for - worker_aln
Inferring insert size distribution from data, l_pac: 2069526396, n: 529802
[M::mem_pestat] # candidate unique pairs for (FF, FR, RF, RR): (0, 56100, 3, 3)
[M::mem_pestat] skip orientation FF as there are not enough pairs
[M::mem_pestat] analyzing insert size distribution for orientation FR...
[M::mem_pestat] (25, 50, 75) percentile: (225, 292, 385)
[M::mem_pestat] low and high boundaries for computing mean and std.dev: (1, 705)
[M::mem_pestat] mean and std.dev: (311.68, 117.00)
[M::mem_pestat] low and high boundaries for proper pairs: (1, 865)
[M::mem_pestat] skip orientation RF as there are not enough pairs
[M::mem_pestat] skip orientation RR as there are not enough pairs
[0000] 10. Calling kt_for - worker_sam
	[0000][ M::mem_process_seqs] Processed 529802 reads in 980.352 CPU sec, 123.770 real sec
[0000] 2. Calling mem_process_seqs.., task: 400
[0000] 3. Calling kt_for - worker_bwt
[0000] read_chunk: 80000000, work_chunk_size: 80000102, nseq: 529802
	[0000][ M::kt_pipeline] read 529802 sequences (80000102 bp)...
[0000] 3. Calling kt_for - worker_aln
Inferring insert size distribution from data, l_pac: 2069526396, n: 529802
[M::mem_pestat] # candidate unique pairs for (FF, FR, RF, RR): (2, 56191, 6, 2)
[M::mem_pestat] skip orientation FF as there are not enough pairs
[M::mem_pestat] analyzing insert size distribution for orientation FR...
[M::mem_pestat] (25, 50, 75) percentile: (225, 293, 385)
[M::mem_pestat] low and high boundaries for computing mean and std.dev: (1, 705)
[M::mem_pestat] mean and std.dev: (311.94, 117.16)
[M::mem_pestat] low and high boundaries for proper pairs: (1, 865)
[M::mem_pestat] skip orientation RF as there are not enough pairs
[M::mem_pestat] skip orientation RR as there are not enough pairs
[0000] 10. Calling kt_for - worker_sam
	[0000][ M::mem_process_seqs] Processed 529802 reads in 993.441 CPU sec, 125.425 real sec
[0000] 2. Calling mem_process_seqs.., task: 401
[0000] 3. Calling kt_for - worker_bwt
[0000] read_chunk: 80000000, work_chunk_size: 80000102, nseq: 529802
	[0000][ M::kt_pipeline] read 529802 sequences (80000102 bp)...
[0000] 3. Calling kt_for - worker_aln
Inferring insert size distribution from data, l_pac: 2069526396, n: 529802
[M::mem_pestat] # candidate unique pairs for (FF, FR, RF, RR): (5, 55975, 11, 2)
[M::mem_pestat] skip orientation FF as there are not enough pairs
[M::mem_pestat] analyzing insert size distribution for orientation FR...
[M::mem_pestat] (25, 50, 75) percentile: (224, 292, 385)
[M::mem_pestat] low and high boundaries for computing mean and std.dev: (1, 707)
[M::mem_pestat] mean and std.dev: (312.28, 118.58)
[M::mem_pestat] low and high boundaries for proper pairs: (1, 868)
[M::mem_pestat] analyzing insert size distribution for orientation RF...
[M::mem_pestat] (25, 50, 75) percentile: (1171, 1770, 3901)
[M::mem_pestat] low and high boundaries for computing mean and std.dev: (1, 9361)
[M::mem_pestat] mean and std.dev: (2625.45, 2373.23)
[M::mem_pestat] low and high boundaries for proper pairs: (1, 12118)
[M::mem_pestat] skip orientation RR as there are not enough pairs
[M::mem_pestat] skip orientation RF
[0000] 10. Calling kt_for - worker_sam
	[0000][ M::mem_process_seqs] Processed 529802 reads in 1004.045 CPU sec, 126.947 real sec
[0000] 2. Calling mem_process_seqs.., task: 402
[0000] 3. Calling kt_for - worker_bwt
[0000] read_chunk: 80000000, work_chunk_size: 80000102, nseq: 529802
	[0000][ M::kt_pipeline] read 529802 sequences (80000102 bp)...
[0000] 3. Calling kt_for - worker_aln
Inferring insert size distribution from data, l_pac: 2069526396, n: 529802
[M::mem_pestat] # candidate unique pairs for (FF, FR, RF, RR): (5, 55867, 17, 3)
[M::mem_pestat] skip orientation FF as there are not enough pairs
[M::mem_pestat] analyzing insert size distribution for orientation FR...
[M::mem_pestat] (25, 50, 75) percentile: (224, 292, 386)
[M::mem_pestat] low and high boundaries for computing mean and std.dev: (1, 710)
[M::mem_pestat] mean and std.dev: (312.69, 118.74)
[M::mem_pestat] low and high boundaries for proper pairs: (1, 872)
[M::mem_pestat] analyzing insert size distribution for orientation RF...
[M::mem_pestat] (25, 50, 75) percentile: (200, 821, 3222)
[M::mem_pestat] low and high boundaries for computing mean and std.dev: (1, 9266)
[M::mem_pestat] mean and std.dev: (1674.94, 2026.41)
[M::mem_pestat] low and high boundaries for proper pairs: (1, 12288)
[M::mem_pestat] skip orientation RR as there are not enough pairs
[M::mem_pestat] skip orientation RF
[0000] 10. Calling kt_for - worker_sam
	[0000][ M::mem_process_seqs] Processed 529802 reads in 970.908 CPU sec, 122.462 real sec
[0000] 2. Calling mem_process_seqs.., task: 403
[0000] 3. Calling kt_for - worker_bwt
[0000] read_chunk: 80000000, work_chunk_size: 80000102, nseq: 529802
	[0000][ M::kt_pipeline] read 529802 sequences (80000102 bp)...
[0000] 3. Calling kt_for - worker_aln
Inferring insert size distribution from data, l_pac: 2069526396, n: 529802
[M::mem_pestat] # candidate unique pairs for (FF, FR, RF, RR): (5, 56241, 8, 2)
[M::mem_pestat] skip orientation FF as there are not enough pairs
[M::mem_pestat] analyzing insert size distribution for orientation FR...
[M::mem_pestat] (25, 50, 75) percentile: (224, 292, 384)
[M::mem_pestat] low and high boundaries for computing mean and std.dev: (1, 704)
[M::mem_pestat] mean and std.dev: (311.40, 117.16)
[M::mem_pestat] low and high boundaries for proper pairs: (1, 864)
[M::mem_pestat] skip orientation RF as there are not enough pairs
[M::mem_pestat] skip orientation RR as there are not enough pairs
[0000] 10. Calling kt_for - worker_sam
	[0000][ M::mem_process_seqs] Processed 529802 reads in 988.804 CPU sec, 124.828 real sec
[0000] 2. Calling mem_process_seqs.., task: 404
[0000] 3. Calling kt_for - worker_bwt
[0000] read_chunk: 80000000, work_chunk_size: 80000102, nseq: 529802
	[0000][ M::kt_pipeline] read 529802 sequences (80000102 bp)...
[0000] 3. Calling kt_for - worker_aln
Inferring insert size distribution from data, l_pac: 2069526396, n: 529802
[M::mem_pestat] # candidate unique pairs for (FF, FR, RF, RR): (2, 56072, 10, 2)
[M::mem_pestat] skip orientation FF as there are not enough pairs
[M::mem_pestat] analyzing insert size distribution for orientation FR...
[M::mem_pestat] (25, 50, 75) percentile: (224, 291, 385)
[M::mem_pestat] low and high boundaries for computing mean and std.dev: (1, 707)
[M::mem_pestat] mean and std.dev: (311.77, 117.78)
[M::mem_pestat] low and high boundaries for proper pairs: (1, 868)
[M::mem_pestat] analyzing insert size distribution for orientation RF...
[M::mem_pestat] (25, 50, 75) percentile: (259, 923, 3901)
[M::mem_pestat] low and high boundaries for computing mean and std.dev: (1, 11185)
[M::mem_pestat] mean and std.dev: (2257.30, 2858.94)
[M::mem_pestat] low and high boundaries for proper pairs: (1, 14827)
[M::mem_pestat] skip orientation RR as there are not enough pairs
[M::mem_pestat] skip orientation RF
[0000] 10. Calling kt_for - worker_sam
	[0000][ M::mem_process_seqs] Processed 529802 reads in 987.854 CPU sec, 124.690 real sec
[0000] 2. Calling mem_process_seqs.., task: 405
[0000] 3. Calling kt_for - worker_bwt
[0000] read_chunk: 80000000, work_chunk_size: 80000102, nseq: 529802
	[0000][ M::kt_pipeline] read 529802 sequences (80000102 bp)...
[0000] 3. Calling kt_for - worker_aln
Inferring insert size distribution from data, l_pac: 2069526396, n: 529802
[M::mem_pestat] # candidate unique pairs for (FF, FR, RF, RR): (1, 55967, 7, 2)
[M::mem_pestat] skip orientation FF as there are not enough pairs
[M::mem_pestat] analyzing insert size distribution for orientation FR...
[M::mem_pestat] (25, 50, 75) percentile: (224, 292, 385)
[M::mem_pestat] low and high boundaries for computing mean and std.dev: (1, 707)
[M::mem_pestat] mean and std.dev: (312.17, 118.01)
[M::mem_pestat] low and high boundaries for proper pairs: (1, 868)
[M::mem_pestat] skip orientation RF as there are not enough pairs
[M::mem_pestat] skip orientation RR as there are not enough pairs
[0000] 10. Calling kt_for - worker_sam
	[0000][ M::mem_process_seqs] Processed 529802 reads in 1014.810 CPU sec, 128.572 real sec
[0000] 2. Calling mem_process_seqs.., task: 406
[0000] 3. Calling kt_for - worker_bwt
[0000] read_chunk: 80000000, work_chunk_size: 80000102, nseq: 529802
	[0000][ M::kt_pipeline] read 529802 sequences (80000102 bp)...
[0000] 3. Calling kt_for - worker_aln
Inferring insert size distribution from data, l_pac: 2069526396, n: 529802
[M::mem_pestat] # candidate unique pairs for (FF, FR, RF, RR): (1, 55744, 6, 1)
[M::mem_pestat] skip orientation FF as there are not enough pairs
[M::mem_pestat] analyzing insert size distribution for orientation FR...
[M::mem_pestat] (25, 50, 75) percentile: (224, 291, 382)
[M::mem_pestat] low and high boundaries for computing mean and std.dev: (1, 698)
[M::mem_pestat] mean and std.dev: (310.31, 116.34)
[M::mem_pestat] low and high boundaries for proper pairs: (1, 856)
[M::mem_pestat] skip orientation RF as there are not enough pairs
[M::mem_pestat] skip orientation RR as there are not enough pairs
[0000] 10. Calling kt_for - worker_sam
	[0000][ M::mem_process_seqs] Processed 529802 reads in 991.413 CPU sec, 125.237 real sec
[0000] 2. Calling mem_process_seqs.., task: 407
[0000] 3. Calling kt_for - worker_bwt
[0000] read_chunk: 80000000, work_chunk_size: 80000102, nseq: 529802
	[0000][ M::kt_pipeline] read 529802 sequences (80000102 bp)...
[0000] 3. Calling kt_for - worker_aln
Inferring insert size distribution from data, l_pac: 2069526396, n: 529802
[M::mem_pestat] # candidate unique pairs for (FF, FR, RF, RR): (0, 55769, 7, 4)
[M::mem_pestat] skip orientation FF as there are not enough pairs
[M::mem_pestat] analyzing insert size distribution for orientation FR...
[M::mem_pestat] (25, 50, 75) percentile: (223, 291, 384)
[M::mem_pestat] low and high boundaries for computing mean and std.dev: (1, 706)
[M::mem_pestat] mean and std.dev: (310.94, 117.91)
[M::mem_pestat] low and high boundaries for proper pairs: (1, 867)
[M::mem_pestat] skip orientation RF as there are not enough pairs
[M::mem_pestat] skip orientation RR as there are not enough pairs
[0000] 10. Calling kt_for - worker_sam
	[0000][ M::mem_process_seqs] Processed 529802 reads in 977.634 CPU sec, 123.528 real sec
[0000] 2. Calling mem_process_seqs.., task: 408
[0000] 3. Calling kt_for - worker_bwt
[0000] read_chunk: 80000000, work_chunk_size: 80000102, nseq: 529802
	[0000][ M::kt_pipeline] read 529802 sequences (80000102 bp)...
[0000] 3. Calling kt_for - worker_aln
Inferring insert size distribution from data, l_pac: 2069526396, n: 529802
[M::mem_pestat] # candidate unique pairs for (FF, FR, RF, RR): (4, 55995, 4, 1)
[M::mem_pestat] skip orientation FF as there are not enough pairs
[M::mem_pestat] analyzing insert size distribution for orientation FR...
[M::mem_pestat] (25, 50, 75) percentile: (224, 292, 384)
[M::mem_pestat] low and high boundaries for computing mean and std.dev: (1, 704)
[M::mem_pestat] mean and std.dev: (311.15, 116.46)
[M::mem_pestat] low and high boundaries for proper pairs: (1, 864)
[M::mem_pestat] skip orientation RF as there are not enough pairs
[M::mem_pestat] skip orientation RR as there are not enough pairs
[0000] 10. Calling kt_for - worker_sam
	[0000][ M::mem_process_seqs] Processed 529802 reads in 969.500 CPU sec, 122.379 real sec
[0000] 2. Calling mem_process_seqs.., task: 409
[0000] 3. Calling kt_for - worker_bwt
[0000] read_chunk: 80000000, work_chunk_size: 80000102, nseq: 529802
	[0000][ M::kt_pipeline] read 529802 sequences (80000102 bp)...
[0000] 3. Calling kt_for - worker_aln
Inferring insert size distribution from data, l_pac: 2069526396, n: 529802
[M::mem_pestat] # candidate unique pairs for (FF, FR, RF, RR): (7, 56289, 4, 1)
[M::mem_pestat] skip orientation FF as there are not enough pairs
[M::mem_pestat] analyzing insert size distribution for orientation FR...
[M::mem_pestat] (25, 50, 75) percentile: (224, 292, 385)
[M::mem_pestat] low and high boundaries for computing mean and std.dev: (1, 707)
[M::mem_pestat] mean and std.dev: (311.78, 117.50)
[M::mem_pestat] low and high boundaries for proper pairs: (1, 868)
[M::mem_pestat] skip orientation RF as there are not enough pairs
[M::mem_pestat] skip orientation RR as there are not enough pairs
[0000] 10. Calling kt_for - worker_sam
	[0000][ M::mem_process_seqs] Processed 529802 reads in 966.145 CPU sec, 121.977 real sec
[0000] 2. Calling mem_process_seqs.., task: 410
[0000] 3. Calling kt_for - worker_bwt
[0000] read_chunk: 80000000, work_chunk_size: 80000102, nseq: 529802
	[0000][ M::kt_pipeline] read 529802 sequences (80000102 bp)...
[0000] 3. Calling kt_for - worker_aln
Inferring insert size distribution from data, l_pac: 2069526396, n: 529802
[M::mem_pestat] # candidate unique pairs for (FF, FR, RF, RR): (2, 55725, 12, 3)
[M::mem_pestat] skip orientation FF as there are not enough pairs
[M::mem_pestat] analyzing insert size distribution for orientation FR...
[M::mem_pestat] (25, 50, 75) percentile: (224, 292, 384)
[M::mem_pestat] low and high boundaries for computing mean and std.dev: (1, 704)
[M::mem_pestat] mean and std.dev: (310.98, 116.90)
[M::mem_pestat] low and high boundaries for proper pairs: (1, 864)
[M::mem_pestat] analyzing insert size distribution for orientation RF...
[M::mem_pestat] (25, 50, 75) percentile: (556, 1220, 3817)
[M::mem_pestat] low and high boundaries for computing mean and std.dev: (1, 10339)
[M::mem_pestat] mean and std.dev: (2107.75, 2147.92)
[M::mem_pestat] low and high boundaries for proper pairs: (1, 13600)
[M::mem_pestat] skip orientation RR as there are not enough pairs
[M::mem_pestat] skip orientation RF
[0000] 10. Calling kt_for - worker_sam
	[0000][ M::mem_process_seqs] Processed 529802 reads in 997.954 CPU sec, 126.335 real sec
[0000] 2. Calling mem_process_seqs.., task: 411
[0000] 3. Calling kt_for - worker_bwt
[0000] read_chunk: 80000000, work_chunk_size: 80000102, nseq: 529802
	[0000][ M::kt_pipeline] read 529802 sequences (80000102 bp)...
[0000] 3. Calling kt_for - worker_aln
Inferring insert size distribution from data, l_pac: 2069526396, n: 529802
[M::mem_pestat] # candidate unique pairs for (FF, FR, RF, RR): (0, 55893, 11, 1)
[M::mem_pestat] skip orientation FF as there are not enough pairs
[M::mem_pestat] analyzing insert size distribution for orientation FR...
[M::mem_pestat] (25, 50, 75) percentile: (224, 293, 384)
[M::mem_pestat] low and high boundaries for computing mean and std.dev: (1, 704)
[M::mem_pestat] mean and std.dev: (311.85, 117.58)
[M::mem_pestat] low and high boundaries for proper pairs: (1, 864)
[M::mem_pestat] analyzing insert size distribution for orientation RF...
[M::mem_pestat] (25, 50, 75) percentile: (679, 925, 5478)
[M::mem_pestat] low and high boundaries for computing mean and std.dev: (1, 15076)
[M::mem_pestat] mean and std.dev: (2823.55, 2754.13)
[M::mem_pestat] low and high boundaries for proper pairs: (1, 19875)
[M::mem_pestat] skip orientation RR as there are not enough pairs
[M::mem_pestat] skip orientation RF
[0000] 10. Calling kt_for - worker_sam
	[0000][ M::mem_process_seqs] Processed 529802 reads in 984.305 CPU sec, 124.308 real sec
[0000] 2. Calling mem_process_seqs.., task: 412
[0000] 3. Calling kt_for - worker_bwt
[0000] read_chunk: 80000000, work_chunk_size: 80000102, nseq: 529802
	[0000][ M::kt_pipeline] read 529802 sequences (80000102 bp)...
[0000] 3. Calling kt_for - worker_aln
Inferring insert size distribution from data, l_pac: 2069526396, n: 529802
[M::mem_pestat] # candidate unique pairs for (FF, FR, RF, RR): (3, 56066, 11, 3)
[M::mem_pestat] skip orientation FF as there are not enough pairs
[M::mem_pestat] analyzing insert size distribution for orientation FR...
[M::mem_pestat] (25, 50, 75) percentile: (225, 292, 384)
[M::mem_pestat] low and high boundaries for computing mean and std.dev: (1, 702)
[M::mem_pestat] mean and std.dev: (311.26, 116.94)
[M::mem_pestat] low and high boundaries for proper pairs: (1, 861)
[M::mem_pestat] analyzing insert size distribution for orientation RF...
[M::mem_pestat] (25, 50, 75) percentile: (210, 233, 4192)
[M::mem_pestat] low and high boundaries for computing mean and std.dev: (1, 12156)
[M::mem_pestat] mean and std.dev: (2378.00, 3520.20)
[M::mem_pestat] low and high boundaries for proper pairs: (1, 16459)
[M::mem_pestat] skip orientation RR as there are not enough pairs
[M::mem_pestat] skip orientation RF
[0000] 10. Calling kt_for - worker_sam
	[0000][ M::mem_process_seqs] Processed 529802 reads in 998.111 CPU sec, 126.094 real sec
[0000] 2. Calling mem_process_seqs.., task: 413
[0000] 3. Calling kt_for - worker_bwt
[0000] read_chunk: 80000000, work_chunk_size: 80000102, nseq: 529802
	[0000][ M::kt_pipeline] read 529802 sequences (80000102 bp)...
[0000] 3. Calling kt_for - worker_aln
Inferring insert size distribution from data, l_pac: 2069526396, n: 529802
[M::mem_pestat] # candidate unique pairs for (FF, FR, RF, RR): (8, 56216, 13, 0)
[M::mem_pestat] skip orientation FF as there are not enough pairs
[M::mem_pestat] analyzing insert size distribution for orientation FR...
[M::mem_pestat] (25, 50, 75) percentile: (224, 291, 383)
[M::mem_pestat] low and high boundaries for computing mean and std.dev: (1, 701)
[M::mem_pestat] mean and std.dev: (310.21, 116.34)
[M::mem_pestat] low and high boundaries for proper pairs: (1, 860)
[M::mem_pestat] analyzing insert size distribution for orientation RF...
[M::mem_pestat] (25, 50, 75) percentile: (735, 1472, 5266)
[M::mem_pestat] low and high boundaries for computing mean and std.dev: (1, 14328)
[M::mem_pestat] mean and std.dev: (2634.00, 2498.91)
[M::mem_pestat] low and high boundaries for proper pairs: (1, 18859)
[M::mem_pestat] skip orientation RR as there are not enough pairs
[M::mem_pestat] skip orientation RF
[0000] 10. Calling kt_for - worker_sam
	[0000][ M::mem_process_seqs] Processed 529802 reads in 988.729 CPU sec, 124.870 real sec
[0000] 2. Calling mem_process_seqs.., task: 414
[0000] 3. Calling kt_for - worker_bwt
[0000] read_chunk: 80000000, work_chunk_size: 80000102, nseq: 529802
	[0000][ M::kt_pipeline] read 529802 sequences (80000102 bp)...
[0000] 3. Calling kt_for - worker_aln
Inferring insert size distribution from data, l_pac: 2069526396, n: 529802
[M::mem_pestat] # candidate unique pairs for (FF, FR, RF, RR): (1, 56115, 5, 0)
[M::mem_pestat] skip orientation FF as there are not enough pairs
[M::mem_pestat] analyzing insert size distribution for orientation FR...
[M::mem_pestat] (25, 50, 75) percentile: (223, 291, 383)
[M::mem_pestat] low and high boundaries for computing mean and std.dev: (1, 703)
[M::mem_pestat] mean and std.dev: (310.53, 116.78)
[M::mem_pestat] low and high boundaries for proper pairs: (1, 863)
[M::mem_pestat] skip orientation RF as there are not enough pairs
[M::mem_pestat] skip orientation RR as there are not enough pairs
[0000] 10. Calling kt_for - worker_sam
	[0000][ M::mem_process_seqs] Processed 529802 reads in 972.401 CPU sec, 122.799 real sec
[0000] 2. Calling mem_process_seqs.., task: 415
[0000] 3. Calling kt_for - worker_bwt
[0000] read_chunk: 80000000, work_chunk_size: 80000102, nseq: 529802
	[0000][ M::kt_pipeline] read 529802 sequences (80000102 bp)...
[0000] 3. Calling kt_for - worker_aln
Inferring insert size distribution from data, l_pac: 2069526396, n: 529802
[M::mem_pestat] # candidate unique pairs for (FF, FR, RF, RR): (1, 56466, 10, 2)
[M::mem_pestat] skip orientation FF as there are not enough pairs
[M::mem_pestat] analyzing insert size distribution for orientation FR...
[M::mem_pestat] (25, 50, 75) percentile: (224, 291, 383)
[M::mem_pestat] low and high boundaries for computing mean and std.dev: (1, 701)
[M::mem_pestat] mean and std.dev: (310.01, 116.67)
[M::mem_pestat] low and high boundaries for proper pairs: (1, 860)
[M::mem_pestat] analyzing insert size distribution for orientation RF...
[M::mem_pestat] (25, 50, 75) percentile: (72, 1184, 2865)
[M::mem_pestat] low and high boundaries for computing mean and std.dev: (1, 8451)
[M::mem_pestat] mean and std.dev: (1356.60, 1516.19)
[M::mem_pestat] low and high boundaries for proper pairs: (1, 11244)
[M::mem_pestat] skip orientation RR as there are not enough pairs
[M::mem_pestat] skip orientation RF
[0000] 10. Calling kt_for - worker_sam
	[0000][ M::mem_process_seqs] Processed 529802 reads in 998.326 CPU sec, 126.239 real sec
[0000] 2. Calling mem_process_seqs.., task: 416
[0000] 3. Calling kt_for - worker_bwt
[0000] read_chunk: 80000000, work_chunk_size: 80000102, nseq: 529802
	[0000][ M::kt_pipeline] read 529802 sequences (80000102 bp)...
[0000] 3. Calling kt_for - worker_aln
Inferring insert size distribution from data, l_pac: 2069526396, n: 529802
[M::mem_pestat] # candidate unique pairs for (FF, FR, RF, RR): (2, 56546, 8, 3)
[M::mem_pestat] skip orientation FF as there are not enough pairs
[M::mem_pestat] analyzing insert size distribution for orientation FR...
[M::mem_pestat] (25, 50, 75) percentile: (224, 292, 384)
[M::mem_pestat] low and high boundaries for computing mean and std.dev: (1, 704)
[M::mem_pestat] mean and std.dev: (311.39, 117.32)
[M::mem_pestat] low and high boundaries for proper pairs: (1, 864)
[M::mem_pestat] skip orientation RF as there are not enough pairs
[M::mem_pestat] skip orientation RR as there are not enough pairs
[0000] 10. Calling kt_for - worker_sam
	[0000][ M::mem_process_seqs] Processed 529802 reads in 990.179 CPU sec, 125.098 real sec
[0000] 2. Calling mem_process_seqs.., task: 417
[0000] 3. Calling kt_for - worker_bwt
[0000] read_chunk: 80000000, work_chunk_size: 80000102, nseq: 529802
	[0000][ M::kt_pipeline] read 529802 sequences (80000102 bp)...
[0000] 3. Calling kt_for - worker_aln
Inferring insert size distribution from data, l_pac: 2069526396, n: 529802
[M::mem_pestat] # candidate unique pairs for (FF, FR, RF, RR): (1, 56183, 7, 2)
[M::mem_pestat] skip orientation FF as there are not enough pairs
[M::mem_pestat] analyzing insert size distribution for orientation FR...
[M::mem_pestat] (25, 50, 75) percentile: (225, 296, 389)
[M::mem_pestat] low and high boundaries for computing mean and std.dev: (1, 717)
[M::mem_pestat] mean and std.dev: (315.42, 119.95)
[M::mem_pestat] low and high boundaries for proper pairs: (1, 881)
[M::mem_pestat] skip orientation RF as there are not enough pairs
[M::mem_pestat] skip orientation RR as there are not enough pairs
[0000] 10. Calling kt_for - worker_sam
	[0000][ M::mem_process_seqs] Processed 529802 reads in 1062.287 CPU sec, 134.705 real sec
[0000] 2. Calling mem_process_seqs.., task: 418
[0000] 3. Calling kt_for - worker_bwt
[0000] read_chunk: 80000000, work_chunk_size: 80000102, nseq: 529802
	[0000][ M::kt_pipeline] read 529802 sequences (80000102 bp)...
[0000] 3. Calling kt_for - worker_aln
Inferring insert size distribution from data, l_pac: 2069526396, n: 529802
[M::mem_pestat] # candidate unique pairs for (FF, FR, RF, RR): (1, 56196, 6, 3)
[M::mem_pestat] skip orientation FF as there are not enough pairs
[M::mem_pestat] analyzing insert size distribution for orientation FR...
[M::mem_pestat] (25, 50, 75) percentile: (224, 294, 388)
[M::mem_pestat] low and high boundaries for computing mean and std.dev: (1, 716)
[M::mem_pestat] mean and std.dev: (313.90, 120.18)
[M::mem_pestat] low and high boundaries for proper pairs: (1, 880)
[M::mem_pestat] skip orientation RF as there are not enough pairs
[M::mem_pestat] skip orientation RR as there are not enough pairs
[0000] 10. Calling kt_for - worker_sam
	[0000][ M::mem_process_seqs] Processed 529802 reads in 1030.453 CPU sec, 130.037 real sec
[0000] 2. Calling mem_process_seqs.., task: 419
[0000] 3. Calling kt_for - worker_bwt
[0000] read_chunk: 80000000, work_chunk_size: 80000102, nseq: 529802
	[0000][ M::kt_pipeline] read 529802 sequences (80000102 bp)...
[0000] 3. Calling kt_for - worker_aln
Inferring insert size distribution from data, l_pac: 2069526396, n: 529802
[M::mem_pestat] # candidate unique pairs for (FF, FR, RF, RR): (6, 56178, 7, 5)
[M::mem_pestat] skip orientation FF as there are not enough pairs
[M::mem_pestat] analyzing insert size distribution for orientation FR...
[M::mem_pestat] (25, 50, 75) percentile: (226, 295, 390)
[M::mem_pestat] low and high boundaries for computing mean and std.dev: (1, 718)
[M::mem_pestat] mean and std.dev: (314.76, 119.44)
[M::mem_pestat] low and high boundaries for proper pairs: (1, 882)
[M::mem_pestat] skip orientation RF as there are not enough pairs
[M::mem_pestat] skip orientation RR as there are not enough pairs
[0000] 10. Calling kt_for - worker_sam
	[0000][ M::mem_process_seqs] Processed 529802 reads in 990.188 CPU sec, 125.005 real sec
[0000] 2. Calling mem_process_seqs.., task: 420
[0000] 3. Calling kt_for - worker_bwt
[0000] read_chunk: 80000000, work_chunk_size: 80000102, nseq: 529802
	[0000][ M::kt_pipeline] read 529802 sequences (80000102 bp)...
[0000] 3. Calling kt_for - worker_aln
Inferring insert size distribution from data, l_pac: 2069526396, n: 529802
[M::mem_pestat] # candidate unique pairs for (FF, FR, RF, RR): (1, 55909, 10, 2)
[M::mem_pestat] skip orientation FF as there are not enough pairs
[M::mem_pestat] analyzing insert size distribution for orientation FR...
[M::mem_pestat] (25, 50, 75) percentile: (225, 293, 388)
[M::mem_pestat] low and high boundaries for computing mean and std.dev: (1, 714)
[M::mem_pestat] mean and std.dev: (313.78, 119.75)
[M::mem_pestat] low and high boundaries for proper pairs: (1, 877)
[M::mem_pestat] analyzing insert size distribution for orientation RF...
[M::mem_pestat] (25, 50, 75) percentile: (2114, 3995, 6179)
[M::mem_pestat] low and high boundaries for computing mean and std.dev: (1, 14309)
[M::mem_pestat] mean and std.dev: (3983.00, 2686.15)
[M::mem_pestat] low and high boundaries for proper pairs: (1, 18374)
[M::mem_pestat] skip orientation RR as there are not enough pairs
[M::mem_pestat] skip orientation RF
[0000] 10. Calling kt_for - worker_sam
	[0000][ M::mem_process_seqs] Processed 529802 reads in 1041.837 CPU sec, 131.799 real sec
[0000] 2. Calling mem_process_seqs.., task: 421
[0000] 3. Calling kt_for - worker_bwt
[0000] read_chunk: 80000000, work_chunk_size: 80000102, nseq: 529802
	[0000][ M::kt_pipeline] read 529802 sequences (80000102 bp)...
[0000] 3. Calling kt_for - worker_aln
Inferring insert size distribution from data, l_pac: 2069526396, n: 529802
[M::mem_pestat] # candidate unique pairs for (FF, FR, RF, RR): (3, 56210, 9, 3)
[M::mem_pestat] skip orientation FF as there are not enough pairs
[M::mem_pestat] analyzing insert size distribution for orientation FR...
[M::mem_pestat] (25, 50, 75) percentile: (226, 294, 390)
[M::mem_pestat] low and high boundaries for computing mean and std.dev: (1, 718)
[M::mem_pestat] mean and std.dev: (314.33, 119.55)
[M::mem_pestat] low and high boundaries for proper pairs: (1, 882)
[M::mem_pestat] skip orientation RF as there are not enough pairs
[M::mem_pestat] skip orientation RR as there are not enough pairs
[0000] 10. Calling kt_for - worker_sam
	[0000][ M::mem_process_seqs] Processed 529802 reads in 1008.429 CPU sec, 127.217 real sec
[0000] 2. Calling mem_process_seqs.., task: 422
[0000] 3. Calling kt_for - worker_bwt
[0000] read_chunk: 80000000, work_chunk_size: 80000102, nseq: 529802
	[0000][ M::kt_pipeline] read 529802 sequences (80000102 bp)...
[0000] 3. Calling kt_for - worker_aln
Inferring insert size distribution from data, l_pac: 2069526396, n: 529802
[M::mem_pestat] # candidate unique pairs for (FF, FR, RF, RR): (2, 56310, 9, 6)
[M::mem_pestat] skip orientation FF as there are not enough pairs
[M::mem_pestat] analyzing insert size distribution for orientation FR...
[M::mem_pestat] (25, 50, 75) percentile: (225, 294, 388)
[M::mem_pestat] low and high boundaries for computing mean and std.dev: (1, 714)
[M::mem_pestat] mean and std.dev: (313.63, 118.52)
[M::mem_pestat] low and high boundaries for proper pairs: (1, 877)
[M::mem_pestat] skip orientation RF as there are not enough pairs
[M::mem_pestat] skip orientation RR as there are not enough pairs
[0000] 10. Calling kt_for - worker_sam
	[0000][ M::mem_process_seqs] Processed 529802 reads in 1009.435 CPU sec, 127.479 real sec
[0000] 2. Calling mem_process_seqs.., task: 423
[0000] 3. Calling kt_for - worker_bwt
[0000] read_chunk: 80000000, work_chunk_size: 80000102, nseq: 529802
	[0000][ M::kt_pipeline] read 529802 sequences (80000102 bp)...
[0000] 3. Calling kt_for - worker_aln
Inferring insert size distribution from data, l_pac: 2069526396, n: 529802
[M::mem_pestat] # candidate unique pairs for (FF, FR, RF, RR): (6, 56215, 6, 0)
[M::mem_pestat] skip orientation FF as there are not enough pairs
[M::mem_pestat] analyzing insert size distribution for orientation FR...
[M::mem_pestat] (25, 50, 75) percentile: (225, 295, 388)
[M::mem_pestat] low and high boundaries for computing mean and std.dev: (1, 714)
[M::mem_pestat] mean and std.dev: (314.57, 119.48)
[M::mem_pestat] low and high boundaries for proper pairs: (1, 877)
[M::mem_pestat] skip orientation RF as there are not enough pairs
[M::mem_pestat] skip orientation RR as there are not enough pairs
[0000] 10. Calling kt_for - worker_sam
	[0000][ M::mem_process_seqs] Processed 529802 reads in 991.978 CPU sec, 124.915 real sec
[0000] 2. Calling mem_process_seqs.., task: 424
[0000] 3. Calling kt_for - worker_bwt
[0000] read_chunk: 80000000, work_chunk_size: 80000102, nseq: 529802
	[0000][ M::kt_pipeline] read 529802 sequences (80000102 bp)...
[0000] 3. Calling kt_for - worker_aln
Inferring insert size distribution from data, l_pac: 2069526396, n: 529802
[M::mem_pestat] # candidate unique pairs for (FF, FR, RF, RR): (0, 55707, 7, 5)
[M::mem_pestat] skip orientation FF as there are not enough pairs
[M::mem_pestat] analyzing insert size distribution for orientation FR...
[M::mem_pestat] (25, 50, 75) percentile: (224, 293, 387)
[M::mem_pestat] low and high boundaries for computing mean and std.dev: (1, 713)
[M::mem_pestat] mean and std.dev: (313.00, 119.07)
[M::mem_pestat] low and high boundaries for proper pairs: (1, 876)
[M::mem_pestat] skip orientation RF as there are not enough pairs
[M::mem_pestat] skip orientation RR as there are not enough pairs
[0000] 10. Calling kt_for - worker_sam
	[0000][ M::mem_process_seqs] Processed 529802 reads in 992.960 CPU sec, 125.500 real sec
[0000] 2. Calling mem_process_seqs.., task: 425
[0000] 3. Calling kt_for - worker_bwt
[0000] read_chunk: 80000000, work_chunk_size: 80000102, nseq: 529802
	[0000][ M::kt_pipeline] read 529802 sequences (80000102 bp)...
[0000] 3. Calling kt_for - worker_aln
Inferring insert size distribution from data, l_pac: 2069526396, n: 529802
[M::mem_pestat] # candidate unique pairs for (FF, FR, RF, RR): (6, 56367, 5, 0)
[M::mem_pestat] skip orientation FF as there are not enough pairs
[M::mem_pestat] analyzing insert size distribution for orientation FR...
[M::mem_pestat] (25, 50, 75) percentile: (226, 295, 391)
[M::mem_pestat] low and high boundaries for computing mean and std.dev: (1, 721)
[M::mem_pestat] mean and std.dev: (315.65, 120.77)
[M::mem_pestat] low and high boundaries for proper pairs: (1, 886)
[M::mem_pestat] skip orientation RF as there are not enough pairs
[M::mem_pestat] skip orientation RR as there are not enough pairs
[0000] 10. Calling kt_for - worker_sam
	[0000][ M::mem_process_seqs] Processed 529802 reads in 972.589 CPU sec, 122.621 real sec
[0000] 2. Calling mem_process_seqs.., task: 426
[0000] 3. Calling kt_for - worker_bwt
[0000] read_chunk: 80000000, work_chunk_size: 80000102, nseq: 529802
	[0000][ M::kt_pipeline] read 529802 sequences (80000102 bp)...
[0000] 3. Calling kt_for - worker_aln
Inferring insert size distribution from data, l_pac: 2069526396, n: 529802
[M::mem_pestat] # candidate unique pairs for (FF, FR, RF, RR): (1, 56221, 4, 2)
[M::mem_pestat] skip orientation FF as there are not enough pairs
[M::mem_pestat] analyzing insert size distribution for orientation FR...
[M::mem_pestat] (25, 50, 75) percentile: (225, 295, 389)
[M::mem_pestat] low and high boundaries for computing mean and std.dev: (1, 717)
[M::mem_pestat] mean and std.dev: (314.85, 120.01)
[M::mem_pestat] low and high boundaries for proper pairs: (1, 881)
[M::mem_pestat] skip orientation RF as there are not enough pairs
[M::mem_pestat] skip orientation RR as there are not enough pairs
[0000] 10. Calling kt_for - worker_sam
	[0000][ M::mem_process_seqs] Processed 529802 reads in 985.730 CPU sec, 124.502 real sec
[0000] 2. Calling mem_process_seqs.., task: 427
[0000] 3. Calling kt_for - worker_bwt
[0000] read_chunk: 80000000, work_chunk_size: 80000102, nseq: 529802
	[0000][ M::kt_pipeline] read 529802 sequences (80000102 bp)...
[0000] 3. Calling kt_for - worker_aln
Inferring insert size distribution from data, l_pac: 2069526396, n: 529802
[M::mem_pestat] # candidate unique pairs for (FF, FR, RF, RR): (3, 56373, 9, 6)
[M::mem_pestat] skip orientation FF as there are not enough pairs
[M::mem_pestat] analyzing insert size distribution for orientation FR...
[M::mem_pestat] (25, 50, 75) percentile: (225, 293, 386)
[M::mem_pestat] low and high boundaries for computing mean and std.dev: (1, 708)
[M::mem_pestat] mean and std.dev: (312.71, 118.21)
[M::mem_pestat] low and high boundaries for proper pairs: (1, 869)
[M::mem_pestat] skip orientation RF as there are not enough pairs
[M::mem_pestat] skip orientation RR as there are not enough pairs
[0000] 10. Calling kt_for - worker_sam
	[0000][ M::mem_process_seqs] Processed 529802 reads in 1002.254 CPU sec, 126.466 real sec
[0000] 2. Calling mem_process_seqs.., task: 428
[0000] 3. Calling kt_for - worker_bwt
[0000] read_chunk: 80000000, work_chunk_size: 80000102, nseq: 529802
	[0000][ M::kt_pipeline] read 529802 sequences (80000102 bp)...
[0000] 3. Calling kt_for - worker_aln
Inferring insert size distribution from data, l_pac: 2069526396, n: 529802
[M::mem_pestat] # candidate unique pairs for (FF, FR, RF, RR): (3, 56318, 5, 1)
[M::mem_pestat] skip orientation FF as there are not enough pairs
[M::mem_pestat] analyzing insert size distribution for orientation FR...
[M::mem_pestat] (25, 50, 75) percentile: (224, 293, 387)
[M::mem_pestat] low and high boundaries for computing mean and std.dev: (1, 713)
[M::mem_pestat] mean and std.dev: (313.30, 119.83)
[M::mem_pestat] low and high boundaries for proper pairs: (1, 876)
[M::mem_pestat] skip orientation RF as there are not enough pairs
[M::mem_pestat] skip orientation RR as there are not enough pairs
[0000] 10. Calling kt_for - worker_sam
	[0000][ M::mem_process_seqs] Processed 529802 reads in 1004.354 CPU sec, 126.895 real sec
[0000] 2. Calling mem_process_seqs.., task: 429
[0000] 3. Calling kt_for - worker_bwt
[0000] read_chunk: 80000000, work_chunk_size: 80000102, nseq: 529802
	[0000][ M::kt_pipeline] read 529802 sequences (80000102 bp)...
[0000] 3. Calling kt_for - worker_aln
Inferring insert size distribution from data, l_pac: 2069526396, n: 529802
[M::mem_pestat] # candidate unique pairs for (FF, FR, RF, RR): (1, 55866, 3, 1)
[M::mem_pestat] skip orientation FF as there are not enough pairs
[M::mem_pestat] analyzing insert size distribution for orientation FR...
[M::mem_pestat] (25, 50, 75) percentile: (224, 293, 388)
[M::mem_pestat] low and high boundaries for computing mean and std.dev: (1, 716)
[M::mem_pestat] mean and std.dev: (313.62, 119.82)
[M::mem_pestat] low and high boundaries for proper pairs: (1, 880)
[M::mem_pestat] skip orientation RF as there are not enough pairs
[M::mem_pestat] skip orientation RR as there are not enough pairs
[0000] 10. Calling kt_for - worker_sam
	[0000][ M::mem_process_seqs] Processed 529802 reads in 1000.123 CPU sec, 126.494 real sec
[0000] 2. Calling mem_process_seqs.., task: 430
[0000] 3. Calling kt_for - worker_bwt
[0000] read_chunk: 80000000, work_chunk_size: 80000102, nseq: 529802
	[0000][ M::kt_pipeline] read 529802 sequences (80000102 bp)...
[0000] 3. Calling kt_for - worker_aln
Inferring insert size distribution from data, l_pac: 2069526396, n: 529802
[M::mem_pestat] # candidate unique pairs for (FF, FR, RF, RR): (1, 56030, 8, 2)
[M::mem_pestat] skip orientation FF as there are not enough pairs
[M::mem_pestat] analyzing insert size distribution for orientation FR...
[M::mem_pestat] (25, 50, 75) percentile: (225, 294, 389)
[M::mem_pestat] low and high boundaries for computing mean and std.dev: (1, 717)
[M::mem_pestat] mean and std.dev: (314.17, 119.76)
[M::mem_pestat] low and high boundaries for proper pairs: (1, 881)
[M::mem_pestat] skip orientation RF as there are not enough pairs
[M::mem_pestat] skip orientation RR as there are not enough pairs
[0000] 10. Calling kt_for - worker_sam
	[0000][ M::mem_process_seqs] Processed 529802 reads in 1007.985 CPU sec, 127.339 real sec
[0000] 2. Calling mem_process_seqs.., task: 431
[0000] 3. Calling kt_for - worker_bwt
[0000] read_chunk: 80000000, work_chunk_size: 80000102, nseq: 529802
	[0000][ M::kt_pipeline] read 529802 sequences (80000102 bp)...
[0000] 3. Calling kt_for - worker_aln
Inferring insert size distribution from data, l_pac: 2069526396, n: 529802
[M::mem_pestat] # candidate unique pairs for (FF, FR, RF, RR): (4, 55809, 7, 1)
[M::mem_pestat] skip orientation FF as there are not enough pairs
[M::mem_pestat] analyzing insert size distribution for orientation FR...
[M::mem_pestat] (25, 50, 75) percentile: (224, 292, 386)
[M::mem_pestat] low and high boundaries for computing mean and std.dev: (1, 710)
[M::mem_pestat] mean and std.dev: (312.39, 118.76)
[M::mem_pestat] low and high boundaries for proper pairs: (1, 872)
[M::mem_pestat] skip orientation RF as there are not enough pairs
[M::mem_pestat] skip orientation RR as there are not enough pairs
[0000] 10. Calling kt_for - worker_sam
	[0000][ M::mem_process_seqs] Processed 529802 reads in 1012.393 CPU sec, 127.926 real sec
[0000] 2. Calling mem_process_seqs.., task: 432
[0000] 3. Calling kt_for - worker_bwt
[0000] read_chunk: 80000000, work_chunk_size: 80000102, nseq: 529802
	[0000][ M::kt_pipeline] read 529802 sequences (80000102 bp)...
[0000] 3. Calling kt_for - worker_aln
Inferring insert size distribution from data, l_pac: 2069526396, n: 529802
[M::mem_pestat] # candidate unique pairs for (FF, FR, RF, RR): (5, 56275, 13, 3)
[M::mem_pestat] skip orientation FF as there are not enough pairs
[M::mem_pestat] analyzing insert size distribution for orientation FR...
[M::mem_pestat] (25, 50, 75) percentile: (225, 294, 388)
[M::mem_pestat] low and high boundaries for computing mean and std.dev: (1, 714)
[M::mem_pestat] mean and std.dev: (313.96, 119.36)
[M::mem_pestat] low and high boundaries for proper pairs: (1, 877)
[M::mem_pestat] analyzing insert size distribution for orientation RF...
[M::mem_pestat] (25, 50, 75) percentile: (851, 862, 5393)
[M::mem_pestat] low and high boundaries for computing mean and std.dev: (1, 14477)
[M::mem_pestat] mean and std.dev: (2401.00, 2765.36)
[M::mem_pestat] low and high boundaries for proper pairs: (1, 19019)
[M::mem_pestat] skip orientation RR as there are not enough pairs
[M::mem_pestat] skip orientation RF
[0000] 10. Calling kt_for - worker_sam
	[0000][ M::mem_process_seqs] Processed 529802 reads in 1044.527 CPU sec, 132.211 real sec
[0000] 2. Calling mem_process_seqs.., task: 433
[0000] 3. Calling kt_for - worker_bwt
[0000] read_chunk: 80000000, work_chunk_size: 80000102, nseq: 529802
	[0000][ M::kt_pipeline] read 529802 sequences (80000102 bp)...
[0000] 3. Calling kt_for - worker_aln
Inferring insert size distribution from data, l_pac: 2069526396, n: 529802
[M::mem_pestat] # candidate unique pairs for (FF, FR, RF, RR): (1, 56187, 8, 0)
[M::mem_pestat] skip orientation FF as there are not enough pairs
[M::mem_pestat] analyzing insert size distribution for orientation FR...
[M::mem_pestat] (25, 50, 75) percentile: (225, 295, 389)
[M::mem_pestat] low and high boundaries for computing mean and std.dev: (1, 717)
[M::mem_pestat] mean and std.dev: (314.50, 119.89)
[M::mem_pestat] low and high boundaries for proper pairs: (1, 881)
[M::mem_pestat] skip orientation RF as there are not enough pairs
[M::mem_pestat] skip orientation RR as there are not enough pairs
[0000] 10. Calling kt_for - worker_sam
	[0000][ M::mem_process_seqs] Processed 529802 reads in 1013.677 CPU sec, 128.097 real sec
[0000] 2. Calling mem_process_seqs.., task: 434
[0000] 3. Calling kt_for - worker_bwt
[0000] read_chunk: 80000000, work_chunk_size: 80000102, nseq: 529802
	[0000][ M::kt_pipeline] read 529802 sequences (80000102 bp)...
[0000] 3. Calling kt_for - worker_aln
Inferring insert size distribution from data, l_pac: 2069526396, n: 529802
[M::mem_pestat] # candidate unique pairs for (FF, FR, RF, RR): (3, 56163, 11, 0)
[M::mem_pestat] skip orientation FF as there are not enough pairs
[M::mem_pestat] analyzing insert size distribution for orientation FR...
[M::mem_pestat] (25, 50, 75) percentile: (225, 294, 389)
[M::mem_pestat] low and high boundaries for computing mean and std.dev: (1, 717)
[M::mem_pestat] mean and std.dev: (314.50, 120.20)
[M::mem_pestat] low and high boundaries for proper pairs: (1, 881)
[M::mem_pestat] analyzing insert size distribution for orientation RF...
[M::mem_pestat] (25, 50, 75) percentile: (1335, 2591, 6141)
[M::mem_pestat] low and high boundaries for computing mean and std.dev: (1, 15753)
[M::mem_pestat] mean and std.dev: (3020.64, 2664.69)
[M::mem_pestat] low and high boundaries for proper pairs: (1, 20559)
[M::mem_pestat] skip orientation RR as there are not enough pairs
[M::mem_pestat] skip orientation RF
[0000] 10. Calling kt_for - worker_sam
	[0000][ M::mem_process_seqs] Processed 529802 reads in 1019.742 CPU sec, 128.731 real sec
[0000] 2. Calling mem_process_seqs.., task: 435
[0000] 3. Calling kt_for - worker_bwt
[0000] read_chunk: 80000000, work_chunk_size: 80000102, nseq: 529802
	[0000][ M::kt_pipeline] read 529802 sequences (80000102 bp)...
[0000] 3. Calling kt_for - worker_aln
Inferring insert size distribution from data, l_pac: 2069526396, n: 529802
[M::mem_pestat] # candidate unique pairs for (FF, FR, RF, RR): (2, 56092, 7, 3)
[M::mem_pestat] skip orientation FF as there are not enough pairs
[M::mem_pestat] analyzing insert size distribution for orientation FR...
[M::mem_pestat] (25, 50, 75) percentile: (226, 295, 390)
[M::mem_pestat] low and high boundaries for computing mean and std.dev: (1, 718)
[M::mem_pestat] mean and std.dev: (314.60, 119.60)
[M::mem_pestat] low and high boundaries for proper pairs: (1, 882)
[M::mem_pestat] skip orientation RF as there are not enough pairs
[M::mem_pestat] skip orientation RR as there are not enough pairs
[0000] 10. Calling kt_for - worker_sam
	[0000][ M::mem_process_seqs] Processed 529802 reads in 999.393 CPU sec, 126.053 real sec
[0000] 2. Calling mem_process_seqs.., task: 436
[0000] 3. Calling kt_for - worker_bwt
[0000] read_chunk: 80000000, work_chunk_size: 80000102, nseq: 529802
	[0000][ M::kt_pipeline] read 529802 sequences (80000102 bp)...
[0000] 3. Calling kt_for - worker_aln
Inferring insert size distribution from data, l_pac: 2069526396, n: 529802
[M::mem_pestat] # candidate unique pairs for (FF, FR, RF, RR): (4, 55894, 8, 1)
[M::mem_pestat] skip orientation FF as there are not enough pairs
[M::mem_pestat] analyzing insert size distribution for orientation FR...
[M::mem_pestat] (25, 50, 75) percentile: (225, 293, 387)
[M::mem_pestat] low and high boundaries for computing mean and std.dev: (1, 711)
[M::mem_pestat] mean and std.dev: (313.62, 119.16)
[M::mem_pestat] low and high boundaries for proper pairs: (1, 873)
[M::mem_pestat] skip orientation RF as there are not enough pairs
[M::mem_pestat] skip orientation RR as there are not enough pairs
[0000] 10. Calling kt_for - worker_sam
	[0000][ M::mem_process_seqs] Processed 529802 reads in 995.611 CPU sec, 125.902 real sec
[0000] 2. Calling mem_process_seqs.., task: 437
[0000] 3. Calling kt_for - worker_bwt
[0000] read_chunk: 80000000, work_chunk_size: 80000102, nseq: 529802
	[0000][ M::kt_pipeline] read 529802 sequences (80000102 bp)...
[0000] 3. Calling kt_for - worker_aln
Inferring insert size distribution from data, l_pac: 2069526396, n: 529802
[M::mem_pestat] # candidate unique pairs for (FF, FR, RF, RR): (7, 55775, 5, 3)
[M::mem_pestat] skip orientation FF as there are not enough pairs
[M::mem_pestat] analyzing insert size distribution for orientation FR...
[M::mem_pestat] (25, 50, 75) percentile: (225, 294, 388)
[M::mem_pestat] low and high boundaries for computing mean and std.dev: (1, 714)
[M::mem_pestat] mean and std.dev: (314.48, 119.80)
[M::mem_pestat] low and high boundaries for proper pairs: (1, 877)
[M::mem_pestat] skip orientation RF as there are not enough pairs
[M::mem_pestat] skip orientation RR as there are not enough pairs
[0000] 10. Calling kt_for - worker_sam
	[0000][ M::mem_process_seqs] Processed 529802 reads in 1026.502 CPU sec, 129.756 real sec
[0000] 2. Calling mem_process_seqs.., task: 438
[0000] 3. Calling kt_for - worker_bwt
[0000] read_chunk: 80000000, work_chunk_size: 80000102, nseq: 529802
	[0000][ M::kt_pipeline] read 529802 sequences (80000102 bp)...
[0000] 3. Calling kt_for - worker_aln
Inferring insert size distribution from data, l_pac: 2069526396, n: 529802
[M::mem_pestat] # candidate unique pairs for (FF, FR, RF, RR): (2, 56108, 13, 0)
[M::mem_pestat] skip orientation FF as there are not enough pairs
[M::mem_pestat] analyzing insert size distribution for orientation FR...
[M::mem_pestat] (25, 50, 75) percentile: (226, 294, 390)
[M::mem_pestat] low and high boundaries for computing mean and std.dev: (1, 718)
[M::mem_pestat] mean and std.dev: (315.27, 120.36)
[M::mem_pestat] low and high boundaries for proper pairs: (1, 882)
[M::mem_pestat] analyzing insert size distribution for orientation RF...
[M::mem_pestat] (25, 50, 75) percentile: (322, 1184, 2292)
[M::mem_pestat] low and high boundaries for computing mean and std.dev: (1, 6232)
[M::mem_pestat] mean and std.dev: (1296.38, 1103.65)
[M::mem_pestat] low and high boundaries for proper pairs: (1, 8202)
[M::mem_pestat] skip orientation RR as there are not enough pairs
[M::mem_pestat] skip orientation RF
[0000] 10. Calling kt_for - worker_sam
	[0000][ M::mem_process_seqs] Processed 529802 reads in 1037.813 CPU sec, 131.325 real sec
[0000] 2. Calling mem_process_seqs.., task: 439
[0000] 3. Calling kt_for - worker_bwt
[0000] read_chunk: 80000000, work_chunk_size: 80000102, nseq: 529802
	[0000][ M::kt_pipeline] read 529802 sequences (80000102 bp)...
[0000] 3. Calling kt_for - worker_aln
Inferring insert size distribution from data, l_pac: 2069526396, n: 529802
[M::mem_pestat] # candidate unique pairs for (FF, FR, RF, RR): (2, 55992, 9, 1)
[M::mem_pestat] skip orientation FF as there are not enough pairs
[M::mem_pestat] analyzing insert size distribution for orientation FR...
[M::mem_pestat] (25, 50, 75) percentile: (227, 297, 390)
[M::mem_pestat] low and high boundaries for computing mean and std.dev: (1, 716)
[M::mem_pestat] mean and std.dev: (315.99, 119.60)
[M::mem_pestat] low and high boundaries for proper pairs: (1, 879)
[M::mem_pestat] skip orientation RF as there are not enough pairs
[M::mem_pestat] skip orientation RR as there are not enough pairs
[0000] 10. Calling kt_for - worker_sam
	[0000][ M::mem_process_seqs] Processed 529802 reads in 997.211 CPU sec, 125.826 real sec
[0000] 2. Calling mem_process_seqs.., task: 440
[0000] 3. Calling kt_for - worker_bwt
[0000] read_chunk: 80000000, work_chunk_size: 80000102, nseq: 529802
	[0000][ M::kt_pipeline] read 529802 sequences (80000102 bp)...
[0000] 3. Calling kt_for - worker_aln
Inferring insert size distribution from data, l_pac: 2069526396, n: 529802
[M::mem_pestat] # candidate unique pairs for (FF, FR, RF, RR): (5, 56030, 14, 1)
[M::mem_pestat] skip orientation FF as there are not enough pairs
[M::mem_pestat] analyzing insert size distribution for orientation FR...
[M::mem_pestat] (25, 50, 75) percentile: (226, 295, 390)
[M::mem_pestat] low and high boundaries for computing mean and std.dev: (1, 718)
[M::mem_pestat] mean and std.dev: (315.46, 120.03)
[M::mem_pestat] low and high boundaries for proper pairs: (1, 882)
[M::mem_pestat] analyzing insert size distribution for orientation RF...
[M::mem_pestat] (25, 50, 75) percentile: (276, 876, 2235)
[M::mem_pestat] low and high boundaries for computing mean and std.dev: (1, 6153)
[M::mem_pestat] mean and std.dev: (1159.21, 892.98)
[M::mem_pestat] low and high boundaries for proper pairs: (1, 8112)
[M::mem_pestat] skip orientation RR as there are not enough pairs
[M::mem_pestat] skip orientation RF
[0000] 10. Calling kt_for - worker_sam
	[0000][ M::mem_process_seqs] Processed 529802 reads in 1025.361 CPU sec, 129.689 real sec
[0000] 2. Calling mem_process_seqs.., task: 441
[0000] 3. Calling kt_for - worker_bwt
[0000] read_chunk: 80000000, work_chunk_size: 80000102, nseq: 529802
	[0000][ M::kt_pipeline] read 529802 sequences (80000102 bp)...
[0000] 3. Calling kt_for - worker_aln
Inferring insert size distribution from data, l_pac: 2069526396, n: 529802
[M::mem_pestat] # candidate unique pairs for (FF, FR, RF, RR): (6, 56090, 8, 0)
[M::mem_pestat] skip orientation FF as there are not enough pairs
[M::mem_pestat] analyzing insert size distribution for orientation FR...
[M::mem_pestat] (25, 50, 75) percentile: (226, 295, 390)
[M::mem_pestat] low and high boundaries for computing mean and std.dev: (1, 718)
[M::mem_pestat] mean and std.dev: (314.71, 119.82)
[M::mem_pestat] low and high boundaries for proper pairs: (1, 882)
[M::mem_pestat] skip orientation RF as there are not enough pairs
[M::mem_pestat] skip orientation RR as there are not enough pairs
[0000] 10. Calling kt_for - worker_sam
	[0000][ M::mem_process_seqs] Processed 529802 reads in 1002.096 CPU sec, 126.514 real sec
[0000] 2. Calling mem_process_seqs.., task: 442
[0000] 3. Calling kt_for - worker_bwt
[0000] read_chunk: 80000000, work_chunk_size: 80000102, nseq: 529802
	[0000][ M::kt_pipeline] read 529802 sequences (80000102 bp)...
[0000] 3. Calling kt_for - worker_aln
Inferring insert size distribution from data, l_pac: 2069526396, n: 529802
[M::mem_pestat] # candidate unique pairs for (FF, FR, RF, RR): (1, 55948, 4, 5)
[M::mem_pestat] skip orientation FF as there are not enough pairs
[M::mem_pestat] analyzing insert size distribution for orientation FR...
[M::mem_pestat] (25, 50, 75) percentile: (226, 295, 392)
[M::mem_pestat] low and high boundaries for computing mean and std.dev: (1, 724)
[M::mem_pestat] mean and std.dev: (316.04, 120.39)
[M::mem_pestat] low and high boundaries for proper pairs: (1, 890)
[M::mem_pestat] skip orientation RF as there are not enough pairs
[M::mem_pestat] skip orientation RR as there are not enough pairs
[0000] 10. Calling kt_for - worker_sam
	[0000][ M::mem_process_seqs] Processed 529802 reads in 960.138 CPU sec, 121.182 real sec
[0000] 2. Calling mem_process_seqs.., task: 443
[0000] 3. Calling kt_for - worker_bwt
[0000] read_chunk: 80000000, work_chunk_size: 80000102, nseq: 529802
	[0000][ M::kt_pipeline] read 529802 sequences (80000102 bp)...
[0000] 3. Calling kt_for - worker_aln
Inferring insert size distribution from data, l_pac: 2069526396, n: 529802
[M::mem_pestat] # candidate unique pairs for (FF, FR, RF, RR): (2, 56221, 11, 1)
[M::mem_pestat] skip orientation FF as there are not enough pairs
[M::mem_pestat] analyzing insert size distribution for orientation FR...
[M::mem_pestat] (25, 50, 75) percentile: (226, 295, 390)
[M::mem_pestat] low and high boundaries for computing mean and std.dev: (1, 718)
[M::mem_pestat] mean and std.dev: (314.91, 119.83)
[M::mem_pestat] low and high boundaries for proper pairs: (1, 882)
[M::mem_pestat] analyzing insert size distribution for orientation RF...
[M::mem_pestat] (25, 50, 75) percentile: (186, 559, 4139)
[M::mem_pestat] low and high boundaries for computing mean and std.dev: (1, 12045)
[M::mem_pestat] mean and std.dev: (2145.27, 2521.42)
[M::mem_pestat] low and high boundaries for proper pairs: (1, 15998)
[M::mem_pestat] skip orientation RR as there are not enough pairs
[M::mem_pestat] skip orientation RF
[0000] 10. Calling kt_for - worker_sam
	[0000][ M::mem_process_seqs] Processed 529802 reads in 952.809 CPU sec, 120.333 real sec
[0000] 2. Calling mem_process_seqs.., task: 444
[0000] 3. Calling kt_for - worker_bwt
[0000] read_chunk: 80000000, work_chunk_size: 80000102, nseq: 529802
	[0000][ M::kt_pipeline] read 529802 sequences (80000102 bp)...
[0000] 3. Calling kt_for - worker_aln
Inferring insert size distribution from data, l_pac: 2069526396, n: 529802
[M::mem_pestat] # candidate unique pairs for (FF, FR, RF, RR): (1, 56148, 4, 2)
[M::mem_pestat] skip orientation FF as there are not enough pairs
[M::mem_pestat] analyzing insert size distribution for orientation FR...
[M::mem_pestat] (25, 50, 75) percentile: (225, 294, 388)
[M::mem_pestat] low and high boundaries for computing mean and std.dev: (1, 714)
[M::mem_pestat] mean and std.dev: (314.05, 119.57)
[M::mem_pestat] low and high boundaries for proper pairs: (1, 877)
[M::mem_pestat] skip orientation RF as there are not enough pairs
[M::mem_pestat] skip orientation RR as there are not enough pairs
[0000] 10. Calling kt_for - worker_sam
	[0000][ M::mem_process_seqs] Processed 529802 reads in 986.192 CPU sec, 124.496 real sec
[0000] 2. Calling mem_process_seqs.., task: 445
[0000] 3. Calling kt_for - worker_bwt
[0000] read_chunk: 80000000, work_chunk_size: 80000102, nseq: 529802
	[0000][ M::kt_pipeline] read 529802 sequences (80000102 bp)...
[0000] 3. Calling kt_for - worker_aln
Inferring insert size distribution from data, l_pac: 2069526396, n: 529802
[M::mem_pestat] # candidate unique pairs for (FF, FR, RF, RR): (1, 56154, 6, 3)
[M::mem_pestat] skip orientation FF as there are not enough pairs
[M::mem_pestat] analyzing insert size distribution for orientation FR...
[M::mem_pestat] (25, 50, 75) percentile: (225, 295, 390)
[M::mem_pestat] low and high boundaries for computing mean and std.dev: (1, 720)
[M::mem_pestat] mean and std.dev: (314.80, 120.05)
[M::mem_pestat] low and high boundaries for proper pairs: (1, 885)
[M::mem_pestat] skip orientation RF as there are not enough pairs
[M::mem_pestat] skip orientation RR as there are not enough pairs
[0000] 10. Calling kt_for - worker_sam
	[0000][ M::mem_process_seqs] Processed 529802 reads in 977.484 CPU sec, 123.565 real sec
[0000] 2. Calling mem_process_seqs.., task: 446
[0000] 3. Calling kt_for - worker_bwt
[0000] read_chunk: 80000000, work_chunk_size: 80000102, nseq: 529802
	[0000][ M::kt_pipeline] read 529802 sequences (80000102 bp)...
[0000] 3. Calling kt_for - worker_aln
Inferring insert size distribution from data, l_pac: 2069526396, n: 529802
[M::mem_pestat] # candidate unique pairs for (FF, FR, RF, RR): (2, 56047, 4, 1)
[M::mem_pestat] skip orientation FF as there are not enough pairs
[M::mem_pestat] analyzing insert size distribution for orientation FR...
[M::mem_pestat] (25, 50, 75) percentile: (226, 295, 389)
[M::mem_pestat] low and high boundaries for computing mean and std.dev: (1, 715)
[M::mem_pestat] mean and std.dev: (314.98, 120.11)
[M::mem_pestat] low and high boundaries for proper pairs: (1, 878)
[M::mem_pestat] skip orientation RF as there are not enough pairs
[M::mem_pestat] skip orientation RR as there are not enough pairs
[0000] 10. Calling kt_for - worker_sam
	[0000][ M::mem_process_seqs] Processed 529802 reads in 991.687 CPU sec, 125.301 real sec
[0000] 2. Calling mem_process_seqs.., task: 447
[0000] 3. Calling kt_for - worker_bwt
[0000] read_chunk: 80000000, work_chunk_size: 80000102, nseq: 529802
	[0000][ M::kt_pipeline] read 529802 sequences (80000102 bp)...
[0000] 3. Calling kt_for - worker_aln
Inferring insert size distribution from data, l_pac: 2069526396, n: 529802
[M::mem_pestat] # candidate unique pairs for (FF, FR, RF, RR): (1, 55944, 11, 0)
[M::mem_pestat] skip orientation FF as there are not enough pairs
[M::mem_pestat] analyzing insert size distribution for orientation FR...
[M::mem_pestat] (25, 50, 75) percentile: (225, 295, 391)
[M::mem_pestat] low and high boundaries for computing mean and std.dev: (1, 723)
[M::mem_pestat] mean and std.dev: (315.77, 121.07)
[M::mem_pestat] low and high boundaries for proper pairs: (1, 889)
[M::mem_pestat] analyzing insert size distribution for orientation RF...
[M::mem_pestat] (25, 50, 75) percentile: (188, 283, 1832)
[M::mem_pestat] low and high boundaries for computing mean and std.dev: (1, 5120)
[M::mem_pestat] mean and std.dev: (756.80, 755.26)
[M::mem_pestat] low and high boundaries for proper pairs: (1, 6764)
[M::mem_pestat] skip orientation RR as there are not enough pairs
[M::mem_pestat] skip orientation RF
[0000] 10. Calling kt_for - worker_sam
	[0000][ M::mem_process_seqs] Processed 529802 reads in 959.320 CPU sec, 121.115 real sec
[0000] 2. Calling mem_process_seqs.., task: 448
[0000] 3. Calling kt_for - worker_bwt
[0000] read_chunk: 80000000, work_chunk_size: 80000102, nseq: 529802
	[0000][ M::kt_pipeline] read 529802 sequences (80000102 bp)...
[0000] 3. Calling kt_for - worker_aln
Inferring insert size distribution from data, l_pac: 2069526396, n: 529802
[M::mem_pestat] # candidate unique pairs for (FF, FR, RF, RR): (3, 55859, 7, 2)
[M::mem_pestat] skip orientation FF as there are not enough pairs
[M::mem_pestat] analyzing insert size distribution for orientation FR...
[M::mem_pestat] (25, 50, 75) percentile: (226, 295, 390)
[M::mem_pestat] low and high boundaries for computing mean and std.dev: (1, 718)
[M::mem_pestat] mean and std.dev: (315.20, 120.01)
[M::mem_pestat] low and high boundaries for proper pairs: (1, 882)
[M::mem_pestat] skip orientation RF as there are not enough pairs
[M::mem_pestat] skip orientation RR as there are not enough pairs
[0000] 10. Calling kt_for - worker_sam
	[0000][ M::mem_process_seqs] Processed 529802 reads in 963.482 CPU sec, 121.896 real sec
[0000] 2. Calling mem_process_seqs.., task: 449
[0000] 3. Calling kt_for - worker_bwt
[0000] read_chunk: 80000000, work_chunk_size: 80000102, nseq: 529802
	[0000][ M::kt_pipeline] read 529802 sequences (80000102 bp)...
[0000] 3. Calling kt_for - worker_aln
Inferring insert size distribution from data, l_pac: 2069526396, n: 529802
[M::mem_pestat] # candidate unique pairs for (FF, FR, RF, RR): (3, 56004, 4, 3)
[M::mem_pestat] skip orientation FF as there are not enough pairs
[M::mem_pestat] analyzing insert size distribution for orientation FR...
[M::mem_pestat] (25, 50, 75) percentile: (226, 296, 391)
[M::mem_pestat] low and high boundaries for computing mean and std.dev: (1, 721)
[M::mem_pestat] mean and std.dev: (315.53, 119.85)
[M::mem_pestat] low and high boundaries for proper pairs: (1, 886)
[M::mem_pestat] skip orientation RF as there are not enough pairs
[M::mem_pestat] skip orientation RR as there are not enough pairs
[0000] 10. Calling kt_for - worker_sam
	[0000][ M::mem_process_seqs] Processed 529802 reads in 981.530 CPU sec, 124.185 real sec
[0000] 2. Calling mem_process_seqs.., task: 450
[0000] 3. Calling kt_for - worker_bwt
[0000] read_chunk: 80000000, work_chunk_size: 80000102, nseq: 529802
	[0000][ M::kt_pipeline] read 529802 sequences (80000102 bp)...
[0000] 3. Calling kt_for - worker_aln
Inferring insert size distribution from data, l_pac: 2069526396, n: 529802
[M::mem_pestat] # candidate unique pairs for (FF, FR, RF, RR): (2, 55709, 10, 1)
[M::mem_pestat] skip orientation FF as there are not enough pairs
[M::mem_pestat] analyzing insert size distribution for orientation FR...
[M::mem_pestat] (25, 50, 75) percentile: (227, 297, 394)
[M::mem_pestat] low and high boundaries for computing mean and std.dev: (1, 728)
[M::mem_pestat] mean and std.dev: (318.16, 121.94)
[M::mem_pestat] low and high boundaries for proper pairs: (1, 895)
[M::mem_pestat] analyzing insert size distribution for orientation RF...
[M::mem_pestat] (25, 50, 75) percentile: (130, 1013, 2028)
[M::mem_pestat] low and high boundaries for computing mean and std.dev: (1, 5824)
[M::mem_pestat] mean and std.dev: (846.75, 665.08)
[M::mem_pestat] low and high boundaries for proper pairs: (1, 7722)
[M::mem_pestat] skip orientation RR as there are not enough pairs
[M::mem_pestat] skip orientation RF
[0000] 10. Calling kt_for - worker_sam
	[0000][ M::mem_process_seqs] Processed 529802 reads in 967.836 CPU sec, 122.075 real sec
[0000] 2. Calling mem_process_seqs.., task: 451
[0000] 3. Calling kt_for - worker_bwt
[0000] read_chunk: 80000000, work_chunk_size: 80000102, nseq: 529802
	[0000][ M::kt_pipeline] read 529802 sequences (80000102 bp)...
[0000] 3. Calling kt_for - worker_aln
Inferring insert size distribution from data, l_pac: 2069526396, n: 529802
[M::mem_pestat] # candidate unique pairs for (FF, FR, RF, RR): (1, 55798, 5, 2)
[M::mem_pestat] skip orientation FF as there are not enough pairs
[M::mem_pestat] analyzing insert size distribution for orientation FR...
[M::mem_pestat] (25, 50, 75) percentile: (227, 297, 392)
[M::mem_pestat] low and high boundaries for computing mean and std.dev: (1, 722)
[M::mem_pestat] mean and std.dev: (317.03, 121.13)
[M::mem_pestat] low and high boundaries for proper pairs: (1, 887)
[M::mem_pestat] skip orientation RF as there are not enough pairs
[M::mem_pestat] skip orientation RR as there are not enough pairs
[0000] 10. Calling kt_for - worker_sam
	[0000][ M::mem_process_seqs] Processed 529802 reads in 957.712 CPU sec, 120.866 real sec
[0000] 2. Calling mem_process_seqs.., task: 452
[0000] 3. Calling kt_for - worker_bwt
[0000] read_chunk: 80000000, work_chunk_size: 80000102, nseq: 529802
	[0000][ M::kt_pipeline] read 529802 sequences (80000102 bp)...
[0000] 3. Calling kt_for - worker_aln
Inferring insert size distribution from data, l_pac: 2069526396, n: 529802
[M::mem_pestat] # candidate unique pairs for (FF, FR, RF, RR): (2, 55903, 9, 2)
[M::mem_pestat] skip orientation FF as there are not enough pairs
[M::mem_pestat] analyzing insert size distribution for orientation FR...
[M::mem_pestat] (25, 50, 75) percentile: (226, 295, 392)
[M::mem_pestat] low and high boundaries for computing mean and std.dev: (1, 724)
[M::mem_pestat] mean and std.dev: (316.48, 120.91)
[M::mem_pestat] low and high boundaries for proper pairs: (1, 890)
[M::mem_pestat] skip orientation RF as there are not enough pairs
[M::mem_pestat] skip orientation RR as there are not enough pairs
[0000] 10. Calling kt_for - worker_sam
	[0000][ M::mem_process_seqs] Processed 529802 reads in 944.561 CPU sec, 119.062 real sec
[0000] 2. Calling mem_process_seqs.., task: 453
[0000] 3. Calling kt_for - worker_bwt
[0000] read_chunk: 80000000, work_chunk_size: 80000102, nseq: 529802
	[0000][ M::kt_pipeline] read 529802 sequences (80000102 bp)...
[0000] 3. Calling kt_for - worker_aln
Inferring insert size distribution from data, l_pac: 2069526396, n: 529802
[M::mem_pestat] # candidate unique pairs for (FF, FR, RF, RR): (4, 55907, 15, 4)
[M::mem_pestat] skip orientation FF as there are not enough pairs
[M::mem_pestat] analyzing insert size distribution for orientation FR...
[M::mem_pestat] (25, 50, 75) percentile: (227, 297, 392)
[M::mem_pestat] low and high boundaries for computing mean and std.dev: (1, 722)
[M::mem_pestat] mean and std.dev: (316.95, 121.19)
[M::mem_pestat] low and high boundaries for proper pairs: (1, 887)
[M::mem_pestat] analyzing insert size distribution for orientation RF...
[M::mem_pestat] (25, 50, 75) percentile: (117, 521, 7019)
[M::mem_pestat] low and high boundaries for computing mean and std.dev: (1, 20823)
[M::mem_pestat] mean and std.dev: (2653.40, 3694.44)
[M::mem_pestat] low and high boundaries for proper pairs: (1, 27725)
[M::mem_pestat] skip orientation RR as there are not enough pairs
[M::mem_pestat] skip orientation RF
[0000] 10. Calling kt_for - worker_sam
	[0000][ M::mem_process_seqs] Processed 529802 reads in 990.266 CPU sec, 125.028 real sec
[0000] 2. Calling mem_process_seqs.., task: 454
[0000] 3. Calling kt_for - worker_bwt
[0000] read_chunk: 80000000, work_chunk_size: 80000102, nseq: 529802
	[0000][ M::kt_pipeline] read 529802 sequences (80000102 bp)...
[0000] 3. Calling kt_for - worker_aln
Inferring insert size distribution from data, l_pac: 2069526396, n: 529802
[M::mem_pestat] # candidate unique pairs for (FF, FR, RF, RR): (2, 55724, 4, 3)
[M::mem_pestat] skip orientation FF as there are not enough pairs
[M::mem_pestat] analyzing insert size distribution for orientation FR...
[M::mem_pestat] (25, 50, 75) percentile: (230, 301, 398)
[M::mem_pestat] low and high boundaries for computing mean and std.dev: (1, 734)
[M::mem_pestat] mean and std.dev: (321.47, 123.80)
[M::mem_pestat] low and high boundaries for proper pairs: (1, 902)
[M::mem_pestat] skip orientation RF as there are not enough pairs
[M::mem_pestat] skip orientation RR as there are not enough pairs
[0000] 10. Calling kt_for - worker_sam
	[0000][ M::mem_process_seqs] Processed 529802 reads in 989.753 CPU sec, 125.003 real sec
[0000] 2. Calling mem_process_seqs.., task: 455
[0000] 3. Calling kt_for - worker_bwt
[0000] read_chunk: 80000000, work_chunk_size: 80000102, nseq: 529802
	[0000][ M::kt_pipeline] read 529802 sequences (80000102 bp)...
[0000] 3. Calling kt_for - worker_aln
Inferring insert size distribution from data, l_pac: 2069526396, n: 529802
[M::mem_pestat] # candidate unique pairs for (FF, FR, RF, RR): (2, 55806, 15, 2)
[M::mem_pestat] skip orientation FF as there are not enough pairs
[M::mem_pestat] analyzing insert size distribution for orientation FR...
[M::mem_pestat] (25, 50, 75) percentile: (230, 301, 397)
[M::mem_pestat] low and high boundaries for computing mean and std.dev: (1, 731)
[M::mem_pestat] mean and std.dev: (321.40, 122.70)
[M::mem_pestat] low and high boundaries for proper pairs: (1, 898)
[M::mem_pestat] analyzing insert size distribution for orientation RF...
[M::mem_pestat] (25, 50, 75) percentile: (499, 1888, 4638)
[M::mem_pestat] low and high boundaries for computing mean and std.dev: (1, 12916)
[M::mem_pestat] mean and std.dev: (2565.13, 2720.38)
[M::mem_pestat] low and high boundaries for proper pairs: (1, 17055)
[M::mem_pestat] skip orientation RR as there are not enough pairs
[M::mem_pestat] skip orientation RF
[0000] 10. Calling kt_for - worker_sam
	[0000][ M::mem_process_seqs] Processed 529802 reads in 1007.240 CPU sec, 127.234 real sec
[0000] 2. Calling mem_process_seqs.., task: 456
[0000] 3. Calling kt_for - worker_bwt
[0000] read_chunk: 80000000, work_chunk_size: 80000102, nseq: 529802
	[0000][ M::kt_pipeline] read 529802 sequences (80000102 bp)...
[0000] 3. Calling kt_for - worker_aln
Inferring insert size distribution from data, l_pac: 2069526396, n: 529802
[M::mem_pestat] # candidate unique pairs for (FF, FR, RF, RR): (3, 55589, 6, 2)
[M::mem_pestat] skip orientation FF as there are not enough pairs
[M::mem_pestat] analyzing insert size distribution for orientation FR...
[M::mem_pestat] (25, 50, 75) percentile: (229, 300, 397)
[M::mem_pestat] low and high boundaries for computing mean and std.dev: (1, 733)
[M::mem_pestat] mean and std.dev: (320.65, 123.45)
[M::mem_pestat] low and high boundaries for proper pairs: (1, 901)
[M::mem_pestat] skip orientation RF as there are not enough pairs
[M::mem_pestat] skip orientation RR as there are not enough pairs
[0000] 10. Calling kt_for - worker_sam
	[0000][ M::mem_process_seqs] Processed 529802 reads in 1007.575 CPU sec, 127.528 real sec
[0000] 2. Calling mem_process_seqs.., task: 457
[0000] 3. Calling kt_for - worker_bwt
[0000] read_chunk: 80000000, work_chunk_size: 80000102, nseq: 529802
	[0000][ M::kt_pipeline] read 529802 sequences (80000102 bp)...
[0000] 3. Calling kt_for - worker_aln
Inferring insert size distribution from data, l_pac: 2069526396, n: 529802
[M::mem_pestat] # candidate unique pairs for (FF, FR, RF, RR): (0, 56077, 4, 4)
[M::mem_pestat] skip orientation FF as there are not enough pairs
[M::mem_pestat] analyzing insert size distribution for orientation FR...
[M::mem_pestat] (25, 50, 75) percentile: (228, 300, 399)
[M::mem_pestat] low and high boundaries for computing mean and std.dev: (1, 741)
[M::mem_pestat] mean and std.dev: (321.62, 124.52)
[M::mem_pestat] low and high boundaries for proper pairs: (1, 912)
[M::mem_pestat] skip orientation RF as there are not enough pairs
[M::mem_pestat] skip orientation RR as there are not enough pairs
[0000] 10. Calling kt_for - worker_sam
	[0000][ M::mem_process_seqs] Processed 529802 reads in 1068.133 CPU sec, 135.526 real sec
[0000] 2. Calling mem_process_seqs.., task: 458
[0000] 3. Calling kt_for - worker_bwt
[0000] read_chunk: 80000000, work_chunk_size: 80000102, nseq: 529802
	[0000][ M::kt_pipeline] read 529802 sequences (80000102 bp)...
[0000] 3. Calling kt_for - worker_aln
Inferring insert size distribution from data, l_pac: 2069526396, n: 529802
[M::mem_pestat] # candidate unique pairs for (FF, FR, RF, RR): (2, 55978, 10, 3)
[M::mem_pestat] skip orientation FF as there are not enough pairs
[M::mem_pestat] analyzing insert size distribution for orientation FR...
[M::mem_pestat] (25, 50, 75) percentile: (228, 299, 397)
[M::mem_pestat] low and high boundaries for computing mean and std.dev: (1, 735)
[M::mem_pestat] mean and std.dev: (320.32, 122.72)
[M::mem_pestat] low and high boundaries for proper pairs: (1, 904)
[M::mem_pestat] analyzing insert size distribution for orientation RF...
[M::mem_pestat] (25, 50, 75) percentile: (443, 3826, 5026)
[M::mem_pestat] low and high boundaries for computing mean and std.dev: (1, 14192)
[M::mem_pestat] mean and std.dev: (2926.60, 2607.27)
[M::mem_pestat] low and high boundaries for proper pairs: (1, 18775)
[M::mem_pestat] skip orientation RR as there are not enough pairs
[M::mem_pestat] skip orientation RF
[0000] 10. Calling kt_for - worker_sam
	[0000][ M::mem_process_seqs] Processed 529802 reads in 1018.499 CPU sec, 128.751 real sec
[0000] 2. Calling mem_process_seqs.., task: 459
[0000] 3. Calling kt_for - worker_bwt
[0000] read_chunk: 80000000, work_chunk_size: 80000102, nseq: 529802
	[0000][ M::kt_pipeline] read 529802 sequences (80000102 bp)...
[0000] 3. Calling kt_for - worker_aln
Inferring insert size distribution from data, l_pac: 2069526396, n: 529802
[M::mem_pestat] # candidate unique pairs for (FF, FR, RF, RR): (3, 55852, 10, 3)
[M::mem_pestat] skip orientation FF as there are not enough pairs
[M::mem_pestat] analyzing insert size distribution for orientation FR...
[M::mem_pestat] (25, 50, 75) percentile: (226, 296, 392)
[M::mem_pestat] low and high boundaries for computing mean and std.dev: (1, 724)
[M::mem_pestat] mean and std.dev: (317.00, 121.74)
[M::mem_pestat] low and high boundaries for proper pairs: (1, 890)
[M::mem_pestat] analyzing insert size distribution for orientation RF...
[M::mem_pestat] (25, 50, 75) percentile: (215, 1226, 1822)
[M::mem_pestat] low and high boundaries for computing mean and std.dev: (1, 5036)
[M::mem_pestat] mean and std.dev: (775.88, 683.89)
[M::mem_pestat] low and high boundaries for proper pairs: (1, 6643)
[M::mem_pestat] skip orientation RR as there are not enough pairs
[M::mem_pestat] skip orientation RF
[0000] 10. Calling kt_for - worker_sam
	[0000][ M::mem_process_seqs] Processed 529802 reads in 961.247 CPU sec, 121.125 real sec
[0000] 2. Calling mem_process_seqs.., task: 460
[0000] 3. Calling kt_for - worker_bwt
[0000] read_chunk: 80000000, work_chunk_size: 80000102, nseq: 529802
	[0000][ M::kt_pipeline] read 529802 sequences (80000102 bp)...
[0000] 3. Calling kt_for - worker_aln
Inferring insert size distribution from data, l_pac: 2069526396, n: 529802
[M::mem_pestat] # candidate unique pairs for (FF, FR, RF, RR): (2, 55408, 11, 2)
[M::mem_pestat] skip orientation FF as there are not enough pairs
[M::mem_pestat] analyzing insert size distribution for orientation FR...
[M::mem_pestat] (25, 50, 75) percentile: (226, 296, 392)
[M::mem_pestat] low and high boundaries for computing mean and std.dev: (1, 724)
[M::mem_pestat] mean and std.dev: (316.65, 121.18)
[M::mem_pestat] low and high boundaries for proper pairs: (1, 890)
[M::mem_pestat] analyzing insert size distribution for orientation RF...
[M::mem_pestat] (25, 50, 75) percentile: (280, 507, 3494)
[M::mem_pestat] low and high boundaries for computing mean and std.dev: (1, 9922)
[M::mem_pestat] mean and std.dev: (1842.09, 2462.09)
[M::mem_pestat] low and high boundaries for proper pairs: (1, 13136)
[M::mem_pestat] skip orientation RR as there are not enough pairs
[M::mem_pestat] skip orientation RF
[0000] 10. Calling kt_for - worker_sam
	[0000][ M::mem_process_seqs] Processed 529802 reads in 991.884 CPU sec, 125.100 real sec
[0000] 2. Calling mem_process_seqs.., task: 461
[0000] 3. Calling kt_for - worker_bwt
[0000] read_chunk: 80000000, work_chunk_size: 80000102, nseq: 529802
	[0000][ M::kt_pipeline] read 529802 sequences (80000102 bp)...
[0000] 3. Calling kt_for - worker_aln
Inferring insert size distribution from data, l_pac: 2069526396, n: 529802
[M::mem_pestat] # candidate unique pairs for (FF, FR, RF, RR): (4, 56537, 9, 3)
[M::mem_pestat] skip orientation FF as there are not enough pairs
[M::mem_pestat] analyzing insert size distribution for orientation FR...
[M::mem_pestat] (25, 50, 75) percentile: (227, 296, 392)
[M::mem_pestat] low and high boundaries for computing mean and std.dev: (1, 722)
[M::mem_pestat] mean and std.dev: (316.52, 121.45)
[M::mem_pestat] low and high boundaries for proper pairs: (1, 887)
[M::mem_pestat] skip orientation RF as there are not enough pairs
[M::mem_pestat] skip orientation RR as there are not enough pairs
[0000] 10. Calling kt_for - worker_sam
	[0000][ M::mem_process_seqs] Processed 529802 reads in 998.293 CPU sec, 126.232 real sec
[0000] 2. Calling mem_process_seqs.., task: 462
[0000] 3. Calling kt_for - worker_bwt
[0000] read_chunk: 80000000, work_chunk_size: 80000102, nseq: 529802
	[0000][ M::kt_pipeline] read 529802 sequences (80000102 bp)...
[0000] 3. Calling kt_for - worker_aln
Inferring insert size distribution from data, l_pac: 2069526396, n: 529802
[M::mem_pestat] # candidate unique pairs for (FF, FR, RF, RR): (2, 55955, 11, 4)
[M::mem_pestat] skip orientation FF as there are not enough pairs
[M::mem_pestat] analyzing insert size distribution for orientation FR...
[M::mem_pestat] (25, 50, 75) percentile: (228, 298, 393)
[M::mem_pestat] low and high boundaries for computing mean and std.dev: (1, 723)
[M::mem_pestat] mean and std.dev: (317.83, 120.95)
[M::mem_pestat] low and high boundaries for proper pairs: (1, 888)
[M::mem_pestat] analyzing insert size distribution for orientation RF...
[M::mem_pestat] (25, 50, 75) percentile: (305, 1670, 3489)
[M::mem_pestat] low and high boundaries for computing mean and std.dev: (1, 9857)
[M::mem_pestat] mean and std.dev: (2456.55, 2523.72)
[M::mem_pestat] low and high boundaries for proper pairs: (1, 13041)
[M::mem_pestat] skip orientation RR as there are not enough pairs
[M::mem_pestat] skip orientation RF
[0000] 10. Calling kt_for - worker_sam
	[0000][ M::mem_process_seqs] Processed 529802 reads in 956.582 CPU sec, 120.774 real sec
[0000] 2. Calling mem_process_seqs.., task: 463
[0000] 3. Calling kt_for - worker_bwt
[0000] read_chunk: 80000000, work_chunk_size: 80000102, nseq: 529802
	[0000][ M::kt_pipeline] read 529802 sequences (80000102 bp)...
[0000] 3. Calling kt_for - worker_aln
Inferring insert size distribution from data, l_pac: 2069526396, n: 529802
[M::mem_pestat] # candidate unique pairs for (FF, FR, RF, RR): (1, 56570, 3, 1)
[M::mem_pestat] skip orientation FF as there are not enough pairs
[M::mem_pestat] analyzing insert size distribution for orientation FR...
[M::mem_pestat] (25, 50, 75) percentile: (227, 298, 396)
[M::mem_pestat] low and high boundaries for computing mean and std.dev: (1, 734)
[M::mem_pestat] mean and std.dev: (319.41, 122.91)
[M::mem_pestat] low and high boundaries for proper pairs: (1, 903)
[M::mem_pestat] skip orientation RF as there are not enough pairs
[M::mem_pestat] skip orientation RR as there are not enough pairs
[0000] 10. Calling kt_for - worker_sam
	[0000][ M::mem_process_seqs] Processed 529802 reads in 983.299 CPU sec, 124.230 real sec
[0000] 2. Calling mem_process_seqs.., task: 464
[0000] 3. Calling kt_for - worker_bwt
[0000] read_chunk: 80000000, work_chunk_size: 80000102, nseq: 529802
	[0000][ M::kt_pipeline] read 529802 sequences (80000102 bp)...
[0000] 3. Calling kt_for - worker_aln
Inferring insert size distribution from data, l_pac: 2069526396, n: 529802
[M::mem_pestat] # candidate unique pairs for (FF, FR, RF, RR): (1, 55730, 8, 5)
[M::mem_pestat] skip orientation FF as there are not enough pairs
[M::mem_pestat] analyzing insert size distribution for orientation FR...
[M::mem_pestat] (25, 50, 75) percentile: (226, 296, 391)
[M::mem_pestat] low and high boundaries for computing mean and std.dev: (1, 721)
[M::mem_pestat] mean and std.dev: (316.16, 121.09)
[M::mem_pestat] low and high boundaries for proper pairs: (1, 886)
[M::mem_pestat] skip orientation RF as there are not enough pairs
[M::mem_pestat] skip orientation RR as there are not enough pairs
[0000] 10. Calling kt_for - worker_sam
	[0000][ M::mem_process_seqs] Processed 529802 reads in 970.724 CPU sec, 122.680 real sec
[0000] 2. Calling mem_process_seqs.., task: 465
[0000] 3. Calling kt_for - worker_bwt
[0000] read_chunk: 80000000, work_chunk_size: 80000102, nseq: 529802
	[0000][ M::kt_pipeline] read 529802 sequences (80000102 bp)...
[0000] 3. Calling kt_for - worker_aln
Inferring insert size distribution from data, l_pac: 2069526396, n: 529802
[M::mem_pestat] # candidate unique pairs for (FF, FR, RF, RR): (3, 55920, 10, 2)
[M::mem_pestat] skip orientation FF as there are not enough pairs
[M::mem_pestat] analyzing insert size distribution for orientation FR...
[M::mem_pestat] (25, 50, 75) percentile: (226, 295, 392)
[M::mem_pestat] low and high boundaries for computing mean and std.dev: (1, 724)
[M::mem_pestat] mean and std.dev: (316.26, 121.43)
[M::mem_pestat] low and high boundaries for proper pairs: (1, 890)
[M::mem_pestat] analyzing insert size distribution for orientation RF...
[M::mem_pestat] (25, 50, 75) percentile: (118, 1058, 3817)
[M::mem_pestat] low and high boundaries for computing mean and std.dev: (1, 11215)
[M::mem_pestat] mean and std.dev: (1749.70, 1906.62)
[M::mem_pestat] low and high boundaries for proper pairs: (1, 14914)
[M::mem_pestat] skip orientation RR as there are not enough pairs
[M::mem_pestat] skip orientation RF
[0000] 10. Calling kt_for - worker_sam
	[0000][ M::mem_process_seqs] Processed 529802 reads in 999.472 CPU sec, 126.298 real sec
[0000] 2. Calling mem_process_seqs.., task: 466
[0000] 3. Calling kt_for - worker_bwt
[0000] read_chunk: 80000000, work_chunk_size: 80000102, nseq: 529802
	[0000][ M::kt_pipeline] read 529802 sequences (80000102 bp)...
[0000] 3. Calling kt_for - worker_aln
Inferring insert size distribution from data, l_pac: 2069526396, n: 529802
[M::mem_pestat] # candidate unique pairs for (FF, FR, RF, RR): (2, 56326, 13, 5)
[M::mem_pestat] skip orientation FF as there are not enough pairs
[M::mem_pestat] analyzing insert size distribution for orientation FR...
[M::mem_pestat] (25, 50, 75) percentile: (226, 296, 392)
[M::mem_pestat] low and high boundaries for computing mean and std.dev: (1, 724)
[M::mem_pestat] mean and std.dev: (316.66, 120.83)
[M::mem_pestat] low and high boundaries for proper pairs: (1, 890)
[M::mem_pestat] analyzing insert size distribution for orientation RF...
[M::mem_pestat] (25, 50, 75) percentile: (1116, 1416, 3164)
[M::mem_pestat] low and high boundaries for computing mean and std.dev: (1, 7260)
[M::mem_pestat] mean and std.dev: (2195.92, 1991.48)
[M::mem_pestat] low and high boundaries for proper pairs: (1, 10162)
[M::mem_pestat] skip orientation RR as there are not enough pairs
[M::mem_pestat] skip orientation RF
[0000] 10. Calling kt_for - worker_sam
	[0000][ M::mem_process_seqs] Processed 529802 reads in 995.956 CPU sec, 126.022 real sec
[0000] 2. Calling mem_process_seqs.., task: 467
[0000] 3. Calling kt_for - worker_bwt
[0000] read_chunk: 80000000, work_chunk_size: 80000102, nseq: 529802
	[0000][ M::kt_pipeline] read 529802 sequences (80000102 bp)...
[0000] 3. Calling kt_for - worker_aln
Inferring insert size distribution from data, l_pac: 2069526396, n: 529802
[M::mem_pestat] # candidate unique pairs for (FF, FR, RF, RR): (3, 56276, 6, 1)
[M::mem_pestat] skip orientation FF as there are not enough pairs
[M::mem_pestat] analyzing insert size distribution for orientation FR...
[M::mem_pestat] (25, 50, 75) percentile: (226, 294, 389)
[M::mem_pestat] low and high boundaries for computing mean and std.dev: (1, 715)
[M::mem_pestat] mean and std.dev: (314.38, 119.32)
[M::mem_pestat] low and high boundaries for proper pairs: (1, 878)
[M::mem_pestat] skip orientation RF as there are not enough pairs
[M::mem_pestat] skip orientation RR as there are not enough pairs
[0000] 10. Calling kt_for - worker_sam
	[0000][ M::mem_process_seqs] Processed 529802 reads in 988.498 CPU sec, 124.758 real sec
[0000] 2. Calling mem_process_seqs.., task: 468
[0000] 3. Calling kt_for - worker_bwt
[0000] read_chunk: 80000000, work_chunk_size: 80000102, nseq: 529802
	[0000][ M::kt_pipeline] read 529802 sequences (80000102 bp)...
[0000] 3. Calling kt_for - worker_aln
Inferring insert size distribution from data, l_pac: 2069526396, n: 529802
[M::mem_pestat] # candidate unique pairs for (FF, FR, RF, RR): (3, 55987, 7, 4)
[M::mem_pestat] skip orientation FF as there are not enough pairs
[M::mem_pestat] analyzing insert size distribution for orientation FR...
[M::mem_pestat] (25, 50, 75) percentile: (226, 295, 391)
[M::mem_pestat] low and high boundaries for computing mean and std.dev: (1, 721)
[M::mem_pestat] mean and std.dev: (315.12, 120.12)
[M::mem_pestat] low and high boundaries for proper pairs: (1, 886)
[M::mem_pestat] skip orientation RF as there are not enough pairs
[M::mem_pestat] skip orientation RR as there are not enough pairs
[0000] 10. Calling kt_for - worker_sam
	[0000][ M::mem_process_seqs] Processed 529802 reads in 961.498 CPU sec, 121.449 real sec
[0000] 2. Calling mem_process_seqs.., task: 469
[0000] 3. Calling kt_for - worker_bwt
[0000] read_chunk: 80000000, work_chunk_size: 80000102, nseq: 529802
	[0000][ M::kt_pipeline] read 529802 sequences (80000102 bp)...
[0000] 3. Calling kt_for - worker_aln
Inferring insert size distribution from data, l_pac: 2069526396, n: 529802
[M::mem_pestat] # candidate unique pairs for (FF, FR, RF, RR): (2, 56629, 11, 3)
[M::mem_pestat] skip orientation FF as there are not enough pairs
[M::mem_pestat] analyzing insert size distribution for orientation FR...
[M::mem_pestat] (25, 50, 75) percentile: (225, 295, 390)
[M::mem_pestat] low and high boundaries for computing mean and std.dev: (1, 720)
[M::mem_pestat] mean and std.dev: (315.21, 120.59)
[M::mem_pestat] low and high boundaries for proper pairs: (1, 885)
[M::mem_pestat] analyzing insert size distribution for orientation RF...
[M::mem_pestat] (25, 50, 75) percentile: (1239, 3462, 4546)
[M::mem_pestat] low and high boundaries for computing mean and std.dev: (1, 11160)
[M::mem_pestat] mean and std.dev: (3105.73, 2601.28)
[M::mem_pestat] low and high boundaries for proper pairs: (1, 14467)
[M::mem_pestat] skip orientation RR as there are not enough pairs
[M::mem_pestat] skip orientation RF
[0000] 10. Calling kt_for - worker_sam
	[0000][ M::mem_process_seqs] Processed 529802 reads in 952.520 CPU sec, 120.340 real sec
[0000] 2. Calling mem_process_seqs.., task: 470
[0000] 3. Calling kt_for - worker_bwt
[0000] read_chunk: 80000000, work_chunk_size: 80000102, nseq: 529802
	[0000][ M::kt_pipeline] read 529802 sequences (80000102 bp)...
[0000] 3. Calling kt_for - worker_aln
Inferring insert size distribution from data, l_pac: 2069526396, n: 529802
[M::mem_pestat] # candidate unique pairs for (FF, FR, RF, RR): (3, 55833, 14, 1)
[M::mem_pestat] skip orientation FF as there are not enough pairs
[M::mem_pestat] analyzing insert size distribution for orientation FR...
[M::mem_pestat] (25, 50, 75) percentile: (225, 295, 390)
[M::mem_pestat] low and high boundaries for computing mean and std.dev: (1, 720)
[M::mem_pestat] mean and std.dev: (315.38, 120.58)
[M::mem_pestat] low and high boundaries for proper pairs: (1, 885)
[M::mem_pestat] analyzing insert size distribution for orientation RF...
[M::mem_pestat] (25, 50, 75) percentile: (384, 964, 5559)
[M::mem_pestat] low and high boundaries for computing mean and std.dev: (1, 15909)
[M::mem_pestat] mean and std.dev: (2694.29, 2899.96)
[M::mem_pestat] low and high boundaries for proper pairs: (1, 21084)
[M::mem_pestat] skip orientation RR as there are not enough pairs
[M::mem_pestat] skip orientation RF
[0000] 10. Calling kt_for - worker_sam
	[0000][ M::mem_process_seqs] Processed 529802 reads in 984.009 CPU sec, 124.568 real sec
[0000] 2. Calling mem_process_seqs.., task: 471
[0000] 3. Calling kt_for - worker_bwt
[0000] read_chunk: 80000000, work_chunk_size: 80000102, nseq: 529802
	[0000][ M::kt_pipeline] read 529802 sequences (80000102 bp)...
[0000] 3. Calling kt_for - worker_aln
Inferring insert size distribution from data, l_pac: 2069526396, n: 529802
[M::mem_pestat] # candidate unique pairs for (FF, FR, RF, RR): (1, 55958, 12, 1)
[M::mem_pestat] skip orientation FF as there are not enough pairs
[M::mem_pestat] analyzing insert size distribution for orientation FR...
[M::mem_pestat] (25, 50, 75) percentile: (226, 296, 391)
[M::mem_pestat] low and high boundaries for computing mean and std.dev: (1, 721)
[M::mem_pestat] mean and std.dev: (316.03, 120.21)
[M::mem_pestat] low and high boundaries for proper pairs: (1, 886)
[M::mem_pestat] analyzing insert size distribution for orientation RF...
[M::mem_pestat] (25, 50, 75) percentile: (718, 3683, 5791)
[M::mem_pestat] low and high boundaries for computing mean and std.dev: (1, 15937)
[M::mem_pestat] mean and std.dev: (3344.17, 2980.24)
[M::mem_pestat] low and high boundaries for proper pairs: (1, 21010)
[M::mem_pestat] skip orientation RR as there are not enough pairs
[M::mem_pestat] skip orientation RF
[0000] 10. Calling kt_for - worker_sam
	[0000][ M::mem_process_seqs] Processed 529802 reads in 942.604 CPU sec, 118.893 real sec
[0000] 2. Calling mem_process_seqs.., task: 472
[0000] 3. Calling kt_for - worker_bwt
[0000] read_chunk: 80000000, work_chunk_size: 80000102, nseq: 529802
	[0000][ M::kt_pipeline] read 529802 sequences (80000102 bp)...
[0000] 3. Calling kt_for - worker_aln
Inferring insert size distribution from data, l_pac: 2069526396, n: 529802
[M::mem_pestat] # candidate unique pairs for (FF, FR, RF, RR): (2, 56235, 8, 0)
[M::mem_pestat] skip orientation FF as there are not enough pairs
[M::mem_pestat] analyzing insert size distribution for orientation FR...
[M::mem_pestat] (25, 50, 75) percentile: (227, 297, 393)
[M::mem_pestat] low and high boundaries for computing mean and std.dev: (1, 725)
[M::mem_pestat] mean and std.dev: (317.17, 121.09)
[M::mem_pestat] low and high boundaries for proper pairs: (1, 891)
[M::mem_pestat] skip orientation RF as there are not enough pairs
[M::mem_pestat] skip orientation RR as there are not enough pairs
[0000] 10. Calling kt_for - worker_sam
	[0000][ M::mem_process_seqs] Processed 529802 reads in 989.799 CPU sec, 125.336 real sec
[0000] 2. Calling mem_process_seqs.., task: 473
[0000] 3. Calling kt_for - worker_bwt
[0000] read_chunk: 80000000, work_chunk_size: 80000102, nseq: 529802
	[0000][ M::kt_pipeline] read 529802 sequences (80000102 bp)...
[0000] 3. Calling kt_for - worker_aln
Inferring insert size distribution from data, l_pac: 2069526396, n: 529802
[M::mem_pestat] # candidate unique pairs for (FF, FR, RF, RR): (1, 55719, 18, 3)
[M::mem_pestat] skip orientation FF as there are not enough pairs
[M::mem_pestat] analyzing insert size distribution for orientation FR...
[M::mem_pestat] (25, 50, 75) percentile: (226, 296, 392)
[M::mem_pestat] low and high boundaries for computing mean and std.dev: (1, 724)
[M::mem_pestat] mean and std.dev: (316.35, 120.88)
[M::mem_pestat] low and high boundaries for proper pairs: (1, 890)
[M::mem_pestat] analyzing insert size distribution for orientation RF...
[M::mem_pestat] (25, 50, 75) percentile: (253, 3266, 7255)
[M::mem_pestat] low and high boundaries for computing mean and std.dev: (1, 21259)
[M::mem_pestat] mean and std.dev: (3909.17, 3756.64)
[M::mem_pestat] low and high boundaries for proper pairs: (1, 28261)
[M::mem_pestat] skip orientation RR as there are not enough pairs
[M::mem_pestat] skip orientation RF
[0000] 10. Calling kt_for - worker_sam
	[0000][ M::mem_process_seqs] Processed 529802 reads in 992.959 CPU sec, 125.665 real sec
[0000] 2. Calling mem_process_seqs.., task: 474
[0000] 3. Calling kt_for - worker_bwt
[0000] read_chunk: 80000000, work_chunk_size: 80000102, nseq: 529802
	[0000][ M::kt_pipeline] read 529802 sequences (80000102 bp)...
[0000] 3. Calling kt_for - worker_aln
Inferring insert size distribution from data, l_pac: 2069526396, n: 529802
[M::mem_pestat] # candidate unique pairs for (FF, FR, RF, RR): (1, 55960, 8, 3)
[M::mem_pestat] skip orientation FF as there are not enough pairs
[M::mem_pestat] analyzing insert size distribution for orientation FR...
[M::mem_pestat] (25, 50, 75) percentile: (225, 295, 392)
[M::mem_pestat] low and high boundaries for computing mean and std.dev: (1, 726)
[M::mem_pestat] mean and std.dev: (316.28, 121.79)
[M::mem_pestat] low and high boundaries for proper pairs: (1, 893)
[M::mem_pestat] skip orientation RF as there are not enough pairs
[M::mem_pestat] skip orientation RR as there are not enough pairs
[0000] 10. Calling kt_for - worker_sam
	[0000][ M::mem_process_seqs] Processed 529802 reads in 951.375 CPU sec, 120.106 real sec
[0000] 2. Calling mem_process_seqs.., task: 475
[0000] 3. Calling kt_for - worker_bwt
[0000] read_chunk: 80000000, work_chunk_size: 80000102, nseq: 529802
	[0000][ M::kt_pipeline] read 529802 sequences (80000102 bp)...
[0000] 3. Calling kt_for - worker_aln
Inferring insert size distribution from data, l_pac: 2069526396, n: 529802
[M::mem_pestat] # candidate unique pairs for (FF, FR, RF, RR): (4, 55522, 10, 5)
[M::mem_pestat] skip orientation FF as there are not enough pairs
[M::mem_pestat] analyzing insert size distribution for orientation FR...
[M::mem_pestat] (25, 50, 75) percentile: (226, 296, 391)
[M::mem_pestat] low and high boundaries for computing mean and std.dev: (1, 721)
[M::mem_pestat] mean and std.dev: (315.77, 120.90)
[M::mem_pestat] low and high boundaries for proper pairs: (1, 886)
[M::mem_pestat] analyzing insert size distribution for orientation RF...
[M::mem_pestat] (25, 50, 75) percentile: (179, 773, 1958)
[M::mem_pestat] low and high boundaries for computing mean and std.dev: (1, 5516)
[M::mem_pestat] mean and std.dev: (1217.20, 1294.78)
[M::mem_pestat] low and high boundaries for proper pairs: (1, 7295)
[M::mem_pestat] skip orientation RR as there are not enough pairs
[M::mem_pestat] skip orientation RF
[0000] 10. Calling kt_for - worker_sam
	[0000][ M::mem_process_seqs] Processed 529802 reads in 991.825 CPU sec, 125.465 real sec
[0000] 2. Calling mem_process_seqs.., task: 476
[0000] 3. Calling kt_for - worker_bwt
[0000] read_chunk: 80000000, work_chunk_size: 80000102, nseq: 529802
	[0000][ M::kt_pipeline] read 529802 sequences (80000102 bp)...
[0000] 3. Calling kt_for - worker_aln
Inferring insert size distribution from data, l_pac: 2069526396, n: 529802
[M::mem_pestat] # candidate unique pairs for (FF, FR, RF, RR): (1, 56284, 11, 2)
[M::mem_pestat] skip orientation FF as there are not enough pairs
[M::mem_pestat] analyzing insert size distribution for orientation FR...
[M::mem_pestat] (25, 50, 75) percentile: (226, 294, 391)
[M::mem_pestat] low and high boundaries for computing mean and std.dev: (1, 721)
[M::mem_pestat] mean and std.dev: (315.76, 120.63)
[M::mem_pestat] low and high boundaries for proper pairs: (1, 886)
[M::mem_pestat] analyzing insert size distribution for orientation RF...
[M::mem_pestat] (25, 50, 75) percentile: (973, 2368, 4784)
[M::mem_pestat] low and high boundaries for computing mean and std.dev: (1, 12406)
[M::mem_pestat] mean and std.dev: (2600.09, 2144.85)
[M::mem_pestat] low and high boundaries for proper pairs: (1, 16217)
[M::mem_pestat] skip orientation RR as there are not enough pairs
[M::mem_pestat] skip orientation RF
[0000] 10. Calling kt_for - worker_sam
	[0000][ M::mem_process_seqs] Processed 529802 reads in 983.827 CPU sec, 124.161 real sec
[0000] 2. Calling mem_process_seqs.., task: 477
[0000] 3. Calling kt_for - worker_bwt
[0000] read_chunk: 80000000, work_chunk_size: 80000102, nseq: 529802
	[0000][ M::kt_pipeline] read 529802 sequences (80000102 bp)...
[0000] 3. Calling kt_for - worker_aln
Inferring insert size distribution from data, l_pac: 2069526396, n: 529802
[M::mem_pestat] # candidate unique pairs for (FF, FR, RF, RR): (5, 55643, 8, 2)
[M::mem_pestat] skip orientation FF as there are not enough pairs
[M::mem_pestat] analyzing insert size distribution for orientation FR...
[M::mem_pestat] (25, 50, 75) percentile: (226, 295, 391)
[M::mem_pestat] low and high boundaries for computing mean and std.dev: (1, 721)
[M::mem_pestat] mean and std.dev: (315.72, 120.77)
[M::mem_pestat] low and high boundaries for proper pairs: (1, 886)
[M::mem_pestat] skip orientation RF as there are not enough pairs
[M::mem_pestat] skip orientation RR as there are not enough pairs
[0000] 10. Calling kt_for - worker_sam
	[0000][ M::mem_process_seqs] Processed 529802 reads in 996.206 CPU sec, 125.845 real sec
[0000] 2. Calling mem_process_seqs.., task: 478
[0000] 3. Calling kt_for - worker_bwt
[0000] read_chunk: 80000000, work_chunk_size: 80000102, nseq: 529802
	[0000][ M::kt_pipeline] read 529802 sequences (80000102 bp)...
[0000] 3. Calling kt_for - worker_aln
Inferring insert size distribution from data, l_pac: 2069526396, n: 529802
[M::mem_pestat] # candidate unique pairs for (FF, FR, RF, RR): (1, 56311, 7, 4)
[M::mem_pestat] skip orientation FF as there are not enough pairs
[M::mem_pestat] analyzing insert size distribution for orientation FR...
[M::mem_pestat] (25, 50, 75) percentile: (225, 293, 387)
[M::mem_pestat] low and high boundaries for computing mean and std.dev: (1, 711)
[M::mem_pestat] mean and std.dev: (313.40, 119.04)
[M::mem_pestat] low and high boundaries for proper pairs: (1, 873)
[M::mem_pestat] skip orientation RF as there are not enough pairs
[M::mem_pestat] skip orientation RR as there are not enough pairs
[0000] 10. Calling kt_for - worker_sam
	[0000][ M::mem_process_seqs] Processed 529802 reads in 994.979 CPU sec, 125.718 real sec
[0000] 2. Calling mem_process_seqs.., task: 479
[0000] 3. Calling kt_for - worker_bwt
[0000] read_chunk: 80000000, work_chunk_size: 80000102, nseq: 529802
	[0000][ M::kt_pipeline] read 529802 sequences (80000102 bp)...
[0000] 3. Calling kt_for - worker_aln
Inferring insert size distribution from data, l_pac: 2069526396, n: 529802
[M::mem_pestat] # candidate unique pairs for (FF, FR, RF, RR): (4, 56305, 7, 2)
[M::mem_pestat] skip orientation FF as there are not enough pairs
[M::mem_pestat] analyzing insert size distribution for orientation FR...
[M::mem_pestat] (25, 50, 75) percentile: (224, 292, 387)
[M::mem_pestat] low and high boundaries for computing mean and std.dev: (1, 713)
[M::mem_pestat] mean and std.dev: (312.42, 118.69)
[M::mem_pestat] low and high boundaries for proper pairs: (1, 876)
[M::mem_pestat] skip orientation RF as there are not enough pairs
[M::mem_pestat] skip orientation RR as there are not enough pairs
[0000] 10. Calling kt_for - worker_sam
	[0000][ M::mem_process_seqs] Processed 529802 reads in 994.759 CPU sec, 125.664 real sec
[0000] 2. Calling mem_process_seqs.., task: 480
[0000] 3. Calling kt_for - worker_bwt
[0000] read_chunk: 80000000, work_chunk_size: 80000102, nseq: 529802
	[0000][ M::kt_pipeline] read 529802 sequences (80000102 bp)...
[0000] 3. Calling kt_for - worker_aln
Inferring insert size distribution from data, l_pac: 2069526396, n: 529802
[M::mem_pestat] # candidate unique pairs for (FF, FR, RF, RR): (0, 56543, 12, 7)
[M::mem_pestat] skip orientation FF as there are not enough pairs
[M::mem_pestat] analyzing insert size distribution for orientation FR...
[M::mem_pestat] (25, 50, 75) percentile: (224, 292, 386)
[M::mem_pestat] low and high boundaries for computing mean and std.dev: (1, 710)
[M::mem_pestat] mean and std.dev: (312.18, 118.64)
[M::mem_pestat] low and high boundaries for proper pairs: (1, 872)
[M::mem_pestat] analyzing insert size distribution for orientation RF...
[M::mem_pestat] (25, 50, 75) percentile: (1103, 5978, 6876)
[M::mem_pestat] low and high boundaries for computing mean and std.dev: (1, 18422)
[M::mem_pestat] mean and std.dev: (4480.42, 2940.60)
[M::mem_pestat] low and high boundaries for proper pairs: (1, 24195)
[M::mem_pestat] skip orientation RR as there are not enough pairs
[M::mem_pestat] skip orientation RF
[0000] 10. Calling kt_for - worker_sam
	[0000][ M::mem_process_seqs] Processed 529802 reads in 1034.196 CPU sec, 130.999 real sec
[0000] 2. Calling mem_process_seqs.., task: 481
[0000] 3. Calling kt_for - worker_bwt
[0000] read_chunk: 80000000, work_chunk_size: 80000102, nseq: 529802
	[0000][ M::kt_pipeline] read 529802 sequences (80000102 bp)...
[0000] 3. Calling kt_for - worker_aln
Inferring insert size distribution from data, l_pac: 2069526396, n: 529802
[M::mem_pestat] # candidate unique pairs for (FF, FR, RF, RR): (1, 55912, 4, 1)
[M::mem_pestat] skip orientation FF as there are not enough pairs
[M::mem_pestat] analyzing insert size distribution for orientation FR...
[M::mem_pestat] (25, 50, 75) percentile: (224, 293, 386)
[M::mem_pestat] low and high boundaries for computing mean and std.dev: (1, 710)
[M::mem_pestat] mean and std.dev: (312.60, 118.72)
[M::mem_pestat] low and high boundaries for proper pairs: (1, 872)
[M::mem_pestat] skip orientation RF as there are not enough pairs
[M::mem_pestat] skip orientation RR as there are not enough pairs
[0000] 10. Calling kt_for - worker_sam
	[0000][ M::mem_process_seqs] Processed 529802 reads in 985.208 CPU sec, 124.453 real sec
[0000] 2. Calling mem_process_seqs.., task: 482
[0000] 3. Calling kt_for - worker_bwt
[0000] read_chunk: 80000000, work_chunk_size: 80000102, nseq: 529802
	[0000][ M::kt_pipeline] read 529802 sequences (80000102 bp)...
[0000] 3. Calling kt_for - worker_aln
Inferring insert size distribution from data, l_pac: 2069526396, n: 529802
[M::mem_pestat] # candidate unique pairs for (FF, FR, RF, RR): (0, 56425, 6, 4)
[M::mem_pestat] skip orientation FF as there are not enough pairs
[M::mem_pestat] analyzing insert size distribution for orientation FR...
[M::mem_pestat] (25, 50, 75) percentile: (224, 291, 383)
[M::mem_pestat] low and high boundaries for computing mean and std.dev: (1, 701)
[M::mem_pestat] mean and std.dev: (310.12, 116.09)
[M::mem_pestat] low and high boundaries for proper pairs: (1, 860)
[M::mem_pestat] skip orientation RF as there are not enough pairs
[M::mem_pestat] skip orientation RR as there are not enough pairs
[0000] 10. Calling kt_for - worker_sam
	[0000][ M::mem_process_seqs] Processed 529802 reads in 984.575 CPU sec, 124.347 real sec
[0000] 2. Calling mem_process_seqs.., task: 483
[0000] 3. Calling kt_for - worker_bwt
[0000] read_chunk: 80000000, work_chunk_size: 80000102, nseq: 529802
	[0000][ M::kt_pipeline] read 529802 sequences (80000102 bp)...
[0000] 3. Calling kt_for - worker_aln
Inferring insert size distribution from data, l_pac: 2069526396, n: 529802
[M::mem_pestat] # candidate unique pairs for (FF, FR, RF, RR): (4, 56504, 8, 1)
[M::mem_pestat] skip orientation FF as there are not enough pairs
[M::mem_pestat] analyzing insert size distribution for orientation FR...
[M::mem_pestat] (25, 50, 75) percentile: (223, 292, 385)
[M::mem_pestat] low and high boundaries for computing mean and std.dev: (1, 709)
[M::mem_pestat] mean and std.dev: (311.56, 118.47)
[M::mem_pestat] low and high boundaries for proper pairs: (1, 871)
[M::mem_pestat] skip orientation RF as there are not enough pairs
[M::mem_pestat] skip orientation RR as there are not enough pairs
[0000] 10. Calling kt_for - worker_sam
	[0000][ M::mem_process_seqs] Processed 529802 reads in 992.921 CPU sec, 125.466 real sec
[0000] 2. Calling mem_process_seqs.., task: 484
[0000] 3. Calling kt_for - worker_bwt
[0000] read_chunk: 80000000, work_chunk_size: 80000102, nseq: 529802
	[0000][ M::kt_pipeline] read 529802 sequences (80000102 bp)...
[0000] 3. Calling kt_for - worker_aln
Inferring insert size distribution from data, l_pac: 2069526396, n: 529802
[M::mem_pestat] # candidate unique pairs for (FF, FR, RF, RR): (0, 56498, 8, 2)
[M::mem_pestat] skip orientation FF as there are not enough pairs
[M::mem_pestat] analyzing insert size distribution for orientation FR...
[M::mem_pestat] (25, 50, 75) percentile: (224, 291, 384)
[M::mem_pestat] low and high boundaries for computing mean and std.dev: (1, 704)
[M::mem_pestat] mean and std.dev: (310.55, 116.58)
[M::mem_pestat] low and high boundaries for proper pairs: (1, 864)
[M::mem_pestat] skip orientation RF as there are not enough pairs
[M::mem_pestat] skip orientation RR as there are not enough pairs
[0000] 10. Calling kt_for - worker_sam
	[0000][ M::mem_process_seqs] Processed 529802 reads in 1000.041 CPU sec, 126.490 real sec
[0000] 2. Calling mem_process_seqs.., task: 485
[0000] 3. Calling kt_for - worker_bwt
[0000] read_chunk: 80000000, work_chunk_size: 80000102, nseq: 529802
	[0000][ M::kt_pipeline] read 529802 sequences (80000102 bp)...
[0000] 3. Calling kt_for - worker_aln
Inferring insert size distribution from data, l_pac: 2069526396, n: 529802
[M::mem_pestat] # candidate unique pairs for (FF, FR, RF, RR): (4, 56125, 5, 5)
[M::mem_pestat] skip orientation FF as there are not enough pairs
[M::mem_pestat] analyzing insert size distribution for orientation FR...
[M::mem_pestat] (25, 50, 75) percentile: (224, 291, 384)
[M::mem_pestat] low and high boundaries for computing mean and std.dev: (1, 704)
[M::mem_pestat] mean and std.dev: (311.29, 117.54)
[M::mem_pestat] low and high boundaries for proper pairs: (1, 864)
[M::mem_pestat] skip orientation RF as there are not enough pairs
[M::mem_pestat] skip orientation RR as there are not enough pairs
[0000] 10. Calling kt_for - worker_sam
	[0000][ M::mem_process_seqs] Processed 529802 reads in 969.975 CPU sec, 122.480 real sec
[0000] 2. Calling mem_process_seqs.., task: 486
[0000] 3. Calling kt_for - worker_bwt
[0000] read_chunk: 80000000, work_chunk_size: 80000102, nseq: 529802
	[0000][ M::kt_pipeline] read 529802 sequences (80000102 bp)...
[0000] 3. Calling kt_for - worker_aln
Inferring insert size distribution from data, l_pac: 2069526396, n: 529802
[M::mem_pestat] # candidate unique pairs for (FF, FR, RF, RR): (4, 56497, 3, 1)
[M::mem_pestat] skip orientation FF as there are not enough pairs
[M::mem_pestat] analyzing insert size distribution for orientation FR...
[M::mem_pestat] (25, 50, 75) percentile: (224, 292, 384)
[M::mem_pestat] low and high boundaries for computing mean and std.dev: (1, 704)
[M::mem_pestat] mean and std.dev: (311.11, 116.82)
[M::mem_pestat] low and high boundaries for proper pairs: (1, 864)
[M::mem_pestat] skip orientation RF as there are not enough pairs
[M::mem_pestat] skip orientation RR as there are not enough pairs
[0000] 10. Calling kt_for - worker_sam
	[0000][ M::mem_process_seqs] Processed 529802 reads in 967.366 CPU sec, 122.152 real sec
[0000] 2. Calling mem_process_seqs.., task: 487
[0000] 3. Calling kt_for - worker_bwt
[0000] read_chunk: 80000000, work_chunk_size: 80000102, nseq: 529802
	[0000][ M::kt_pipeline] read 529802 sequences (80000102 bp)...
[0000] 3. Calling kt_for - worker_aln
Inferring insert size distribution from data, l_pac: 2069526396, n: 529802
[M::mem_pestat] # candidate unique pairs for (FF, FR, RF, RR): (2, 55924, 5, 0)
[M::mem_pestat] skip orientation FF as there are not enough pairs
[M::mem_pestat] analyzing insert size distribution for orientation FR...
[M::mem_pestat] (25, 50, 75) percentile: (225, 292, 382)
[M::mem_pestat] low and high boundaries for computing mean and std.dev: (1, 696)
[M::mem_pestat] mean and std.dev: (310.65, 116.28)
[M::mem_pestat] low and high boundaries for proper pairs: (1, 853)
[M::mem_pestat] skip orientation RF as there are not enough pairs
[M::mem_pestat] skip orientation RR as there are not enough pairs
[0000] 10. Calling kt_for - worker_sam
	[0000][ M::mem_process_seqs] Processed 529802 reads in 986.377 CPU sec, 124.543 real sec
[0000] 2. Calling mem_process_seqs.., task: 488
[0000] 3. Calling kt_for - worker_bwt
[0000] read_chunk: 80000000, work_chunk_size: 80000102, nseq: 529802
	[0000][ M::kt_pipeline] read 529802 sequences (80000102 bp)...
[0000] 3. Calling kt_for - worker_aln
Inferring insert size distribution from data, l_pac: 2069526396, n: 529802
[M::mem_pestat] # candidate unique pairs for (FF, FR, RF, RR): (0, 56114, 7, 1)
[M::mem_pestat] skip orientation FF as there are not enough pairs
[M::mem_pestat] analyzing insert size distribution for orientation FR...
[M::mem_pestat] (25, 50, 75) percentile: (224, 292, 385)
[M::mem_pestat] low and high boundaries for computing mean and std.dev: (1, 707)
[M::mem_pestat] mean and std.dev: (311.51, 117.88)
[M::mem_pestat] low and high boundaries for proper pairs: (1, 868)
[M::mem_pestat] skip orientation RF as there are not enough pairs
[M::mem_pestat] skip orientation RR as there are not enough pairs
[0000] 10. Calling kt_for - worker_sam
	[0000][ M::mem_process_seqs] Processed 529802 reads in 958.039 CPU sec, 120.841 real sec
[0000] 2. Calling mem_process_seqs.., task: 489
[0000] 3. Calling kt_for - worker_bwt
[0000] read_chunk: 80000000, work_chunk_size: 80000102, nseq: 529802
	[0000][ M::kt_pipeline] read 529802 sequences (80000102 bp)...
[0000] 3. Calling kt_for - worker_aln
Inferring insert size distribution from data, l_pac: 2069526396, n: 529802
[M::mem_pestat] # candidate unique pairs for (FF, FR, RF, RR): (2, 55957, 6, 3)
[M::mem_pestat] skip orientation FF as there are not enough pairs
[M::mem_pestat] analyzing insert size distribution for orientation FR...
[M::mem_pestat] (25, 50, 75) percentile: (225, 291, 385)
[M::mem_pestat] low and high boundaries for computing mean and std.dev: (1, 705)
[M::mem_pestat] mean and std.dev: (311.59, 117.56)
[M::mem_pestat] low and high boundaries for proper pairs: (1, 865)
[M::mem_pestat] skip orientation RF as there are not enough pairs
[M::mem_pestat] skip orientation RR as there are not enough pairs
[0000] 10. Calling kt_for - worker_sam
	[0000][ M::mem_process_seqs] Processed 529802 reads in 963.053 CPU sec, 121.706 real sec
[0000] 2. Calling mem_process_seqs.., task: 490
[0000] 3. Calling kt_for - worker_bwt
[0000] read_chunk: 80000000, work_chunk_size: 80000102, nseq: 529802
	[0000][ M::kt_pipeline] read 529802 sequences (80000102 bp)...
[0000] 3. Calling kt_for - worker_aln
Inferring insert size distribution from data, l_pac: 2069526396, n: 529802
[M::mem_pestat] # candidate unique pairs for (FF, FR, RF, RR): (3, 56177, 5, 5)
[M::mem_pestat] skip orientation FF as there are not enough pairs
[M::mem_pestat] analyzing insert size distribution for orientation FR...
[M::mem_pestat] (25, 50, 75) percentile: (225, 292, 384)
[M::mem_pestat] low and high boundaries for computing mean and std.dev: (1, 702)
[M::mem_pestat] mean and std.dev: (311.30, 116.92)
[M::mem_pestat] low and high boundaries for proper pairs: (1, 861)
[M::mem_pestat] skip orientation RF as there are not enough pairs
[M::mem_pestat] skip orientation RR as there are not enough pairs
[0000] 10. Calling kt_for - worker_sam
	[0000][ M::mem_process_seqs] Processed 529802 reads in 978.525 CPU sec, 123.538 real sec
[0000] 2. Calling mem_process_seqs.., task: 491
[0000] 3. Calling kt_for - worker_bwt
[0000] read_chunk: 80000000, work_chunk_size: 80000102, nseq: 529802
	[0000][ M::kt_pipeline] read 529802 sequences (80000102 bp)...
[0000] 3. Calling kt_for - worker_aln
Inferring insert size distribution from data, l_pac: 2069526396, n: 529802
[M::mem_pestat] # candidate unique pairs for (FF, FR, RF, RR): (3, 56229, 5, 5)
[M::mem_pestat] skip orientation FF as there are not enough pairs
[M::mem_pestat] analyzing insert size distribution for orientation FR...
[M::mem_pestat] (25, 50, 75) percentile: (224, 291, 383)
[M::mem_pestat] low and high boundaries for computing mean and std.dev: (1, 701)
[M::mem_pestat] mean and std.dev: (310.61, 117.04)
[M::mem_pestat] low and high boundaries for proper pairs: (1, 860)
[M::mem_pestat] skip orientation RF as there are not enough pairs
[M::mem_pestat] skip orientation RR as there are not enough pairs
[0000] 10. Calling kt_for - worker_sam
	[0000][ M::mem_process_seqs] Processed 529802 reads in 977.859 CPU sec, 123.519 real sec
[0000] 2. Calling mem_process_seqs.., task: 492
[0000] 3. Calling kt_for - worker_bwt
[0000] read_chunk: 80000000, work_chunk_size: 80000102, nseq: 529802
	[0000][ M::kt_pipeline] read 529802 sequences (80000102 bp)...
[0000] 3. Calling kt_for - worker_aln
Inferring insert size distribution from data, l_pac: 2069526396, n: 529802
[M::mem_pestat] # candidate unique pairs for (FF, FR, RF, RR): (6, 56222, 7, 3)
[M::mem_pestat] skip orientation FF as there are not enough pairs
[M::mem_pestat] analyzing insert size distribution for orientation FR...
[M::mem_pestat] (25, 50, 75) percentile: (224, 291, 384)
[M::mem_pestat] low and high boundaries for computing mean and std.dev: (1, 704)
[M::mem_pestat] mean and std.dev: (310.96, 117.27)
[M::mem_pestat] low and high boundaries for proper pairs: (1, 864)
[M::mem_pestat] skip orientation RF as there are not enough pairs
[M::mem_pestat] skip orientation RR as there are not enough pairs
[0000] 10. Calling kt_for - worker_sam
	[0000][ M::mem_process_seqs] Processed 529802 reads in 960.483 CPU sec, 121.253 real sec
[0000] 2. Calling mem_process_seqs.., task: 493
[0000] 3. Calling kt_for - worker_bwt
[0000] read_chunk: 80000000, work_chunk_size: 80000102, nseq: 529802
	[0000][ M::kt_pipeline] read 529802 sequences (80000102 bp)...
[0000] 3. Calling kt_for - worker_aln
Inferring insert size distribution from data, l_pac: 2069526396, n: 529802
[M::mem_pestat] # candidate unique pairs for (FF, FR, RF, RR): (0, 56201, 15, 1)
[M::mem_pestat] skip orientation FF as there are not enough pairs
[M::mem_pestat] analyzing insert size distribution for orientation FR...
[M::mem_pestat] (25, 50, 75) percentile: (225, 293, 386)
[M::mem_pestat] low and high boundaries for computing mean and std.dev: (1, 708)
[M::mem_pestat] mean and std.dev: (312.64, 118.30)
[M::mem_pestat] low and high boundaries for proper pairs: (1, 869)
[M::mem_pestat] analyzing insert size distribution for orientation RF...
[M::mem_pestat] (25, 50, 75) percentile: (1514, 2409, 8078)
[M::mem_pestat] low and high boundaries for computing mean and std.dev: (1, 21206)
[M::mem_pestat] mean and std.dev: (4203.40, 3610.96)
[M::mem_pestat] low and high boundaries for proper pairs: (1, 27770)
[M::mem_pestat] skip orientation RR as there are not enough pairs
[M::mem_pestat] skip orientation RF
[0000] 10. Calling kt_for - worker_sam
	[0000][ M::mem_process_seqs] Processed 529802 reads in 958.208 CPU sec, 121.031 real sec
[0000] 2. Calling mem_process_seqs.., task: 494
[0000] 3. Calling kt_for - worker_bwt
[0000] read_chunk: 80000000, work_chunk_size: 80000102, nseq: 529802
	[0000][ M::kt_pipeline] read 529802 sequences (80000102 bp)...
[0000] 3. Calling kt_for - worker_aln
Inferring insert size distribution from data, l_pac: 2069526396, n: 529802
[M::mem_pestat] # candidate unique pairs for (FF, FR, RF, RR): (3, 56033, 9, 4)
[M::mem_pestat] skip orientation FF as there are not enough pairs
[M::mem_pestat] analyzing insert size distribution for orientation FR...
[M::mem_pestat] (25, 50, 75) percentile: (225, 293, 388)
[M::mem_pestat] low and high boundaries for computing mean and std.dev: (1, 714)
[M::mem_pestat] mean and std.dev: (313.79, 119.63)
[M::mem_pestat] low and high boundaries for proper pairs: (1, 877)
[M::mem_pestat] skip orientation RF as there are not enough pairs
[M::mem_pestat] skip orientation RR as there are not enough pairs
[0000] 10. Calling kt_for - worker_sam
	[0000][ M::mem_process_seqs] Processed 529802 reads in 972.331 CPU sec, 122.932 real sec
[0000] 2. Calling mem_process_seqs.., task: 495
[0000] 3. Calling kt_for - worker_bwt
[0000] read_chunk: 80000000, work_chunk_size: 80000102, nseq: 529802
	[0000][ M::kt_pipeline] read 529802 sequences (80000102 bp)...
[0000] 3. Calling kt_for - worker_aln
Inferring insert size distribution from data, l_pac: 2069526396, n: 529802
[M::mem_pestat] # candidate unique pairs for (FF, FR, RF, RR): (2, 56302, 8, 3)
[M::mem_pestat] skip orientation FF as there are not enough pairs
[M::mem_pestat] analyzing insert size distribution for orientation FR...
[M::mem_pestat] (25, 50, 75) percentile: (225, 293, 387)
[M::mem_pestat] low and high boundaries for computing mean and std.dev: (1, 711)
[M::mem_pestat] mean and std.dev: (313.26, 118.95)
[M::mem_pestat] low and high boundaries for proper pairs: (1, 873)
[M::mem_pestat] skip orientation RF as there are not enough pairs
[M::mem_pestat] skip orientation RR as there are not enough pairs
[0000] 10. Calling kt_for - worker_sam
	[0000][ M::mem_process_seqs] Processed 529802 reads in 987.794 CPU sec, 124.911 real sec
[0000] 2. Calling mem_process_seqs.., task: 496
[0000] 3. Calling kt_for - worker_bwt
[0000] read_chunk: 80000000, work_chunk_size: 80000102, nseq: 529802
	[0000][ M::kt_pipeline] read 529802 sequences (80000102 bp)...
[0000] 3. Calling kt_for - worker_aln
Inferring insert size distribution from data, l_pac: 2069526396, n: 529802
[M::mem_pestat] # candidate unique pairs for (FF, FR, RF, RR): (3, 56364, 7, 3)
[M::mem_pestat] skip orientation FF as there are not enough pairs
[M::mem_pestat] analyzing insert size distribution for orientation FR...
[M::mem_pestat] (25, 50, 75) percentile: (224, 292, 384)
[M::mem_pestat] low and high boundaries for computing mean and std.dev: (1, 704)
[M::mem_pestat] mean and std.dev: (311.10, 117.76)
[M::mem_pestat] low and high boundaries for proper pairs: (1, 864)
[M::mem_pestat] skip orientation RF as there are not enough pairs
[M::mem_pestat] skip orientation RR as there are not enough pairs
[0000] 10. Calling kt_for - worker_sam
	[0000][ M::mem_process_seqs] Processed 529802 reads in 1003.597 CPU sec, 126.792 real sec
[0000] 2. Calling mem_process_seqs.., task: 497
[0000] 3. Calling kt_for - worker_bwt
[0000] read_chunk: 80000000, work_chunk_size: 80000102, nseq: 529802
	[0000][ M::kt_pipeline] read 529802 sequences (80000102 bp)...
[0000] 3. Calling kt_for - worker_aln
Inferring insert size distribution from data, l_pac: 2069526396, n: 529802
[M::mem_pestat] # candidate unique pairs for (FF, FR, RF, RR): (0, 56217, 15, 2)
[M::mem_pestat] skip orientation FF as there are not enough pairs
[M::mem_pestat] analyzing insert size distribution for orientation FR...
[M::mem_pestat] (25, 50, 75) percentile: (222, 290, 384)
[M::mem_pestat] low and high boundaries for computing mean and std.dev: (1, 708)
[M::mem_pestat] mean and std.dev: (310.25, 117.65)
[M::mem_pestat] low and high boundaries for proper pairs: (1, 870)
[M::mem_pestat] analyzing insert size distribution for orientation RF...
[M::mem_pestat] (25, 50, 75) percentile: (357, 1928, 5718)
[M::mem_pestat] low and high boundaries for computing mean and std.dev: (1, 16440)
[M::mem_pestat] mean and std.dev: (3119.67, 3217.79)
[M::mem_pestat] low and high boundaries for proper pairs: (1, 21801)
[M::mem_pestat] skip orientation RR as there are not enough pairs
[M::mem_pestat] skip orientation RF
[0000] 10. Calling kt_for - worker_sam
	[0000][ M::mem_process_seqs] Processed 529802 reads in 1012.428 CPU sec, 127.839 real sec
[0000] 2. Calling mem_process_seqs.., task: 498
[0000] 3. Calling kt_for - worker_bwt
[0000] read_chunk: 80000000, work_chunk_size: 80000102, nseq: 529802
	[0000][ M::kt_pipeline] read 529802 sequences (80000102 bp)...
[0000] 3. Calling kt_for - worker_aln
Inferring insert size distribution from data, l_pac: 2069526396, n: 529802
[M::mem_pestat] # candidate unique pairs for (FF, FR, RF, RR): (2, 56543, 5, 1)
[M::mem_pestat] skip orientation FF as there are not enough pairs
[M::mem_pestat] analyzing insert size distribution for orientation FR...
[M::mem_pestat] (25, 50, 75) percentile: (223, 291, 385)
[M::mem_pestat] low and high boundaries for computing mean and std.dev: (1, 709)
[M::mem_pestat] mean and std.dev: (311.43, 118.39)
[M::mem_pestat] low and high boundaries for proper pairs: (1, 871)
[M::mem_pestat] skip orientation RF as there are not enough pairs
[M::mem_pestat] skip orientation RR as there are not enough pairs
[0000] 10. Calling kt_for - worker_sam
	[0000][ M::mem_process_seqs] Processed 529802 reads in 1001.458 CPU sec, 126.584 real sec
[0000] 2. Calling mem_process_seqs.., task: 499
[0000] 3. Calling kt_for - worker_bwt
[0000] read_chunk: 80000000, work_chunk_size: 80000102, nseq: 529802
	[0000][ M::kt_pipeline] read 529802 sequences (80000102 bp)...
[0000] 3. Calling kt_for - worker_aln
Inferring insert size distribution from data, l_pac: 2069526396, n: 529802
[M::mem_pestat] # candidate unique pairs for (FF, FR, RF, RR): (2, 55799, 5, 3)
[M::mem_pestat] skip orientation FF as there are not enough pairs
[M::mem_pestat] analyzing insert size distribution for orientation FR...
[M::mem_pestat] (25, 50, 75) percentile: (225, 293, 384)
[M::mem_pestat] low and high boundaries for computing mean and std.dev: (1, 702)
[M::mem_pestat] mean and std.dev: (311.97, 116.85)
[M::mem_pestat] low and high boundaries for proper pairs: (1, 861)
[M::mem_pestat] skip orientation RF as there are not enough pairs
[M::mem_pestat] skip orientation RR as there are not enough pairs
[0000] 10. Calling kt_for - worker_sam
	[0000][ M::mem_process_seqs] Processed 529802 reads in 1027.599 CPU sec, 129.937 real sec
[0000] 2. Calling mem_process_seqs.., task: 500
[0000] 3. Calling kt_for - worker_bwt
[0000] read_chunk: 80000000, work_chunk_size: 80000102, nseq: 529802
	[0000][ M::kt_pipeline] read 529802 sequences (80000102 bp)...
[0000] 3. Calling kt_for - worker_aln
Inferring insert size distribution from data, l_pac: 2069526396, n: 529802
[M::mem_pestat] # candidate unique pairs for (FF, FR, RF, RR): (2, 56326, 3, 1)
[M::mem_pestat] skip orientation FF as there are not enough pairs
[M::mem_pestat] analyzing insert size distribution for orientation FR...
[M::mem_pestat] (25, 50, 75) percentile: (225, 293, 386)
[M::mem_pestat] low and high boundaries for computing mean and std.dev: (1, 708)
[M::mem_pestat] mean and std.dev: (312.91, 117.82)
[M::mem_pestat] low and high boundaries for proper pairs: (1, 869)
[M::mem_pestat] skip orientation RF as there are not enough pairs
[M::mem_pestat] skip orientation RR as there are not enough pairs
[0000] 10. Calling kt_for - worker_sam
	[0000][ M::mem_process_seqs] Processed 529802 reads in 1008.934 CPU sec, 127.391 real sec
[0000] 2. Calling mem_process_seqs.., task: 501
[0000] 3. Calling kt_for - worker_bwt
[0000] read_chunk: 80000000, work_chunk_size: 80000102, nseq: 529802
	[0000][ M::kt_pipeline] read 529802 sequences (80000102 bp)...
[0000] 3. Calling kt_for - worker_aln
Inferring insert size distribution from data, l_pac: 2069526396, n: 529802
[M::mem_pestat] # candidate unique pairs for (FF, FR, RF, RR): (3, 55894, 7, 1)
[M::mem_pestat] skip orientation FF as there are not enough pairs
[M::mem_pestat] analyzing insert size distribution for orientation FR...
[M::mem_pestat] (25, 50, 75) percentile: (225, 293, 386)
[M::mem_pestat] low and high boundaries for computing mean and std.dev: (1, 708)
[M::mem_pestat] mean and std.dev: (313.09, 118.35)
[M::mem_pestat] low and high boundaries for proper pairs: (1, 869)
[M::mem_pestat] skip orientation RF as there are not enough pairs
[M::mem_pestat] skip orientation RR as there are not enough pairs
[0000] 10. Calling kt_for - worker_sam
	[0000][ M::mem_process_seqs] Processed 529802 reads in 985.827 CPU sec, 124.468 real sec
[0000] 2. Calling mem_process_seqs.., task: 502
[0000] 3. Calling kt_for - worker_bwt
[0000] read_chunk: 80000000, work_chunk_size: 80000102, nseq: 529802
	[0000][ M::kt_pipeline] read 529802 sequences (80000102 bp)...
[0000] 3. Calling kt_for - worker_aln
Inferring insert size distribution from data, l_pac: 2069526396, n: 529802
[M::mem_pestat] # candidate unique pairs for (FF, FR, RF, RR): (0, 55977, 7, 7)
[M::mem_pestat] skip orientation FF as there are not enough pairs
[M::mem_pestat] analyzing insert size distribution for orientation FR...
[M::mem_pestat] (25, 50, 75) percentile: (225, 293, 387)
[M::mem_pestat] low and high boundaries for computing mean and std.dev: (1, 711)
[M::mem_pestat] mean and std.dev: (312.87, 118.06)
[M::mem_pestat] low and high boundaries for proper pairs: (1, 873)
[M::mem_pestat] skip orientation RF as there are not enough pairs
[M::mem_pestat] skip orientation RR as there are not enough pairs
[0000] 10. Calling kt_for - worker_sam
	[0000][ M::mem_process_seqs] Processed 529802 reads in 973.127 CPU sec, 122.801 real sec
[0000] 2. Calling mem_process_seqs.., task: 503
[0000] 3. Calling kt_for - worker_bwt
[0000] read_chunk: 80000000, work_chunk_size: 80000102, nseq: 529802
	[0000][ M::kt_pipeline] read 529802 sequences (80000102 bp)...
[0000] 3. Calling kt_for - worker_aln
Inferring insert size distribution from data, l_pac: 2069526396, n: 529802
[M::mem_pestat] # candidate unique pairs for (FF, FR, RF, RR): (3, 56108, 9, 0)
[M::mem_pestat] skip orientation FF as there are not enough pairs
[M::mem_pestat] analyzing insert size distribution for orientation FR...
[M::mem_pestat] (25, 50, 75) percentile: (225, 291, 384)
[M::mem_pestat] low and high boundaries for computing mean and std.dev: (1, 702)
[M::mem_pestat] mean and std.dev: (311.39, 117.25)
[M::mem_pestat] low and high boundaries for proper pairs: (1, 861)
[M::mem_pestat] skip orientation RF as there are not enough pairs
[M::mem_pestat] skip orientation RR as there are not enough pairs
[0000] 10. Calling kt_for - worker_sam
	[0000][ M::mem_process_seqs] Processed 529802 reads in 950.111 CPU sec, 119.934 real sec
[0000] 2. Calling mem_process_seqs.., task: 504
[0000] 3. Calling kt_for - worker_bwt
[0000] read_chunk: 80000000, work_chunk_size: 80000102, nseq: 529802
	[0000][ M::kt_pipeline] read 529802 sequences (80000102 bp)...
[0000] 3. Calling kt_for - worker_aln
Inferring insert size distribution from data, l_pac: 2069526396, n: 529802
[M::mem_pestat] # candidate unique pairs for (FF, FR, RF, RR): (4, 56157, 7, 1)
[M::mem_pestat] skip orientation FF as there are not enough pairs
[M::mem_pestat] analyzing insert size distribution for orientation FR...
[M::mem_pestat] (25, 50, 75) percentile: (225, 294, 385)
[M::mem_pestat] low and high boundaries for computing mean and std.dev: (1, 705)
[M::mem_pestat] mean and std.dev: (312.39, 117.29)
[M::mem_pestat] low and high boundaries for proper pairs: (1, 865)
[M::mem_pestat] skip orientation RF as there are not enough pairs
[M::mem_pestat] skip orientation RR as there are not enough pairs
[0000] 10. Calling kt_for - worker_sam
	[0000][ M::mem_process_seqs] Processed 529802 reads in 955.094 CPU sec, 120.492 real sec
[0000] 2. Calling mem_process_seqs.., task: 505
[0000] 3. Calling kt_for - worker_bwt
[0000] read_chunk: 80000000, work_chunk_size: 80000102, nseq: 529802
	[0000][ M::kt_pipeline] read 529802 sequences (80000102 bp)...
[0000] 3. Calling kt_for - worker_aln
Inferring insert size distribution from data, l_pac: 2069526396, n: 529802
[M::mem_pestat] # candidate unique pairs for (FF, FR, RF, RR): (2, 55971, 10, 5)
[M::mem_pestat] skip orientation FF as there are not enough pairs
[M::mem_pestat] analyzing insert size distribution for orientation FR...
[M::mem_pestat] (25, 50, 75) percentile: (224, 293, 386)
[M::mem_pestat] low and high boundaries for computing mean and std.dev: (1, 710)
[M::mem_pestat] mean and std.dev: (312.88, 118.76)
[M::mem_pestat] low and high boundaries for proper pairs: (1, 872)
[M::mem_pestat] analyzing insert size distribution for orientation RF...
[M::mem_pestat] (25, 50, 75) percentile: (36, 1467, 1968)
[M::mem_pestat] low and high boundaries for computing mean and std.dev: (1, 5832)
[M::mem_pestat] mean and std.dev: (1254.20, 1255.98)
[M::mem_pestat] low and high boundaries for proper pairs: (1, 7764)
[M::mem_pestat] skip orientation RR as there are not enough pairs
[M::mem_pestat] skip orientation RF
[0000] 10. Calling kt_for - worker_sam
	[0000][ M::mem_process_seqs] Processed 529802 reads in 937.753 CPU sec, 118.232 real sec
[0000] 2. Calling mem_process_seqs.., task: 506
[0000] 3. Calling kt_for - worker_bwt
[0000] read_chunk: 80000000, work_chunk_size: 80000102, nseq: 529802
	[0000][ M::kt_pipeline] read 529802 sequences (80000102 bp)...
[0000] 3. Calling kt_for - worker_aln
Inferring insert size distribution from data, l_pac: 2069526396, n: 529802
[M::mem_pestat] # candidate unique pairs for (FF, FR, RF, RR): (5, 56168, 8, 3)
[M::mem_pestat] skip orientation FF as there are not enough pairs
[M::mem_pestat] analyzing insert size distribution for orientation FR...
[M::mem_pestat] (25, 50, 75) percentile: (224, 292, 385)
[M::mem_pestat] low and high boundaries for computing mean and std.dev: (1, 707)
[M::mem_pestat] mean and std.dev: (311.52, 117.83)
[M::mem_pestat] low and high boundaries for proper pairs: (1, 868)
[M::mem_pestat] skip orientation RF as there are not enough pairs
[M::mem_pestat] skip orientation RR as there are not enough pairs
[0000] 10. Calling kt_for - worker_sam
	[0000][ M::mem_process_seqs] Processed 529802 reads in 960.895 CPU sec, 121.415 real sec
[0000] 2. Calling mem_process_seqs.., task: 507
[0000] 3. Calling kt_for - worker_bwt
[0000] read_chunk: 80000000, work_chunk_size: 80000102, nseq: 529802
	[0000][ M::kt_pipeline] read 529802 sequences (80000102 bp)...
[0000] 3. Calling kt_for - worker_aln
Inferring insert size distribution from data, l_pac: 2069526396, n: 529802
[M::mem_pestat] # candidate unique pairs for (FF, FR, RF, RR): (5, 56157, 15, 2)
[M::mem_pestat] skip orientation FF as there are not enough pairs
[M::mem_pestat] analyzing insert size distribution for orientation FR...
[M::mem_pestat] (25, 50, 75) percentile: (226, 294, 386)
[M::mem_pestat] low and high boundaries for computing mean and std.dev: (1, 706)
[M::mem_pestat] mean and std.dev: (313.62, 118.31)
[M::mem_pestat] low and high boundaries for proper pairs: (1, 866)
[M::mem_pestat] analyzing insert size distribution for orientation RF...
[M::mem_pestat] (25, 50, 75) percentile: (121, 2074, 2904)
[M::mem_pestat] low and high boundaries for computing mean and std.dev: (1, 8470)
[M::mem_pestat] mean and std.dev: (1839.93, 1636.76)
[M::mem_pestat] low and high boundaries for proper pairs: (1, 11253)
[M::mem_pestat] skip orientation RR as there are not enough pairs
[M::mem_pestat] skip orientation RF
[0000] 10. Calling kt_for - worker_sam
	[0000][ M::mem_process_seqs] Processed 529802 reads in 939.872 CPU sec, 118.480 real sec
[0000] 2. Calling mem_process_seqs.., task: 508
[0000] 3. Calling kt_for - worker_bwt
[0000] read_chunk: 80000000, work_chunk_size: 80000102, nseq: 529802
	[0000][ M::kt_pipeline] read 529802 sequences (80000102 bp)...
[0000] 3. Calling kt_for - worker_aln
Inferring insert size distribution from data, l_pac: 2069526396, n: 529802
[M::mem_pestat] # candidate unique pairs for (FF, FR, RF, RR): (0, 56135, 9, 4)
[M::mem_pestat] skip orientation FF as there are not enough pairs
[M::mem_pestat] analyzing insert size distribution for orientation FR...
[M::mem_pestat] (25, 50, 75) percentile: (225, 294, 387)
[M::mem_pestat] low and high boundaries for computing mean and std.dev: (1, 711)
[M::mem_pestat] mean and std.dev: (313.25, 118.49)
[M::mem_pestat] low and high boundaries for proper pairs: (1, 873)
[M::mem_pestat] skip orientation RF as there are not enough pairs
[M::mem_pestat] skip orientation RR as there are not enough pairs
[0000] 10. Calling kt_for - worker_sam
	[0000][ M::mem_process_seqs] Processed 529802 reads in 965.658 CPU sec, 122.061 real sec
[0000] 2. Calling mem_process_seqs.., task: 509
[0000] 3. Calling kt_for - worker_bwt
[0000] read_chunk: 80000000, work_chunk_size: 80000102, nseq: 529802
	[0000][ M::kt_pipeline] read 529802 sequences (80000102 bp)...
[0000] 3. Calling kt_for - worker_aln
Inferring insert size distribution from data, l_pac: 2069526396, n: 529802
[M::mem_pestat] # candidate unique pairs for (FF, FR, RF, RR): (3, 55795, 7, 0)
[M::mem_pestat] skip orientation FF as there are not enough pairs
[M::mem_pestat] analyzing insert size distribution for orientation FR...
[M::mem_pestat] (25, 50, 75) percentile: (225, 293, 387)
[M::mem_pestat] low and high boundaries for computing mean and std.dev: (1, 711)
[M::mem_pestat] mean and std.dev: (313.36, 118.92)
[M::mem_pestat] low and high boundaries for proper pairs: (1, 873)
[M::mem_pestat] skip orientation RF as there are not enough pairs
[M::mem_pestat] skip orientation RR as there are not enough pairs
[0000] 10. Calling kt_for - worker_sam
	[0000][ M::mem_process_seqs] Processed 529802 reads in 946.089 CPU sec, 119.355 real sec
[0000] 2. Calling mem_process_seqs.., task: 510
[0000] 3. Calling kt_for - worker_bwt
[0000] read_chunk: 80000000, work_chunk_size: 80000102, nseq: 529802
	[0000][ M::kt_pipeline] read 529802 sequences (80000102 bp)...
[0000] 3. Calling kt_for - worker_aln
Inferring insert size distribution from data, l_pac: 2069526396, n: 529802
[M::mem_pestat] # candidate unique pairs for (FF, FR, RF, RR): (3, 56062, 7, 2)
[M::mem_pestat] skip orientation FF as there are not enough pairs
[M::mem_pestat] analyzing insert size distribution for orientation FR...
[M::mem_pestat] (25, 50, 75) percentile: (226, 295, 388)
[M::mem_pestat] low and high boundaries for computing mean and std.dev: (1, 712)
[M::mem_pestat] mean and std.dev: (314.33, 118.82)
[M::mem_pestat] low and high boundaries for proper pairs: (1, 874)
[M::mem_pestat] skip orientation RF as there are not enough pairs
[M::mem_pestat] skip orientation RR as there are not enough pairs
[0000] 10. Calling kt_for - worker_sam
	[0000][ M::mem_process_seqs] Processed 529802 reads in 970.358 CPU sec, 122.854 real sec
[0000] 2. Calling mem_process_seqs.., task: 511
[0000] 3. Calling kt_for - worker_bwt
[0000] read_chunk: 80000000, work_chunk_size: 80000102, nseq: 529802
	[0000][ M::kt_pipeline] read 529802 sequences (80000102 bp)...
[0000] 3. Calling kt_for - worker_aln
Inferring insert size distribution from data, l_pac: 2069526396, n: 529802
[M::mem_pestat] # candidate unique pairs for (FF, FR, RF, RR): (1, 56571, 6, 3)
[M::mem_pestat] skip orientation FF as there are not enough pairs
[M::mem_pestat] analyzing insert size distribution for orientation FR...
[M::mem_pestat] (25, 50, 75) percentile: (226, 296, 390)
[M::mem_pestat] low and high boundaries for computing mean and std.dev: (1, 718)
[M::mem_pestat] mean and std.dev: (315.34, 119.46)
[M::mem_pestat] low and high boundaries for proper pairs: (1, 882)
[M::mem_pestat] skip orientation RF as there are not enough pairs
[M::mem_pestat] skip orientation RR as there are not enough pairs
[0000] 10. Calling kt_for - worker_sam
	[0000][ M::mem_process_seqs] Processed 529802 reads in 956.773 CPU sec, 120.826 real sec
[0000] 2. Calling mem_process_seqs.., task: 512
[0000] 3. Calling kt_for - worker_bwt
[0000] read_chunk: 80000000, work_chunk_size: 80000102, nseq: 529802
	[0000][ M::kt_pipeline] read 529802 sequences (80000102 bp)...
[0000] 3. Calling kt_for - worker_aln
Inferring insert size distribution from data, l_pac: 2069526396, n: 529802
[M::mem_pestat] # candidate unique pairs for (FF, FR, RF, RR): (4, 56118, 3, 6)
[M::mem_pestat] skip orientation FF as there are not enough pairs
[M::mem_pestat] analyzing insert size distribution for orientation FR...
[M::mem_pestat] (25, 50, 75) percentile: (228, 297, 391)
[M::mem_pestat] low and high boundaries for computing mean and std.dev: (1, 717)
[M::mem_pestat] mean and std.dev: (316.17, 119.20)
[M::mem_pestat] low and high boundaries for proper pairs: (1, 880)
[M::mem_pestat] skip orientation RF as there are not enough pairs
[M::mem_pestat] skip orientation RR as there are not enough pairs
[0000] 10. Calling kt_for - worker_sam
	[0000][ M::mem_process_seqs] Processed 529802 reads in 979.945 CPU sec, 123.660 real sec
[0000] 2. Calling mem_process_seqs.., task: 513
[0000] 3. Calling kt_for - worker_bwt
[0000] read_chunk: 80000000, work_chunk_size: 80000102, nseq: 529802
	[0000][ M::kt_pipeline] read 529802 sequences (80000102 bp)...
[0000] 3. Calling kt_for - worker_aln
Inferring insert size distribution from data, l_pac: 2069526396, n: 529802
[M::mem_pestat] # candidate unique pairs for (FF, FR, RF, RR): (2, 56283, 11, 0)
[M::mem_pestat] skip orientation FF as there are not enough pairs
[M::mem_pestat] analyzing insert size distribution for orientation FR...
[M::mem_pestat] (25, 50, 75) percentile: (228, 298, 394)
[M::mem_pestat] low and high boundaries for computing mean and std.dev: (1, 726)
[M::mem_pestat] mean and std.dev: (318.36, 121.38)
[M::mem_pestat] low and high boundaries for proper pairs: (1, 892)
[M::mem_pestat] analyzing insert size distribution for orientation RF...
[M::mem_pestat] (25, 50, 75) percentile: (117, 1409, 2938)
[M::mem_pestat] low and high boundaries for computing mean and std.dev: (1, 8580)
[M::mem_pestat] mean and std.dev: (1694.36, 1597.84)
[M::mem_pestat] low and high boundaries for proper pairs: (1, 11401)
[M::mem_pestat] skip orientation RR as there are not enough pairs
[M::mem_pestat] skip orientation RF
[0000] 10. Calling kt_for - worker_sam
	[0000][ M::mem_process_seqs] Processed 529802 reads in 1009.288 CPU sec, 127.566 real sec
[0000] 2. Calling mem_process_seqs.., task: 514
[0000] 3. Calling kt_for - worker_bwt
[0000] read_chunk: 80000000, work_chunk_size: 80000102, nseq: 529802
	[0000][ M::kt_pipeline] read 529802 sequences (80000102 bp)...
[0000] 3. Calling kt_for - worker_aln
Inferring insert size distribution from data, l_pac: 2069526396, n: 529802
[M::mem_pestat] # candidate unique pairs for (FF, FR, RF, RR): (0, 55957, 10, 0)
[M::mem_pestat] skip orientation FF as there are not enough pairs
[M::mem_pestat] analyzing insert size distribution for orientation FR...
[M::mem_pestat] (25, 50, 75) percentile: (229, 298, 395)
[M::mem_pestat] low and high boundaries for computing mean and std.dev: (1, 727)
[M::mem_pestat] mean and std.dev: (319.32, 121.37)
[M::mem_pestat] low and high boundaries for proper pairs: (1, 893)
[M::mem_pestat] analyzing insert size distribution for orientation RF...
[M::mem_pestat] (25, 50, 75) percentile: (132, 1109, 4265)
[M::mem_pestat] low and high boundaries for computing mean and std.dev: (1, 12531)
[M::mem_pestat] mean and std.dev: (1933.40, 2145.47)
[M::mem_pestat] low and high boundaries for proper pairs: (1, 16664)
[M::mem_pestat] skip orientation RR as there are not enough pairs
[M::mem_pestat] skip orientation RF
[0000] 10. Calling kt_for - worker_sam
	[0000][ M::mem_process_seqs] Processed 529802 reads in 995.033 CPU sec, 125.678 real sec
[0000] 2. Calling mem_process_seqs.., task: 515
[0000] 3. Calling kt_for - worker_bwt
[0000] read_chunk: 80000000, work_chunk_size: 80000102, nseq: 529802
	[0000][ M::kt_pipeline] read 529802 sequences (80000102 bp)...
[0000] 3. Calling kt_for - worker_aln
Inferring insert size distribution from data, l_pac: 2069526396, n: 529802
[M::mem_pestat] # candidate unique pairs for (FF, FR, RF, RR): (3, 55808, 11, 0)
[M::mem_pestat] skip orientation FF as there are not enough pairs
[M::mem_pestat] analyzing insert size distribution for orientation FR...
[M::mem_pestat] (25, 50, 75) percentile: (230, 300, 395)
[M::mem_pestat] low and high boundaries for computing mean and std.dev: (1, 725)
[M::mem_pestat] mean and std.dev: (319.64, 120.97)
[M::mem_pestat] low and high boundaries for proper pairs: (1, 890)
[M::mem_pestat] analyzing insert size distribution for orientation RF...
[M::mem_pestat] (25, 50, 75) percentile: (101, 144, 536)
[M::mem_pestat] low and high boundaries for computing mean and std.dev: (1, 1406)
[M::mem_pestat] mean and std.dev: (222.40, 226.90)
[M::mem_pestat] low and high boundaries for proper pairs: (1, 1841)
[M::mem_pestat] skip orientation RR as there are not enough pairs
[M::mem_pestat] skip orientation RF
[0000] 10. Calling kt_for - worker_sam
	[0000][ M::mem_process_seqs] Processed 529802 reads in 984.555 CPU sec, 124.467 real sec
[0000] 2. Calling mem_process_seqs.., task: 516
[0000] 3. Calling kt_for - worker_bwt
[0000] read_chunk: 80000000, work_chunk_size: 80000102, nseq: 529802
	[0000][ M::kt_pipeline] read 529802 sequences (80000102 bp)...
[0000] 3. Calling kt_for - worker_aln
Inferring insert size distribution from data, l_pac: 2069526396, n: 529802
[M::mem_pestat] # candidate unique pairs for (FF, FR, RF, RR): (1, 55833, 9, 3)
[M::mem_pestat] skip orientation FF as there are not enough pairs
[M::mem_pestat] analyzing insert size distribution for orientation FR...
[M::mem_pestat] (25, 50, 75) percentile: (227, 297, 393)
[M::mem_pestat] low and high boundaries for computing mean and std.dev: (1, 725)
[M::mem_pestat] mean and std.dev: (317.30, 121.25)
[M::mem_pestat] low and high boundaries for proper pairs: (1, 891)
[M::mem_pestat] skip orientation RF as there are not enough pairs
[M::mem_pestat] skip orientation RR as there are not enough pairs
[0000] 10. Calling kt_for - worker_sam
	[0000][ M::mem_process_seqs] Processed 529802 reads in 953.553 CPU sec, 120.260 real sec
[0000] 2. Calling mem_process_seqs.., task: 517
[0000] 3. Calling kt_for - worker_bwt
[0000] read_chunk: 80000000, work_chunk_size: 80000102, nseq: 529802
	[0000][ M::kt_pipeline] read 529802 sequences (80000102 bp)...
[0000] 3. Calling kt_for - worker_aln
Inferring insert size distribution from data, l_pac: 2069526396, n: 529802
[M::mem_pestat] # candidate unique pairs for (FF, FR, RF, RR): (1, 56353, 10, 3)
[M::mem_pestat] skip orientation FF as there are not enough pairs
[M::mem_pestat] analyzing insert size distribution for orientation FR...
[M::mem_pestat] (25, 50, 75) percentile: (228, 298, 396)
[M::mem_pestat] low and high boundaries for computing mean and std.dev: (1, 732)
[M::mem_pestat] mean and std.dev: (319.45, 122.26)
[M::mem_pestat] low and high boundaries for proper pairs: (1, 900)
[M::mem_pestat] analyzing insert size distribution for orientation RF...
[M::mem_pestat] (25, 50, 75) percentile: (481, 2648, 4273)
[M::mem_pestat] low and high boundaries for computing mean and std.dev: (1, 11857)
[M::mem_pestat] mean and std.dev: (3128.90, 3048.23)
[M::mem_pestat] low and high boundaries for proper pairs: (1, 15649)
[M::mem_pestat] skip orientation RR as there are not enough pairs
[M::mem_pestat] skip orientation RF
[0000] 10. Calling kt_for - worker_sam
	[0000][ M::mem_process_seqs] Processed 529802 reads in 949.994 CPU sec, 119.853 real sec
[0000] 2. Calling mem_process_seqs.., task: 518
[0000] 3. Calling kt_for - worker_bwt
[0000] read_chunk: 80000000, work_chunk_size: 80000102, nseq: 529802
	[0000][ M::kt_pipeline] read 529802 sequences (80000102 bp)...
[0000] 3. Calling kt_for - worker_aln
Inferring insert size distribution from data, l_pac: 2069526396, n: 529802
[M::mem_pestat] # candidate unique pairs for (FF, FR, RF, RR): (3, 56220, 6, 0)
[M::mem_pestat] skip orientation FF as there are not enough pairs
[M::mem_pestat] analyzing insert size distribution for orientation FR...
[M::mem_pestat] (25, 50, 75) percentile: (227, 297, 391)
[M::mem_pestat] low and high boundaries for computing mean and std.dev: (1, 719)
[M::mem_pestat] mean and std.dev: (316.57, 120.01)
[M::mem_pestat] low and high boundaries for proper pairs: (1, 883)
[M::mem_pestat] skip orientation RF as there are not enough pairs
[M::mem_pestat] skip orientation RR as there are not enough pairs
[0000] 10. Calling kt_for - worker_sam
	[0000][ M::mem_process_seqs] Processed 529802 reads in 972.803 CPU sec, 123.015 real sec
[0000] 2. Calling mem_process_seqs.., task: 519
[0000] 3. Calling kt_for - worker_bwt
[0000] read_chunk: 80000000, work_chunk_size: 80000102, nseq: 529802
	[0000][ M::kt_pipeline] read 529802 sequences (80000102 bp)...
[0000] 3. Calling kt_for - worker_aln
Inferring insert size distribution from data, l_pac: 2069526396, n: 529802
[M::mem_pestat] # candidate unique pairs for (FF, FR, RF, RR): (4, 55714, 9, 3)
[M::mem_pestat] skip orientation FF as there are not enough pairs
[M::mem_pestat] analyzing insert size distribution for orientation FR...
[M::mem_pestat] (25, 50, 75) percentile: (227, 296, 392)
[M::mem_pestat] low and high boundaries for computing mean and std.dev: (1, 722)
[M::mem_pestat] mean and std.dev: (316.69, 120.24)
[M::mem_pestat] low and high boundaries for proper pairs: (1, 887)
[M::mem_pestat] skip orientation RF as there are not enough pairs
[M::mem_pestat] skip orientation RR as there are not enough pairs
[0000] 10. Calling kt_for - worker_sam
	[0000][ M::mem_process_seqs] Processed 529802 reads in 1039.012 CPU sec, 131.455 real sec
[0000] 2. Calling mem_process_seqs.., task: 520
[0000] 3. Calling kt_for - worker_bwt
[0000] read_chunk: 80000000, work_chunk_size: 80000102, nseq: 529802
	[0000][ M::kt_pipeline] read 529802 sequences (80000102 bp)...
[0000] 3. Calling kt_for - worker_aln
Inferring insert size distribution from data, l_pac: 2069526396, n: 529802
[M::mem_pestat] # candidate unique pairs for (FF, FR, RF, RR): (2, 56015, 9, 2)
[M::mem_pestat] skip orientation FF as there are not enough pairs
[M::mem_pestat] analyzing insert size distribution for orientation FR...
[M::mem_pestat] (25, 50, 75) percentile: (225, 294, 389)
[M::mem_pestat] low and high boundaries for computing mean and std.dev: (1, 717)
[M::mem_pestat] mean and std.dev: (314.23, 119.33)
[M::mem_pestat] low and high boundaries for proper pairs: (1, 881)
[M::mem_pestat] skip orientation RF as there are not enough pairs
[M::mem_pestat] skip orientation RR as there are not enough pairs
[0000] 10. Calling kt_for - worker_sam
	[0000][ M::mem_process_seqs] Processed 529802 reads in 1009.742 CPU sec, 127.910 real sec
[0000] 2. Calling mem_process_seqs.., task: 521
[0000] 3. Calling kt_for - worker_bwt
[0000] read_chunk: 80000000, work_chunk_size: 80000102, nseq: 529802
	[0000][ M::kt_pipeline] read 529802 sequences (80000102 bp)...
[0000] 3. Calling kt_for - worker_aln
Inferring insert size distribution from data, l_pac: 2069526396, n: 529802
[M::mem_pestat] # candidate unique pairs for (FF, FR, RF, RR): (0, 56545, 7, 2)
[M::mem_pestat] skip orientation FF as there are not enough pairs
[M::mem_pestat] analyzing insert size distribution for orientation FR...
[M::mem_pestat] (25, 50, 75) percentile: (227, 297, 391)
[M::mem_pestat] low and high boundaries for computing mean and std.dev: (1, 719)
[M::mem_pestat] mean and std.dev: (316.47, 120.49)
[M::mem_pestat] low and high boundaries for proper pairs: (1, 883)
[M::mem_pestat] skip orientation RF as there are not enough pairs
[M::mem_pestat] skip orientation RR as there are not enough pairs
[0000] 10. Calling kt_for - worker_sam
	[0000][ M::mem_process_seqs] Processed 529802 reads in 994.603 CPU sec, 125.711 real sec
[0000] 2. Calling mem_process_seqs.., task: 522
[0000] 3. Calling kt_for - worker_bwt
[0000] read_chunk: 80000000, work_chunk_size: 80000102, nseq: 529802
	[0000][ M::kt_pipeline] read 529802 sequences (80000102 bp)...
[0000] 3. Calling kt_for - worker_aln
Inferring insert size distribution from data, l_pac: 2069526396, n: 529802
[M::mem_pestat] # candidate unique pairs for (FF, FR, RF, RR): (1, 56059, 10, 0)
[M::mem_pestat] skip orientation FF as there are not enough pairs
[M::mem_pestat] analyzing insert size distribution for orientation FR...
[M::mem_pestat] (25, 50, 75) percentile: (227, 296, 391)
[M::mem_pestat] low and high boundaries for computing mean and std.dev: (1, 719)
[M::mem_pestat] mean and std.dev: (315.70, 119.74)
[M::mem_pestat] low and high boundaries for proper pairs: (1, 883)
[M::mem_pestat] analyzing insert size distribution for orientation RF...
[M::mem_pestat] (25, 50, 75) percentile: (345, 1865, 2355)
[M::mem_pestat] low and high boundaries for computing mean and std.dev: (1, 6375)
[M::mem_pestat] mean and std.dev: (1194.22, 948.44)
[M::mem_pestat] low and high boundaries for proper pairs: (1, 8385)
[M::mem_pestat] skip orientation RR as there are not enough pairs
[M::mem_pestat] skip orientation RF
[0000] 10. Calling kt_for - worker_sam
	[0000][ M::mem_process_seqs] Processed 529802 reads in 965.348 CPU sec, 121.928 real sec
[0000] 2. Calling mem_process_seqs.., task: 523
[0000] 3. Calling kt_for - worker_bwt
[0000] read_chunk: 80000000, work_chunk_size: 80000102, nseq: 529802
	[0000][ M::kt_pipeline] read 529802 sequences (80000102 bp)...
[0000] 3. Calling kt_for - worker_aln
Inferring insert size distribution from data, l_pac: 2069526396, n: 529802
[M::mem_pestat] # candidate unique pairs for (FF, FR, RF, RR): (3, 56142, 8, 2)
[M::mem_pestat] skip orientation FF as there are not enough pairs
[M::mem_pestat] analyzing insert size distribution for orientation FR...
[M::mem_pestat] (25, 50, 75) percentile: (227, 296, 389)
[M::mem_pestat] low and high boundaries for computing mean and std.dev: (1, 713)
[M::mem_pestat] mean and std.dev: (315.54, 119.20)
[M::mem_pestat] low and high boundaries for proper pairs: (1, 875)
[M::mem_pestat] skip orientation RF as there are not enough pairs
[M::mem_pestat] skip orientation RR as there are not enough pairs
[0000] 10. Calling kt_for - worker_sam
	[0000][ M::mem_process_seqs] Processed 529802 reads in 984.304 CPU sec, 124.746 real sec
[0000] 2. Calling mem_process_seqs.., task: 524
[0000] 3. Calling kt_for - worker_bwt
[0000] read_chunk: 80000000, work_chunk_size: 80000102, nseq: 529802
	[0000][ M::kt_pipeline] read 529802 sequences (80000102 bp)...
[0000] 3. Calling kt_for - worker_aln
Inferring insert size distribution from data, l_pac: 2069526396, n: 529802
[M::mem_pestat] # candidate unique pairs for (FF, FR, RF, RR): (0, 56169, 7, 4)
[M::mem_pestat] skip orientation FF as there are not enough pairs
[M::mem_pestat] analyzing insert size distribution for orientation FR...
[M::mem_pestat] (25, 50, 75) percentile: (227, 297, 391)
[M::mem_pestat] low and high boundaries for computing mean and std.dev: (1, 719)
[M::mem_pestat] mean and std.dev: (316.07, 120.25)
[M::mem_pestat] low and high boundaries for proper pairs: (1, 883)
[M::mem_pestat] skip orientation RF as there are not enough pairs
[M::mem_pestat] skip orientation RR as there are not enough pairs
[0000] 10. Calling kt_for - worker_sam
	[0000][ M::mem_process_seqs] Processed 529802 reads in 992.198 CPU sec, 125.716 real sec
[0000] 2. Calling mem_process_seqs.., task: 525
[0000] 3. Calling kt_for - worker_bwt
[0000] read_chunk: 80000000, work_chunk_size: 80000102, nseq: 529802
	[0000][ M::kt_pipeline] read 529802 sequences (80000102 bp)...
[0000] 3. Calling kt_for - worker_aln
Inferring insert size distribution from data, l_pac: 2069526396, n: 529802
[M::mem_pestat] # candidate unique pairs for (FF, FR, RF, RR): (1, 56187, 9, 1)
[M::mem_pestat] skip orientation FF as there are not enough pairs
[M::mem_pestat] analyzing insert size distribution for orientation FR...
[M::mem_pestat] (25, 50, 75) percentile: (226, 296, 390)
[M::mem_pestat] low and high boundaries for computing mean and std.dev: (1, 718)
[M::mem_pestat] mean and std.dev: (315.76, 119.91)
[M::mem_pestat] low and high boundaries for proper pairs: (1, 882)
[M::mem_pestat] skip orientation RF as there are not enough pairs
[M::mem_pestat] skip orientation RR as there are not enough pairs
[0000] 10. Calling kt_for - worker_sam
	[0000][ M::mem_process_seqs] Processed 529802 reads in 1030.490 CPU sec, 131.103 real sec
[0000] 2. Calling mem_process_seqs.., task: 526
[0000] 3. Calling kt_for - worker_bwt
[0000] read_chunk: 80000000, work_chunk_size: 80000102, nseq: 529802
	[0000][ M::kt_pipeline] read 529802 sequences (80000102 bp)...
[0000] 3. Calling kt_for - worker_aln
Inferring insert size distribution from data, l_pac: 2069526396, n: 529802
[M::mem_pestat] # candidate unique pairs for (FF, FR, RF, RR): (2, 56234, 15, 5)
[M::mem_pestat] skip orientation FF as there are not enough pairs
[M::mem_pestat] analyzing insert size distribution for orientation FR...
[M::mem_pestat] (25, 50, 75) percentile: (226, 294, 388)
[M::mem_pestat] low and high boundaries for computing mean and std.dev: (1, 712)
[M::mem_pestat] mean and std.dev: (314.30, 118.90)
[M::mem_pestat] low and high boundaries for proper pairs: (1, 874)
[M::mem_pestat] analyzing insert size distribution for orientation RF...
[M::mem_pestat] (25, 50, 75) percentile: (1150, 2593, 5772)
[M::mem_pestat] low and high boundaries for computing mean and std.dev: (1, 15016)
[M::mem_pestat] mean and std.dev: (2946.60, 2351.30)
[M::mem_pestat] low and high boundaries for proper pairs: (1, 19638)
[M::mem_pestat] skip orientation RR as there are not enough pairs
[M::mem_pestat] skip orientation RF
[0000] 10. Calling kt_for - worker_sam
	[0000][ M::mem_process_seqs] Processed 529802 reads in 1096.784 CPU sec, 140.046 real sec
[0000] 2. Calling mem_process_seqs.., task: 527
[0000] 3. Calling kt_for - worker_bwt
[0000] read_chunk: 80000000, work_chunk_size: 80000102, nseq: 529802
	[0000][ M::kt_pipeline] read 529802 sequences (80000102 bp)...
[0000] 3. Calling kt_for - worker_aln
Inferring insert size distribution from data, l_pac: 2069526396, n: 529802
[M::mem_pestat] # candidate unique pairs for (FF, FR, RF, RR): (5, 56661, 3, 2)
[M::mem_pestat] skip orientation FF as there are not enough pairs
[M::mem_pestat] analyzing insert size distribution for orientation FR...
[M::mem_pestat] (25, 50, 75) percentile: (226, 296, 391)
[M::mem_pestat] low and high boundaries for computing mean and std.dev: (1, 721)
[M::mem_pestat] mean and std.dev: (315.72, 120.24)
[M::mem_pestat] low and high boundaries for proper pairs: (1, 886)
[M::mem_pestat] skip orientation RF as there are not enough pairs
[M::mem_pestat] skip orientation RR as there are not enough pairs
[0000] 10. Calling kt_for - worker_sam
	[0000][ M::mem_process_seqs] Processed 529802 reads in 1095.608 CPU sec, 139.852 real sec
[0000] 2. Calling mem_process_seqs.., task: 528
[0000] 3. Calling kt_for - worker_bwt
[0000] read_chunk: 80000000, work_chunk_size: 80000102, nseq: 529802
	[0000][ M::kt_pipeline] read 529802 sequences (80000102 bp)...
[0000] 3. Calling kt_for - worker_aln
Inferring insert size distribution from data, l_pac: 2069526396, n: 529802
[M::mem_pestat] # candidate unique pairs for (FF, FR, RF, RR): (2, 56292, 14, 5)
[M::mem_pestat] skip orientation FF as there are not enough pairs
[M::mem_pestat] analyzing insert size distribution for orientation FR...
[M::mem_pestat] (25, 50, 75) percentile: (225, 293, 387)
[M::mem_pestat] low and high boundaries for computing mean and std.dev: (1, 711)
[M::mem_pestat] mean and std.dev: (313.16, 118.94)
[M::mem_pestat] low and high boundaries for proper pairs: (1, 873)
[M::mem_pestat] analyzing insert size distribution for orientation RF...
[M::mem_pestat] (25, 50, 75) percentile: (304, 1648, 4023)
[M::mem_pestat] low and high boundaries for computing mean and std.dev: (1, 11461)
[M::mem_pestat] mean and std.dev: (2650.00, 3001.76)
[M::mem_pestat] low and high boundaries for proper pairs: (1, 15180)
[M::mem_pestat] skip orientation RR as there are not enough pairs
[M::mem_pestat] skip orientation RF
[0000] 10. Calling kt_for - worker_sam
	[0000][ M::mem_process_seqs] Processed 529802 reads in 1142.412 CPU sec, 146.192 real sec
[0000] 2. Calling mem_process_seqs.., task: 529
[0000] 3. Calling kt_for - worker_bwt
[0000] read_chunk: 80000000, work_chunk_size: 80000102, nseq: 529802
	[0000][ M::kt_pipeline] read 529802 sequences (80000102 bp)...
[0000] 3. Calling kt_for - worker_aln
Inferring insert size distribution from data, l_pac: 2069526396, n: 529802
[M::mem_pestat] # candidate unique pairs for (FF, FR, RF, RR): (0, 56371, 8, 4)
[M::mem_pestat] skip orientation FF as there are not enough pairs
[M::mem_pestat] analyzing insert size distribution for orientation FR...
[M::mem_pestat] (25, 50, 75) percentile: (225, 294, 387)
[M::mem_pestat] low and high boundaries for computing mean and std.dev: (1, 711)
[M::mem_pestat] mean and std.dev: (313.13, 118.19)
[M::mem_pestat] low and high boundaries for proper pairs: (1, 873)
[M::mem_pestat] skip orientation RF as there are not enough pairs
[M::mem_pestat] skip orientation RR as there are not enough pairs
[0000] 10. Calling kt_for - worker_sam
	[0000][ M::mem_process_seqs] Processed 529802 reads in 1106.758 CPU sec, 141.218 real sec
[0000] 2. Calling mem_process_seqs.., task: 530
[0000] 3. Calling kt_for - worker_bwt
[0000] read_chunk: 80000000, work_chunk_size: 80000102, nseq: 529802
	[0000][ M::kt_pipeline] read 529802 sequences (80000102 bp)...
[0000] 3. Calling kt_for - worker_aln
Inferring insert size distribution from data, l_pac: 2069526396, n: 529802
[M::mem_pestat] # candidate unique pairs for (FF, FR, RF, RR): (3, 56682, 9, 2)
[M::mem_pestat] skip orientation FF as there are not enough pairs
[M::mem_pestat] analyzing insert size distribution for orientation FR...
[M::mem_pestat] (25, 50, 75) percentile: (224, 294, 387)
[M::mem_pestat] low and high boundaries for computing mean and std.dev: (1, 713)
[M::mem_pestat] mean and std.dev: (313.33, 119.07)
[M::mem_pestat] low and high boundaries for proper pairs: (1, 876)
[M::mem_pestat] skip orientation RF as there are not enough pairs
[M::mem_pestat] skip orientation RR as there are not enough pairs
[0000] 10. Calling kt_for - worker_sam
	[0000][ M::mem_process_seqs] Processed 529802 reads in 1150.768 CPU sec, 147.182 real sec
[0000] 2. Calling mem_process_seqs.., task: 531
[0000] 3. Calling kt_for - worker_bwt
[0000] read_chunk: 80000000, work_chunk_size: 80000102, nseq: 529802
	[0000][ M::kt_pipeline] read 529802 sequences (80000102 bp)...
[0000] 3. Calling kt_for - worker_aln
Inferring insert size distribution from data, l_pac: 2069526396, n: 529802
[M::mem_pestat] # candidate unique pairs for (FF, FR, RF, RR): (3, 56170, 7, 2)
[M::mem_pestat] skip orientation FF as there are not enough pairs
[M::mem_pestat] analyzing insert size distribution for orientation FR...
[M::mem_pestat] (25, 50, 75) percentile: (224, 292, 386)
[M::mem_pestat] low and high boundaries for computing mean and std.dev: (1, 710)
[M::mem_pestat] mean and std.dev: (312.52, 118.60)
[M::mem_pestat] low and high boundaries for proper pairs: (1, 872)
[M::mem_pestat] skip orientation RF as there are not enough pairs
[M::mem_pestat] skip orientation RR as there are not enough pairs
[0000] 10. Calling kt_for - worker_sam
	[0000][ M::mem_process_seqs] Processed 529802 reads in 1090.802 CPU sec, 139.271 real sec
[0000] 2. Calling mem_process_seqs.., task: 532
[0000] 3. Calling kt_for - worker_bwt
[0000] read_chunk: 80000000, work_chunk_size: 80000102, nseq: 529802
	[0000][ M::kt_pipeline] read 529802 sequences (80000102 bp)...
[0000] 3. Calling kt_for - worker_aln
Inferring insert size distribution from data, l_pac: 2069526396, n: 529802
[M::mem_pestat] # candidate unique pairs for (FF, FR, RF, RR): (2, 56188, 14, 0)
[M::mem_pestat] skip orientation FF as there are not enough pairs
[M::mem_pestat] analyzing insert size distribution for orientation FR...
[M::mem_pestat] (25, 50, 75) percentile: (225, 294, 387)
[M::mem_pestat] low and high boundaries for computing mean and std.dev: (1, 711)
[M::mem_pestat] mean and std.dev: (313.61, 118.60)
[M::mem_pestat] low and high boundaries for proper pairs: (1, 873)
[M::mem_pestat] analyzing insert size distribution for orientation RF...
[M::mem_pestat] (25, 50, 75) percentile: (707, 4806, 8335)
[M::mem_pestat] low and high boundaries for computing mean and std.dev: (1, 23591)
[M::mem_pestat] mean and std.dev: (4903.50, 3453.91)
[M::mem_pestat] low and high boundaries for proper pairs: (1, 31219)
[M::mem_pestat] skip orientation RR as there are not enough pairs
[M::mem_pestat] skip orientation RF
[0000] 10. Calling kt_for - worker_sam
	[0000][ M::mem_process_seqs] Processed 529802 reads in 1098.239 CPU sec, 140.004 real sec
[0000] 2. Calling mem_process_seqs.., task: 533
[0000] 3. Calling kt_for - worker_bwt
[0000] read_chunk: 80000000, work_chunk_size: 80000102, nseq: 529802
	[0000][ M::kt_pipeline] read 529802 sequences (80000102 bp)...
[0000] 3. Calling kt_for - worker_aln
Inferring insert size distribution from data, l_pac: 2069526396, n: 529802
[M::mem_pestat] # candidate unique pairs for (FF, FR, RF, RR): (0, 56306, 5, 2)
[M::mem_pestat] skip orientation FF as there are not enough pairs
[M::mem_pestat] analyzing insert size distribution for orientation FR...
[M::mem_pestat] (25, 50, 75) percentile: (224, 293, 387)
[M::mem_pestat] low and high boundaries for computing mean and std.dev: (1, 713)
[M::mem_pestat] mean and std.dev: (313.13, 118.97)
[M::mem_pestat] low and high boundaries for proper pairs: (1, 876)
[M::mem_pestat] skip orientation RF as there are not enough pairs
[M::mem_pestat] skip orientation RR as there are not enough pairs
[0000] 10. Calling kt_for - worker_sam
	[0000][ M::mem_process_seqs] Processed 529802 reads in 1149.817 CPU sec, 147.100 real sec
[0000] 2. Calling mem_process_seqs.., task: 534
[0000] 3. Calling kt_for - worker_bwt
[0000] read_chunk: 80000000, work_chunk_size: 80000102, nseq: 529802
	[0000][ M::kt_pipeline] read 529802 sequences (80000102 bp)...
[0000] 3. Calling kt_for - worker_aln
Inferring insert size distribution from data, l_pac: 2069526396, n: 529802
[M::mem_pestat] # candidate unique pairs for (FF, FR, RF, RR): (4, 56236, 9, 3)
[M::mem_pestat] skip orientation FF as there are not enough pairs
[M::mem_pestat] analyzing insert size distribution for orientation FR...
[M::mem_pestat] (25, 50, 75) percentile: (225, 293, 386)
[M::mem_pestat] low and high boundaries for computing mean and std.dev: (1, 708)
[M::mem_pestat] mean and std.dev: (312.40, 117.52)
[M::mem_pestat] low and high boundaries for proper pairs: (1, 869)
[M::mem_pestat] skip orientation RF as there are not enough pairs
[M::mem_pestat] skip orientation RR as there are not enough pairs
[0000] 10. Calling kt_for - worker_sam
	[0000][ M::mem_process_seqs] Processed 529802 reads in 1106.240 CPU sec, 140.690 real sec
[0000] 2. Calling mem_process_seqs.., task: 535
[0000] 3. Calling kt_for - worker_bwt
[0000] read_chunk: 80000000, work_chunk_size: 80000102, nseq: 529802
	[0000][ M::kt_pipeline] read 529802 sequences (80000102 bp)...
[0000] 3. Calling kt_for - worker_aln
Inferring insert size distribution from data, l_pac: 2069526396, n: 529802
[M::mem_pestat] # candidate unique pairs for (FF, FR, RF, RR): (4, 55598, 6, 5)
[M::mem_pestat] skip orientation FF as there are not enough pairs
[M::mem_pestat] analyzing insert size distribution for orientation FR...
[M::mem_pestat] (25, 50, 75) percentile: (224, 292, 387)
[M::mem_pestat] low and high boundaries for computing mean and std.dev: (1, 713)
[M::mem_pestat] mean and std.dev: (312.73, 119.04)
[M::mem_pestat] low and high boundaries for proper pairs: (1, 876)
[M::mem_pestat] skip orientation RF as there are not enough pairs
[M::mem_pestat] skip orientation RR as there are not enough pairs
[0000] 10. Calling kt_for - worker_sam
	[0000][ M::mem_process_seqs] Processed 529802 reads in 1107.913 CPU sec, 140.791 real sec
[0000] 2. Calling mem_process_seqs.., task: 536
[0000] 3. Calling kt_for - worker_bwt
[0000] read_chunk: 80000000, work_chunk_size: 80000102, nseq: 529802
	[0000][ M::kt_pipeline] read 529802 sequences (80000102 bp)...
[0000] 3. Calling kt_for - worker_aln
Inferring insert size distribution from data, l_pac: 2069526396, n: 529802
[M::mem_pestat] # candidate unique pairs for (FF, FR, RF, RR): (1, 56251, 9, 5)
[M::mem_pestat] skip orientation FF as there are not enough pairs
[M::mem_pestat] analyzing insert size distribution for orientation FR...
[M::mem_pestat] (25, 50, 75) percentile: (225, 293, 387)
[M::mem_pestat] low and high boundaries for computing mean and std.dev: (1, 711)
[M::mem_pestat] mean and std.dev: (313.30, 118.90)
[M::mem_pestat] low and high boundaries for proper pairs: (1, 873)
[M::mem_pestat] skip orientation RF as there are not enough pairs
[M::mem_pestat] skip orientation RR as there are not enough pairs
[0000] 10. Calling kt_for - worker_sam
	[0000][ M::mem_process_seqs] Processed 529802 reads in 1116.096 CPU sec, 142.796 real sec
[0000] 2. Calling mem_process_seqs.., task: 537
[0000] 3. Calling kt_for - worker_bwt
[0000] read_chunk: 80000000, work_chunk_size: 80000102, nseq: 529802
	[0000][ M::kt_pipeline] read 529802 sequences (80000102 bp)...
[0000] 3. Calling kt_for - worker_aln
Inferring insert size distribution from data, l_pac: 2069526396, n: 529802
[M::mem_pestat] # candidate unique pairs for (FF, FR, RF, RR): (3, 56853, 9, 3)
[M::mem_pestat] skip orientation FF as there are not enough pairs
[M::mem_pestat] analyzing insert size distribution for orientation FR...
[M::mem_pestat] (25, 50, 75) percentile: (226, 294, 387)
[M::mem_pestat] low and high boundaries for computing mean and std.dev: (1, 709)
[M::mem_pestat] mean and std.dev: (313.69, 118.51)
[M::mem_pestat] low and high boundaries for proper pairs: (1, 870)
[M::mem_pestat] skip orientation RF as there are not enough pairs
[M::mem_pestat] skip orientation RR as there are not enough pairs
[0000] 10. Calling kt_for - worker_sam
	[0000][ M::mem_process_seqs] Processed 529802 reads in 1132.554 CPU sec, 143.964 real sec
[0000] 2. Calling mem_process_seqs.., task: 538
[0000] 3. Calling kt_for - worker_bwt
[0000] read_chunk: 80000000, work_chunk_size: 80000102, nseq: 529802
	[0000][ M::kt_pipeline] read 529802 sequences (80000102 bp)...
[0000] 3. Calling kt_for - worker_aln
Inferring insert size distribution from data, l_pac: 2069526396, n: 529802
[M::mem_pestat] # candidate unique pairs for (FF, FR, RF, RR): (2, 56160, 5, 4)
[M::mem_pestat] skip orientation FF as there are not enough pairs
[M::mem_pestat] analyzing insert size distribution for orientation FR...
[M::mem_pestat] (25, 50, 75) percentile: (223, 291, 384)
[M::mem_pestat] low and high boundaries for computing mean and std.dev: (1, 706)
[M::mem_pestat] mean and std.dev: (310.94, 117.67)
[M::mem_pestat] low and high boundaries for proper pairs: (1, 867)
[M::mem_pestat] skip orientation RF as there are not enough pairs
[M::mem_pestat] skip orientation RR as there are not enough pairs
[0000] 10. Calling kt_for - worker_sam
	[0000][ M::mem_process_seqs] Processed 529802 reads in 1198.177 CPU sec, 153.047 real sec
[0000] 2. Calling mem_process_seqs.., task: 539
[0000] 3. Calling kt_for - worker_bwt
[0000] read_chunk: 80000000, work_chunk_size: 80000102, nseq: 529802
	[0000][ M::kt_pipeline] read 529802 sequences (80000102 bp)...
[0000] 3. Calling kt_for - worker_aln
Inferring insert size distribution from data, l_pac: 2069526396, n: 529802
[M::mem_pestat] # candidate unique pairs for (FF, FR, RF, RR): (2, 56226, 12, 0)
[M::mem_pestat] skip orientation FF as there are not enough pairs
[M::mem_pestat] analyzing insert size distribution for orientation FR...
[M::mem_pestat] (25, 50, 75) percentile: (224, 290, 382)
[M::mem_pestat] low and high boundaries for computing mean and std.dev: (1, 698)
[M::mem_pestat] mean and std.dev: (309.86, 116.45)
[M::mem_pestat] low and high boundaries for proper pairs: (1, 856)
[M::mem_pestat] analyzing insert size distribution for orientation RF...
[M::mem_pestat] (25, 50, 75) percentile: (695, 1386, 3609)
[M::mem_pestat] low and high boundaries for computing mean and std.dev: (1, 9437)
[M::mem_pestat] mean and std.dev: (1419.00, 1195.74)
[M::mem_pestat] low and high boundaries for proper pairs: (1, 12351)
[M::mem_pestat] skip orientation RR as there are not enough pairs
[M::mem_pestat] skip orientation RF
[0000] 10. Calling kt_for - worker_sam
	[0000][ M::mem_process_seqs] Processed 529802 reads in 1193.429 CPU sec, 150.872 real sec
[0000] 2. Calling mem_process_seqs.., task: 540
[0000] 3. Calling kt_for - worker_bwt
[0000] read_chunk: 80000000, work_chunk_size: 80000102, nseq: 529802
	[0000][ M::kt_pipeline] read 529802 sequences (80000102 bp)...
[0000] 3. Calling kt_for - worker_aln
Inferring insert size distribution from data, l_pac: 2069526396, n: 529802
[M::mem_pestat] # candidate unique pairs for (FF, FR, RF, RR): (2, 56086, 7, 5)
[M::mem_pestat] skip orientation FF as there are not enough pairs
[M::mem_pestat] analyzing insert size distribution for orientation FR...
[M::mem_pestat] (25, 50, 75) percentile: (223, 290, 383)
[M::mem_pestat] low and high boundaries for computing mean and std.dev: (1, 703)
[M::mem_pestat] mean and std.dev: (310.24, 117.10)
[M::mem_pestat] low and high boundaries for proper pairs: (1, 863)
[M::mem_pestat] skip orientation RF as there are not enough pairs
[M::mem_pestat] skip orientation RR as there are not enough pairs
[0000] 10. Calling kt_for - worker_sam
	[0000][ M::mem_process_seqs] Processed 529802 reads in 1157.408 CPU sec, 146.449 real sec
[0000] 2. Calling mem_process_seqs.., task: 541
[0000] 3. Calling kt_for - worker_bwt
[0000] read_chunk: 80000000, work_chunk_size: 80000102, nseq: 529802
	[0000][ M::kt_pipeline] read 529802 sequences (80000102 bp)...
[0000] 3. Calling kt_for - worker_aln
Inferring insert size distribution from data, l_pac: 2069526396, n: 529802
[M::mem_pestat] # candidate unique pairs for (FF, FR, RF, RR): (1, 55679, 14, 0)
[M::mem_pestat] skip orientation FF as there are not enough pairs
[M::mem_pestat] analyzing insert size distribution for orientation FR...
[M::mem_pestat] (25, 50, 75) percentile: (223, 291, 382)
[M::mem_pestat] low and high boundaries for computing mean and std.dev: (1, 700)
[M::mem_pestat] mean and std.dev: (309.75, 116.05)
[M::mem_pestat] low and high boundaries for proper pairs: (1, 859)
[M::mem_pestat] analyzing insert size distribution for orientation RF...
[M::mem_pestat] (25, 50, 75) percentile: (229, 2176, 4845)
[M::mem_pestat] low and high boundaries for computing mean and std.dev: (1, 14077)
[M::mem_pestat] mean and std.dev: (2589.43, 2569.71)
[M::mem_pestat] low and high boundaries for proper pairs: (1, 18693)
[M::mem_pestat] skip orientation RR as there are not enough pairs
[M::mem_pestat] skip orientation RF
[0000] 10. Calling kt_for - worker_sam
	[0000][ M::mem_process_seqs] Processed 529802 reads in 1126.829 CPU sec, 142.956 real sec
[0000] 2. Calling mem_process_seqs.., task: 542
[0000] 3. Calling kt_for - worker_bwt
[0000] read_chunk: 80000000, work_chunk_size: 80000102, nseq: 529802
	[0000][ M::kt_pipeline] read 529802 sequences (80000102 bp)...
[0000] 3. Calling kt_for - worker_aln
Inferring insert size distribution from data, l_pac: 2069526396, n: 529802
[M::mem_pestat] # candidate unique pairs for (FF, FR, RF, RR): (2, 55967, 6, 0)
[M::mem_pestat] skip orientation FF as there are not enough pairs
[M::mem_pestat] analyzing insert size distribution for orientation FR...
[M::mem_pestat] (25, 50, 75) percentile: (223, 290, 383)
[M::mem_pestat] low and high boundaries for computing mean and std.dev: (1, 703)
[M::mem_pestat] mean and std.dev: (310.07, 117.12)
[M::mem_pestat] low and high boundaries for proper pairs: (1, 863)
[M::mem_pestat] skip orientation RF as there are not enough pairs
[M::mem_pestat] skip orientation RR as there are not enough pairs
[0000] 10. Calling kt_for - worker_sam
	[0000][ M::mem_process_seqs] Processed 529802 reads in 1155.767 CPU sec, 147.056 real sec
[0000] 2. Calling mem_process_seqs.., task: 543
[0000] 3. Calling kt_for - worker_bwt
[0000] read_chunk: 80000000, work_chunk_size: 80000102, nseq: 529802
	[0000][ M::kt_pipeline] read 529802 sequences (80000102 bp)...
[0000] 3. Calling kt_for - worker_aln
Inferring insert size distribution from data, l_pac: 2069526396, n: 529802
[M::mem_pestat] # candidate unique pairs for (FF, FR, RF, RR): (0, 56286, 8, 3)
[M::mem_pestat] skip orientation FF as there are not enough pairs
[M::mem_pestat] analyzing insert size distribution for orientation FR...
[M::mem_pestat] (25, 50, 75) percentile: (223, 291, 383)
[M::mem_pestat] low and high boundaries for computing mean and std.dev: (1, 703)
[M::mem_pestat] mean and std.dev: (310.12, 117.16)
[M::mem_pestat] low and high boundaries for proper pairs: (1, 863)
[M::mem_pestat] skip orientation RF as there are not enough pairs
[M::mem_pestat] skip orientation RR as there are not enough pairs
[0000] 10. Calling kt_for - worker_sam
	[0000][ M::mem_process_seqs] Processed 529802 reads in 1073.685 CPU sec, 135.760 real sec
[0000] 2. Calling mem_process_seqs.., task: 544
[0000] 3. Calling kt_for - worker_bwt
[0000] read_chunk: 80000000, work_chunk_size: 80000102, nseq: 529802
	[0000][ M::kt_pipeline] read 529802 sequences (80000102 bp)...
[0000] 3. Calling kt_for - worker_aln
Inferring insert size distribution from data, l_pac: 2069526396, n: 529802
[M::mem_pestat] # candidate unique pairs for (FF, FR, RF, RR): (4, 56417, 8, 5)
[M::mem_pestat] skip orientation FF as there are not enough pairs
[M::mem_pestat] analyzing insert size distribution for orientation FR...
[M::mem_pestat] (25, 50, 75) percentile: (224, 291, 381)
[M::mem_pestat] low and high boundaries for computing mean and std.dev: (1, 695)
[M::mem_pestat] mean and std.dev: (309.51, 116.02)
[M::mem_pestat] low and high boundaries for proper pairs: (1, 852)
[M::mem_pestat] skip orientation RF as there are not enough pairs
[M::mem_pestat] skip orientation RR as there are not enough pairs
[0000] 10. Calling kt_for - worker_sam
	[0000][ M::mem_process_seqs] Processed 529802 reads in 1061.369 CPU sec, 134.312 real sec
[0000] 2. Calling mem_process_seqs.., task: 545
[0000] 3. Calling kt_for - worker_bwt
[0000] read_chunk: 80000000, work_chunk_size: 80000102, nseq: 529802
	[0000][ M::kt_pipeline] read 529802 sequences (80000102 bp)...
[0000] 3. Calling kt_for - worker_aln
Inferring insert size distribution from data, l_pac: 2069526396, n: 529802
[M::mem_pestat] # candidate unique pairs for (FF, FR, RF, RR): (1, 56062, 9, 7)
[M::mem_pestat] skip orientation FF as there are not enough pairs
[M::mem_pestat] analyzing insert size distribution for orientation FR...
[M::mem_pestat] (25, 50, 75) percentile: (224, 291, 385)
[M::mem_pestat] low and high boundaries for computing mean and std.dev: (1, 707)
[M::mem_pestat] mean and std.dev: (310.76, 117.50)
[M::mem_pestat] low and high boundaries for proper pairs: (1, 868)
[M::mem_pestat] skip orientation RF as there are not enough pairs
[M::mem_pestat] skip orientation RR as there are not enough pairs
[0000] 10. Calling kt_for - worker_sam
	[0000][ M::mem_process_seqs] Processed 529802 reads in 1080.415 CPU sec, 136.819 real sec
[0000] 2. Calling mem_process_seqs.., task: 546
[0000] 3. Calling kt_for - worker_bwt
[0000] read_chunk: 80000000, work_chunk_size: 80000102, nseq: 529802
	[0000][ M::kt_pipeline] read 529802 sequences (80000102 bp)...
[0000] 3. Calling kt_for - worker_aln
Inferring insert size distribution from data, l_pac: 2069526396, n: 529802
[M::mem_pestat] # candidate unique pairs for (FF, FR, RF, RR): (2, 56248, 14, 1)
[M::mem_pestat] skip orientation FF as there are not enough pairs
[M::mem_pestat] analyzing insert size distribution for orientation FR...
[M::mem_pestat] (25, 50, 75) percentile: (223, 290, 382)
[M::mem_pestat] low and high boundaries for computing mean and std.dev: (1, 700)
[M::mem_pestat] mean and std.dev: (309.78, 116.17)
[M::mem_pestat] low and high boundaries for proper pairs: (1, 859)
[M::mem_pestat] analyzing insert size distribution for orientation RF...
[M::mem_pestat] (25, 50, 75) percentile: (927, 1619, 3456)
[M::mem_pestat] low and high boundaries for computing mean and std.dev: (1, 8514)
[M::mem_pestat] mean and std.dev: (1954.54, 1647.38)
[M::mem_pestat] low and high boundaries for proper pairs: (1, 11043)
[M::mem_pestat] skip orientation RR as there are not enough pairs
[M::mem_pestat] skip orientation RF
[0000] 10. Calling kt_for - worker_sam
	[0000][ M::mem_process_seqs] Processed 529802 reads in 1121.064 CPU sec, 142.274 real sec
[0000] 2. Calling mem_process_seqs.., task: 547
[0000] 3. Calling kt_for - worker_bwt
[0000] read_chunk: 80000000, work_chunk_size: 80000102, nseq: 529802
	[0000][ M::kt_pipeline] read 529802 sequences (80000102 bp)...
[0000] 3. Calling kt_for - worker_aln
Inferring insert size distribution from data, l_pac: 2069526396, n: 529802
[M::mem_pestat] # candidate unique pairs for (FF, FR, RF, RR): (1, 56122, 7, 0)
[M::mem_pestat] skip orientation FF as there are not enough pairs
[M::mem_pestat] analyzing insert size distribution for orientation FR...
[M::mem_pestat] (25, 50, 75) percentile: (224, 293, 385)
[M::mem_pestat] low and high boundaries for computing mean and std.dev: (1, 707)
[M::mem_pestat] mean and std.dev: (311.64, 117.70)
[M::mem_pestat] low and high boundaries for proper pairs: (1, 868)
[M::mem_pestat] skip orientation RF as there are not enough pairs
[M::mem_pestat] skip orientation RR as there are not enough pairs
[0000] 10. Calling kt_for - worker_sam
	[0000][ M::mem_process_seqs] Processed 529802 reads in 1129.676 CPU sec, 143.606 real sec
[0000] 2. Calling mem_process_seqs.., task: 548
[0000] 3. Calling kt_for - worker_bwt
[0000] read_chunk: 80000000, work_chunk_size: 80000102, nseq: 529802
	[0000][ M::kt_pipeline] read 529802 sequences (80000102 bp)...
[0000] 3. Calling kt_for - worker_aln
Inferring insert size distribution from data, l_pac: 2069526396, n: 529802
[M::mem_pestat] # candidate unique pairs for (FF, FR, RF, RR): (2, 55959, 7, 3)
[M::mem_pestat] skip orientation FF as there are not enough pairs
[M::mem_pestat] analyzing insert size distribution for orientation FR...
[M::mem_pestat] (25, 50, 75) percentile: (224, 291, 383)
[M::mem_pestat] low and high boundaries for computing mean and std.dev: (1, 701)
[M::mem_pestat] mean and std.dev: (310.56, 117.10)
[M::mem_pestat] low and high boundaries for proper pairs: (1, 860)
[M::mem_pestat] skip orientation RF as there are not enough pairs
[M::mem_pestat] skip orientation RR as there are not enough pairs
[0000] 10. Calling kt_for - worker_sam
	[0000][ M::mem_process_seqs] Processed 529802 reads in 1147.275 CPU sec, 145.649 real sec
[0000] 2. Calling mem_process_seqs.., task: 549
[0000] 3. Calling kt_for - worker_bwt
[0000] read_chunk: 80000000, work_chunk_size: 80000102, nseq: 529802
	[0000][ M::kt_pipeline] read 529802 sequences (80000102 bp)...
[0000] 3. Calling kt_for - worker_aln
Inferring insert size distribution from data, l_pac: 2069526396, n: 529802
[M::mem_pestat] # candidate unique pairs for (FF, FR, RF, RR): (6, 56285, 6, 2)
[M::mem_pestat] skip orientation FF as there are not enough pairs
[M::mem_pestat] analyzing insert size distribution for orientation FR...
[M::mem_pestat] (25, 50, 75) percentile: (223, 290, 382)
[M::mem_pestat] low and high boundaries for computing mean and std.dev: (1, 700)
[M::mem_pestat] mean and std.dev: (309.33, 115.94)
[M::mem_pestat] low and high boundaries for proper pairs: (1, 859)
[M::mem_pestat] skip orientation RF as there are not enough pairs
[M::mem_pestat] skip orientation RR as there are not enough pairs
[0000] 10. Calling kt_for - worker_sam
	[0000][ M::mem_process_seqs] Processed 529802 reads in 1152.348 CPU sec, 146.446 real sec
[0000] 2. Calling mem_process_seqs.., task: 550
[0000] 3. Calling kt_for - worker_bwt
[0000] read_chunk: 80000000, work_chunk_size: 80000102, nseq: 529802
	[0000][ M::kt_pipeline] read 529802 sequences (80000102 bp)...
[0000] 3. Calling kt_for - worker_aln
Inferring insert size distribution from data, l_pac: 2069526396, n: 529802
[M::mem_pestat] # candidate unique pairs for (FF, FR, RF, RR): (1, 56155, 8, 2)
[M::mem_pestat] skip orientation FF as there are not enough pairs
[M::mem_pestat] analyzing insert size distribution for orientation FR...
[M::mem_pestat] (25, 50, 75) percentile: (224, 292, 385)
[M::mem_pestat] low and high boundaries for computing mean and std.dev: (1, 707)
[M::mem_pestat] mean and std.dev: (311.60, 118.23)
[M::mem_pestat] low and high boundaries for proper pairs: (1, 868)
[M::mem_pestat] skip orientation RF as there are not enough pairs
[M::mem_pestat] skip orientation RR as there are not enough pairs
[0000] 10. Calling kt_for - worker_sam
	[0000][ M::mem_process_seqs] Processed 529802 reads in 1065.626 CPU sec, 134.864 real sec
[0000] 2. Calling mem_process_seqs.., task: 551
[0000] 3. Calling kt_for - worker_bwt
[0000] read_chunk: 80000000, work_chunk_size: 80000102, nseq: 529802
	[0000][ M::kt_pipeline] read 529802 sequences (80000102 bp)...
[0000] 3. Calling kt_for - worker_aln
Inferring insert size distribution from data, l_pac: 2069526396, n: 529802
[M::mem_pestat] # candidate unique pairs for (FF, FR, RF, RR): (3, 56091, 8, 1)
[M::mem_pestat] skip orientation FF as there are not enough pairs
[M::mem_pestat] analyzing insert size distribution for orientation FR...
[M::mem_pestat] (25, 50, 75) percentile: (224, 292, 385)
[M::mem_pestat] low and high boundaries for computing mean and std.dev: (1, 707)
[M::mem_pestat] mean and std.dev: (311.38, 117.22)
[M::mem_pestat] low and high boundaries for proper pairs: (1, 868)
[M::mem_pestat] skip orientation RF as there are not enough pairs
[M::mem_pestat] skip orientation RR as there are not enough pairs
[0000] 10. Calling kt_for - worker_sam
	[0000][ M::mem_process_seqs] Processed 529802 reads in 1114.485 CPU sec, 141.201 real sec
[0000] 2. Calling mem_process_seqs.., task: 552
[0000] 3. Calling kt_for - worker_bwt
[0000] read_chunk: 80000000, work_chunk_size: 80000102, nseq: 529802
	[0000][ M::kt_pipeline] read 529802 sequences (80000102 bp)...
[0000] 3. Calling kt_for - worker_aln
Inferring insert size distribution from data, l_pac: 2069526396, n: 529802
[M::mem_pestat] # candidate unique pairs for (FF, FR, RF, RR): (4, 56237, 4, 2)
[M::mem_pestat] skip orientation FF as there are not enough pairs
[M::mem_pestat] analyzing insert size distribution for orientation FR...
[M::mem_pestat] (25, 50, 75) percentile: (223, 291, 384)
[M::mem_pestat] low and high boundaries for computing mean and std.dev: (1, 706)
[M::mem_pestat] mean and std.dev: (310.80, 117.44)
[M::mem_pestat] low and high boundaries for proper pairs: (1, 867)
[M::mem_pestat] skip orientation RF as there are not enough pairs
[M::mem_pestat] skip orientation RR as there are not enough pairs
[0000] 10. Calling kt_for - worker_sam
	[0000][ M::mem_process_seqs] Processed 529802 reads in 1120.493 CPU sec, 142.173 real sec
[0000] 2. Calling mem_process_seqs.., task: 553
[0000] 3. Calling kt_for - worker_bwt
[0000] read_chunk: 80000000, work_chunk_size: 80000102, nseq: 529802
	[0000][ M::kt_pipeline] read 529802 sequences (80000102 bp)...
[0000] 3. Calling kt_for - worker_aln
Inferring insert size distribution from data, l_pac: 2069526396, n: 529802
[M::mem_pestat] # candidate unique pairs for (FF, FR, RF, RR): (1, 56260, 6, 1)
[M::mem_pestat] skip orientation FF as there are not enough pairs
[M::mem_pestat] analyzing insert size distribution for orientation FR...
[M::mem_pestat] (25, 50, 75) percentile: (224, 292, 386)
[M::mem_pestat] low and high boundaries for computing mean and std.dev: (1, 710)
[M::mem_pestat] mean and std.dev: (312.22, 118.41)
[M::mem_pestat] low and high boundaries for proper pairs: (1, 872)
[M::mem_pestat] skip orientation RF as there are not enough pairs
[M::mem_pestat] skip orientation RR as there are not enough pairs
[0000] 10. Calling kt_for - worker_sam
	[0000][ M::mem_process_seqs] Processed 529802 reads in 1019.895 CPU sec, 128.820 real sec
[0000] 2. Calling mem_process_seqs.., task: 554
[0000] 3. Calling kt_for - worker_bwt
[0000] read_chunk: 80000000, work_chunk_size: 80000102, nseq: 529802
	[0000][ M::kt_pipeline] read 529802 sequences (80000102 bp)...
[0000] 3. Calling kt_for - worker_aln
Inferring insert size distribution from data, l_pac: 2069526396, n: 529802
[M::mem_pestat] # candidate unique pairs for (FF, FR, RF, RR): (2, 56027, 8, 4)
[M::mem_pestat] skip orientation FF as there are not enough pairs
[M::mem_pestat] analyzing insert size distribution for orientation FR...
[M::mem_pestat] (25, 50, 75) percentile: (224, 291, 383)
[M::mem_pestat] low and high boundaries for computing mean and std.dev: (1, 701)
[M::mem_pestat] mean and std.dev: (310.51, 116.70)
[M::mem_pestat] low and high boundaries for proper pairs: (1, 860)
[M::mem_pestat] skip orientation RF as there are not enough pairs
[M::mem_pestat] skip orientation RR as there are not enough pairs
[0000] 10. Calling kt_for - worker_sam
	[0000][ M::mem_process_seqs] Processed 529802 reads in 1118.023 CPU sec, 142.062 real sec
[0000] 2. Calling mem_process_seqs.., task: 555
[0000] 3. Calling kt_for - worker_bwt
[0000] read_chunk: 80000000, work_chunk_size: 80000102, nseq: 529802
	[0000][ M::kt_pipeline] read 529802 sequences (80000102 bp)...
[0000] 3. Calling kt_for - worker_aln
Inferring insert size distribution from data, l_pac: 2069526396, n: 529802
[M::mem_pestat] # candidate unique pairs for (FF, FR, RF, RR): (1, 55928, 10, 0)
[M::mem_pestat] skip orientation FF as there are not enough pairs
[M::mem_pestat] analyzing insert size distribution for orientation FR...
[M::mem_pestat] (25, 50, 75) percentile: (224, 293, 388)
[M::mem_pestat] low and high boundaries for computing mean and std.dev: (1, 716)
[M::mem_pestat] mean and std.dev: (313.33, 120.04)
[M::mem_pestat] low and high boundaries for proper pairs: (1, 880)
[M::mem_pestat] analyzing insert size distribution for orientation RF...
[M::mem_pestat] (25, 50, 75) percentile: (766, 1191, 3233)
[M::mem_pestat] low and high boundaries for computing mean and std.dev: (1, 8167)
[M::mem_pestat] mean and std.dev: (1970.90, 2087.68)
[M::mem_pestat] low and high boundaries for proper pairs: (1, 10634)
[M::mem_pestat] skip orientation RR as there are not enough pairs
[M::mem_pestat] skip orientation RF
[0000] 10. Calling kt_for - worker_sam
	[0000][ M::mem_process_seqs] Processed 529802 reads in 1181.717 CPU sec, 150.256 real sec
[0000] 2. Calling mem_process_seqs.., task: 556
[0000] 3. Calling kt_for - worker_bwt
[0000] read_chunk: 80000000, work_chunk_size: 80000102, nseq: 529802
	[0000][ M::kt_pipeline] read 529802 sequences (80000102 bp)...
[0000] 3. Calling kt_for - worker_aln
Inferring insert size distribution from data, l_pac: 2069526396, n: 529802
[M::mem_pestat] # candidate unique pairs for (FF, FR, RF, RR): (1, 55913, 8, 3)
[M::mem_pestat] skip orientation FF as there are not enough pairs
[M::mem_pestat] analyzing insert size distribution for orientation FR...
[M::mem_pestat] (25, 50, 75) percentile: (224, 292, 384)
[M::mem_pestat] low and high boundaries for computing mean and std.dev: (1, 704)
[M::mem_pestat] mean and std.dev: (311.68, 118.08)
[M::mem_pestat] low and high boundaries for proper pairs: (1, 864)
[M::mem_pestat] skip orientation RF as there are not enough pairs
[M::mem_pestat] skip orientation RR as there are not enough pairs
[0000] 10. Calling kt_for - worker_sam
	[0000][ M::mem_process_seqs] Processed 529802 reads in 1161.788 CPU sec, 147.765 real sec
[0000] 2. Calling mem_process_seqs.., task: 557
[0000] 3. Calling kt_for - worker_bwt
[0000] read_chunk: 80000000, work_chunk_size: 80000102, nseq: 529802
	[0000][ M::kt_pipeline] read 529802 sequences (80000102 bp)...
[0000] 3. Calling kt_for - worker_aln
Inferring insert size distribution from data, l_pac: 2069526396, n: 529802
[M::mem_pestat] # candidate unique pairs for (FF, FR, RF, RR): (1, 55873, 2, 1)
[M::mem_pestat] skip orientation FF as there are not enough pairs
[M::mem_pestat] analyzing insert size distribution for orientation FR...
[M::mem_pestat] (25, 50, 75) percentile: (224, 291, 384)
[M::mem_pestat] low and high boundaries for computing mean and std.dev: (1, 704)
[M::mem_pestat] mean and std.dev: (310.96, 116.98)
[M::mem_pestat] low and high boundaries for proper pairs: (1, 864)
[M::mem_pestat] skip orientation RF as there are not enough pairs
[M::mem_pestat] skip orientation RR as there are not enough pairs
[0000] 10. Calling kt_for - worker_sam
	[0000][ M::mem_process_seqs] Processed 529802 reads in 1198.708 CPU sec, 153.370 real sec
[0000] 2. Calling mem_process_seqs.., task: 558
[0000] 3. Calling kt_for - worker_bwt
[0000] read_chunk: 80000000, work_chunk_size: 80000102, nseq: 529802
	[0000][ M::kt_pipeline] read 529802 sequences (80000102 bp)...
[0000] 3. Calling kt_for - worker_aln
Inferring insert size distribution from data, l_pac: 2069526396, n: 529802
[M::mem_pestat] # candidate unique pairs for (FF, FR, RF, RR): (2, 56347, 8, 1)
[M::mem_pestat] skip orientation FF as there are not enough pairs
[M::mem_pestat] analyzing insert size distribution for orientation FR...
[M::mem_pestat] (25, 50, 75) percentile: (223, 292, 386)
[M::mem_pestat] low and high boundaries for computing mean and std.dev: (1, 712)
[M::mem_pestat] mean and std.dev: (312.07, 118.39)
[M::mem_pestat] low and high boundaries for proper pairs: (1, 875)
[M::mem_pestat] skip orientation RF as there are not enough pairs
[M::mem_pestat] skip orientation RR as there are not enough pairs
[0000] 10. Calling kt_for - worker_sam
	[0000][ M::mem_process_seqs] Processed 529802 reads in 1106.125 CPU sec, 140.056 real sec
[0000] 2. Calling mem_process_seqs.., task: 559
[0000] 3. Calling kt_for - worker_bwt
[0000] read_chunk: 80000000, work_chunk_size: 80000102, nseq: 529802
	[0000][ M::kt_pipeline] read 529802 sequences (80000102 bp)...
[0000] 3. Calling kt_for - worker_aln
Inferring insert size distribution from data, l_pac: 2069526396, n: 529802
[M::mem_pestat] # candidate unique pairs for (FF, FR, RF, RR): (4, 56174, 8, 3)
[M::mem_pestat] skip orientation FF as there are not enough pairs
[M::mem_pestat] analyzing insert size distribution for orientation FR...
[M::mem_pestat] (25, 50, 75) percentile: (223, 291, 385)
[M::mem_pestat] low and high boundaries for computing mean and std.dev: (1, 709)
[M::mem_pestat] mean and std.dev: (310.98, 117.52)
[M::mem_pestat] low and high boundaries for proper pairs: (1, 871)
[M::mem_pestat] skip orientation RF as there are not enough pairs
[M::mem_pestat] skip orientation RR as there are not enough pairs
[0000] 10. Calling kt_for - worker_sam
	[0000][ M::mem_process_seqs] Processed 529802 reads in 1189.328 CPU sec, 151.760 real sec
[0000] 2. Calling mem_process_seqs.., task: 560
[0000] 3. Calling kt_for - worker_bwt
[0000] read_chunk: 80000000, work_chunk_size: 80000102, nseq: 529802
	[0000][ M::kt_pipeline] read 529802 sequences (80000102 bp)...
[0000] 3. Calling kt_for - worker_aln
Inferring insert size distribution from data, l_pac: 2069526396, n: 529802
[M::mem_pestat] # candidate unique pairs for (FF, FR, RF, RR): (3, 55721, 5, 3)
[M::mem_pestat] skip orientation FF as there are not enough pairs
[M::mem_pestat] analyzing insert size distribution for orientation FR...
[M::mem_pestat] (25, 50, 75) percentile: (223, 292, 384)
[M::mem_pestat] low and high boundaries for computing mean and std.dev: (1, 706)
[M::mem_pestat] mean and std.dev: (310.70, 117.66)
[M::mem_pestat] low and high boundaries for proper pairs: (1, 867)
[M::mem_pestat] skip orientation RF as there are not enough pairs
[M::mem_pestat] skip orientation RR as there are not enough pairs
[0000] 10. Calling kt_for - worker_sam
	[0000][ M::mem_process_seqs] Processed 529802 reads in 1171.017 CPU sec, 148.827 real sec
[0000] 2. Calling mem_process_seqs.., task: 561
[0000] 3. Calling kt_for - worker_bwt
[0000] read_chunk: 80000000, work_chunk_size: 80000102, nseq: 529802
	[0000][ M::kt_pipeline] read 529802 sequences (80000102 bp)...
[0000] 3. Calling kt_for - worker_aln
Inferring insert size distribution from data, l_pac: 2069526396, n: 529802
[M::mem_pestat] # candidate unique pairs for (FF, FR, RF, RR): (3, 56681, 6, 0)
[M::mem_pestat] skip orientation FF as there are not enough pairs
[M::mem_pestat] analyzing insert size distribution for orientation FR...
[M::mem_pestat] (25, 50, 75) percentile: (224, 292, 385)
[M::mem_pestat] low and high boundaries for computing mean and std.dev: (1, 707)
[M::mem_pestat] mean and std.dev: (311.82, 117.92)
[M::mem_pestat] low and high boundaries for proper pairs: (1, 868)
[M::mem_pestat] skip orientation RF as there are not enough pairs
[M::mem_pestat] skip orientation RR as there are not enough pairs
[0000] 10. Calling kt_for - worker_sam
	[0000][ M::mem_process_seqs] Processed 529802 reads in 1104.837 CPU sec, 140.312 real sec
[0000] 2. Calling mem_process_seqs.., task: 562
[0000] 3. Calling kt_for - worker_bwt
[0000] read_chunk: 80000000, work_chunk_size: 80000102, nseq: 529802
	[0000][ M::kt_pipeline] read 529802 sequences (80000102 bp)...
[0000] 3. Calling kt_for - worker_aln
Inferring insert size distribution from data, l_pac: 2069526396, n: 529802
[M::mem_pestat] # candidate unique pairs for (FF, FR, RF, RR): (2, 56194, 4, 2)
[M::mem_pestat] skip orientation FF as there are not enough pairs
[M::mem_pestat] analyzing insert size distribution for orientation FR...
[M::mem_pestat] (25, 50, 75) percentile: (224, 292, 384)
[M::mem_pestat] low and high boundaries for computing mean and std.dev: (1, 704)
[M::mem_pestat] mean and std.dev: (311.11, 117.12)
[M::mem_pestat] low and high boundaries for proper pairs: (1, 864)
[M::mem_pestat] skip orientation RF as there are not enough pairs
[M::mem_pestat] skip orientation RR as there are not enough pairs
[0000] 10. Calling kt_for - worker_sam
	[0000][ M::mem_process_seqs] Processed 529802 reads in 1120.851 CPU sec, 142.807 real sec
[0000] 2. Calling mem_process_seqs.., task: 563
[0000] 3. Calling kt_for - worker_bwt
[0000] read_chunk: 80000000, work_chunk_size: 80000102, nseq: 529802
	[0000][ M::kt_pipeline] read 529802 sequences (80000102 bp)...
[0000] 3. Calling kt_for - worker_aln
Inferring insert size distribution from data, l_pac: 2069526396, n: 529802
[M::mem_pestat] # candidate unique pairs for (FF, FR, RF, RR): (4, 55838, 5, 2)
[M::mem_pestat] skip orientation FF as there are not enough pairs
[M::mem_pestat] analyzing insert size distribution for orientation FR...
[M::mem_pestat] (25, 50, 75) percentile: (224, 291, 383)
[M::mem_pestat] low and high boundaries for computing mean and std.dev: (1, 701)
[M::mem_pestat] mean and std.dev: (310.79, 117.60)
[M::mem_pestat] low and high boundaries for proper pairs: (1, 860)
[M::mem_pestat] skip orientation RF as there are not enough pairs
[M::mem_pestat] skip orientation RR as there are not enough pairs
[0000] 10. Calling kt_for - worker_sam
	[0000][ M::mem_process_seqs] Processed 529802 reads in 1196.009 CPU sec, 152.811 real sec
[0000] 2. Calling mem_process_seqs.., task: 564
[0000] 3. Calling kt_for - worker_bwt
[0000] read_chunk: 80000000, work_chunk_size: 80000102, nseq: 529802
	[0000][ M::kt_pipeline] read 529802 sequences (80000102 bp)...
[0000] 3. Calling kt_for - worker_aln
Inferring insert size distribution from data, l_pac: 2069526396, n: 529802
[M::mem_pestat] # candidate unique pairs for (FF, FR, RF, RR): (1, 55820, 8, 3)
[M::mem_pestat] skip orientation FF as there are not enough pairs
[M::mem_pestat] analyzing insert size distribution for orientation FR...
[M::mem_pestat] (25, 50, 75) percentile: (225, 291, 385)
[M::mem_pestat] low and high boundaries for computing mean and std.dev: (1, 705)
[M::mem_pestat] mean and std.dev: (311.49, 117.78)
[M::mem_pestat] low and high boundaries for proper pairs: (1, 865)
[M::mem_pestat] skip orientation RF as there are not enough pairs
[M::mem_pestat] skip orientation RR as there are not enough pairs
[0000] 10. Calling kt_for - worker_sam
	[0000][ M::mem_process_seqs] Processed 529802 reads in 1192.562 CPU sec, 151.447 real sec
[0000] 2. Calling mem_process_seqs.., task: 565
[0000] 3. Calling kt_for - worker_bwt
[0000] read_chunk: 80000000, work_chunk_size: 80000102, nseq: 529802
	[0000][ M::kt_pipeline] read 529802 sequences (80000102 bp)...
[0000] 3. Calling kt_for - worker_aln
Inferring insert size distribution from data, l_pac: 2069526396, n: 529802
[M::mem_pestat] # candidate unique pairs for (FF, FR, RF, RR): (2, 55417, 6, 1)
[M::mem_pestat] skip orientation FF as there are not enough pairs
[M::mem_pestat] analyzing insert size distribution for orientation FR...
[M::mem_pestat] (25, 50, 75) percentile: (224, 292, 384)
[M::mem_pestat] low and high boundaries for computing mean and std.dev: (1, 704)
[M::mem_pestat] mean and std.dev: (310.85, 116.81)
[M::mem_pestat] low and high boundaries for proper pairs: (1, 864)
[M::mem_pestat] skip orientation RF as there are not enough pairs
[M::mem_pestat] skip orientation RR as there are not enough pairs
[0000] 10. Calling kt_for - worker_sam
	[0000][ M::mem_process_seqs] Processed 529802 reads in 1180.840 CPU sec, 150.061 real sec
[0000] 2. Calling mem_process_seqs.., task: 566
[0000] 3. Calling kt_for - worker_bwt
[0000] read_chunk: 80000000, work_chunk_size: 80000102, nseq: 529802
	[0000][ M::kt_pipeline] read 529802 sequences (80000102 bp)...
[0000] 3. Calling kt_for - worker_aln
Inferring insert size distribution from data, l_pac: 2069526396, n: 529802
[M::mem_pestat] # candidate unique pairs for (FF, FR, RF, RR): (4, 56026, 18, 1)
[M::mem_pestat] skip orientation FF as there are not enough pairs
[M::mem_pestat] analyzing insert size distribution for orientation FR...
[M::mem_pestat] (25, 50, 75) percentile: (225, 292, 385)
[M::mem_pestat] low and high boundaries for computing mean and std.dev: (1, 705)
[M::mem_pestat] mean and std.dev: (312.02, 117.41)
[M::mem_pestat] low and high boundaries for proper pairs: (1, 865)
[M::mem_pestat] analyzing insert size distribution for orientation RF...
[M::mem_pestat] (25, 50, 75) percentile: (780, 2200, 4668)
[M::mem_pestat] low and high boundaries for computing mean and std.dev: (1, 12444)
[M::mem_pestat] mean and std.dev: (2970.56, 2635.10)
[M::mem_pestat] low and high boundaries for proper pairs: (1, 16332)
[M::mem_pestat] skip orientation RR as there are not enough pairs
[M::mem_pestat] skip orientation RF
[0000] 10. Calling kt_for - worker_sam
	[0000][ M::mem_process_seqs] Processed 529802 reads in 1164.323 CPU sec, 148.244 real sec
[0000] 2. Calling mem_process_seqs.., task: 567
[0000] 3. Calling kt_for - worker_bwt
[0000] read_chunk: 80000000, work_chunk_size: 80000102, nseq: 529802
	[0000][ M::kt_pipeline] read 529802 sequences (80000102 bp)...
[0000] 3. Calling kt_for - worker_aln
Inferring insert size distribution from data, l_pac: 2069526396, n: 529802
[M::mem_pestat] # candidate unique pairs for (FF, FR, RF, RR): (3, 56105, 5, 2)
[M::mem_pestat] skip orientation FF as there are not enough pairs
[M::mem_pestat] analyzing insert size distribution for orientation FR...
[M::mem_pestat] (25, 50, 75) percentile: (225, 293, 386)
[M::mem_pestat] low and high boundaries for computing mean and std.dev: (1, 708)
[M::mem_pestat] mean and std.dev: (312.74, 118.45)
[M::mem_pestat] low and high boundaries for proper pairs: (1, 869)
[M::mem_pestat] skip orientation RF as there are not enough pairs
[M::mem_pestat] skip orientation RR as there are not enough pairs
[0000] 10. Calling kt_for - worker_sam
	[0000][ M::mem_process_seqs] Processed 529802 reads in 1151.757 CPU sec, 146.076 real sec
[0000] 2. Calling mem_process_seqs.., task: 568
[0000] 3. Calling kt_for - worker_bwt
[0000] read_chunk: 80000000, work_chunk_size: 80000102, nseq: 529802
	[0000][ M::kt_pipeline] read 529802 sequences (80000102 bp)...
[0000] 3. Calling kt_for - worker_aln
Inferring insert size distribution from data, l_pac: 2069526396, n: 529802
[M::mem_pestat] # candidate unique pairs for (FF, FR, RF, RR): (3, 56401, 5, 5)
[M::mem_pestat] skip orientation FF as there are not enough pairs
[M::mem_pestat] analyzing insert size distribution for orientation FR...
[M::mem_pestat] (25, 50, 75) percentile: (223, 291, 386)
[M::mem_pestat] low and high boundaries for computing mean and std.dev: (1, 712)
[M::mem_pestat] mean and std.dev: (312.22, 118.77)
[M::mem_pestat] low and high boundaries for proper pairs: (1, 875)
[M::mem_pestat] skip orientation RF as there are not enough pairs
[M::mem_pestat] skip orientation RR as there are not enough pairs
[0000] 10. Calling kt_for - worker_sam
	[0000][ M::mem_process_seqs] Processed 529802 reads in 1173.252 CPU sec, 149.027 real sec
[0000] 2. Calling mem_process_seqs.., task: 569
[0000] 3. Calling kt_for - worker_bwt
[0000] read_chunk: 80000000, work_chunk_size: 80000102, nseq: 529802
	[0000][ M::kt_pipeline] read 529802 sequences (80000102 bp)...
[0000] 3. Calling kt_for - worker_aln
Inferring insert size distribution from data, l_pac: 2069526396, n: 529802
[M::mem_pestat] # candidate unique pairs for (FF, FR, RF, RR): (4, 56037, 10, 4)
[M::mem_pestat] skip orientation FF as there are not enough pairs
[M::mem_pestat] analyzing insert size distribution for orientation FR...
[M::mem_pestat] (25, 50, 75) percentile: (225, 294, 387)
[M::mem_pestat] low and high boundaries for computing mean and std.dev: (1, 711)
[M::mem_pestat] mean and std.dev: (313.52, 117.82)
[M::mem_pestat] low and high boundaries for proper pairs: (1, 873)
[M::mem_pestat] analyzing insert size distribution for orientation RF...
[M::mem_pestat] (25, 50, 75) percentile: (620, 2889, 3745)
[M::mem_pestat] low and high boundaries for computing mean and std.dev: (1, 9995)
[M::mem_pestat] mean and std.dev: (2641.90, 2342.33)
[M::mem_pestat] low and high boundaries for proper pairs: (1, 13120)
[M::mem_pestat] skip orientation RR as there are not enough pairs
[M::mem_pestat] skip orientation RF
[0000] 10. Calling kt_for - worker_sam
	[0000][ M::mem_process_seqs] Processed 529802 reads in 1178.711 CPU sec, 149.962 real sec
[0000] 2. Calling mem_process_seqs.., task: 570
[0000] 3. Calling kt_for - worker_bwt
[0000] read_chunk: 80000000, work_chunk_size: 80000102, nseq: 529802
	[0000][ M::kt_pipeline] read 529802 sequences (80000102 bp)...
[0000] 3. Calling kt_for - worker_aln
Inferring insert size distribution from data, l_pac: 2069526396, n: 529802
[M::mem_pestat] # candidate unique pairs for (FF, FR, RF, RR): (0, 56388, 7, 3)
[M::mem_pestat] skip orientation FF as there are not enough pairs
[M::mem_pestat] analyzing insert size distribution for orientation FR...
[M::mem_pestat] (25, 50, 75) percentile: (227, 297, 391)
[M::mem_pestat] low and high boundaries for computing mean and std.dev: (1, 719)
[M::mem_pestat] mean and std.dev: (316.33, 120.38)
[M::mem_pestat] low and high boundaries for proper pairs: (1, 883)
[M::mem_pestat] skip orientation RF as there are not enough pairs
[M::mem_pestat] skip orientation RR as there are not enough pairs
[0000] 10. Calling kt_for - worker_sam
	[0000][ M::mem_process_seqs] Processed 529802 reads in 1078.661 CPU sec, 136.444 real sec
[0000] 2. Calling mem_process_seqs.., task: 571
[0000] 3. Calling kt_for - worker_bwt
[0000] read_chunk: 80000000, work_chunk_size: 80000102, nseq: 529802
	[0000][ M::kt_pipeline] read 529802 sequences (80000102 bp)...
[0000] 3. Calling kt_for - worker_aln
Inferring insert size distribution from data, l_pac: 2069526396, n: 529802
[M::mem_pestat] # candidate unique pairs for (FF, FR, RF, RR): (5, 56050, 8, 4)
[M::mem_pestat] skip orientation FF as there are not enough pairs
[M::mem_pestat] analyzing insert size distribution for orientation FR...
[M::mem_pestat] (25, 50, 75) percentile: (228, 297, 392)
[M::mem_pestat] low and high boundaries for computing mean and std.dev: (1, 720)
[M::mem_pestat] mean and std.dev: (317.52, 120.58)
[M::mem_pestat] low and high boundaries for proper pairs: (1, 884)
[M::mem_pestat] skip orientation RF as there are not enough pairs
[M::mem_pestat] skip orientation RR as there are not enough pairs
[0000] 10. Calling kt_for - worker_sam
	[0000][ M::mem_process_seqs] Processed 529802 reads in 1111.575 CPU sec, 141.639 real sec
[0000] 2. Calling mem_process_seqs.., task: 572
[0000] 3. Calling kt_for - worker_bwt
[0000] read_chunk: 80000000, work_chunk_size: 80000102, nseq: 529802
	[0000][ M::kt_pipeline] read 529802 sequences (80000102 bp)...
[0000] 3. Calling kt_for - worker_aln
Inferring insert size distribution from data, l_pac: 2069526396, n: 529802
[M::mem_pestat] # candidate unique pairs for (FF, FR, RF, RR): (3, 55967, 7, 1)
[M::mem_pestat] skip orientation FF as there are not enough pairs
[M::mem_pestat] analyzing insert size distribution for orientation FR...
[M::mem_pestat] (25, 50, 75) percentile: (228, 298, 394)
[M::mem_pestat] low and high boundaries for computing mean and std.dev: (1, 726)
[M::mem_pestat] mean and std.dev: (318.20, 121.88)
[M::mem_pestat] low and high boundaries for proper pairs: (1, 892)
[M::mem_pestat] skip orientation RF as there are not enough pairs
[M::mem_pestat] skip orientation RR as there are not enough pairs
[0000] 10. Calling kt_for - worker_sam
	[0000][ M::mem_process_seqs] Processed 529802 reads in 1198.645 CPU sec, 153.171 real sec
[0000] 2. Calling mem_process_seqs.., task: 573
[0000] 3. Calling kt_for - worker_bwt
[0000] read_chunk: 80000000, work_chunk_size: 80000102, nseq: 529802
	[0000][ M::kt_pipeline] read 529802 sequences (80000102 bp)...
[0000] 3. Calling kt_for - worker_aln
Inferring insert size distribution from data, l_pac: 2069526396, n: 529802
[M::mem_pestat] # candidate unique pairs for (FF, FR, RF, RR): (1, 56179, 9, 2)
[M::mem_pestat] skip orientation FF as there are not enough pairs
[M::mem_pestat] analyzing insert size distribution for orientation FR...
[M::mem_pestat] (25, 50, 75) percentile: (229, 300, 394)
[M::mem_pestat] low and high boundaries for computing mean and std.dev: (1, 724)
[M::mem_pestat] mean and std.dev: (319.63, 121.12)
[M::mem_pestat] low and high boundaries for proper pairs: (1, 889)
[M::mem_pestat] skip orientation RF as there are not enough pairs
[M::mem_pestat] skip orientation RR as there are not enough pairs
[0000] 10. Calling kt_for - worker_sam
	[0000][ M::mem_process_seqs] Processed 529802 reads in 1190.375 CPU sec, 151.687 real sec
[0000] 2. Calling mem_process_seqs.., task: 574
[0000] 3. Calling kt_for - worker_bwt
[0000] read_chunk: 80000000, work_chunk_size: 80000102, nseq: 529802
	[0000][ M::kt_pipeline] read 529802 sequences (80000102 bp)...
[0000] 3. Calling kt_for - worker_aln
Inferring insert size distribution from data, l_pac: 2069526396, n: 529802
[M::mem_pestat] # candidate unique pairs for (FF, FR, RF, RR): (1, 55737, 7, 3)
[M::mem_pestat] skip orientation FF as there are not enough pairs
[M::mem_pestat] analyzing insert size distribution for orientation FR...
[M::mem_pestat] (25, 50, 75) percentile: (228, 298, 394)
[M::mem_pestat] low and high boundaries for computing mean and std.dev: (1, 726)
[M::mem_pestat] mean and std.dev: (317.95, 120.83)
[M::mem_pestat] low and high boundaries for proper pairs: (1, 892)
[M::mem_pestat] skip orientation RF as there are not enough pairs
[M::mem_pestat] skip orientation RR as there are not enough pairs
[0000] 10. Calling kt_for - worker_sam
	[0000][ M::mem_process_seqs] Processed 529802 reads in 1197.477 CPU sec, 152.801 real sec
[0000] 2. Calling mem_process_seqs.., task: 575
[0000] 3. Calling kt_for - worker_bwt
[0000] read_chunk: 80000000, work_chunk_size: 80000102, nseq: 529802
	[0000][ M::kt_pipeline] read 529802 sequences (80000102 bp)...
[0000] 3. Calling kt_for - worker_aln
Inferring insert size distribution from data, l_pac: 2069526396, n: 529802
[M::mem_pestat] # candidate unique pairs for (FF, FR, RF, RR): (1, 56002, 11, 3)
[M::mem_pestat] skip orientation FF as there are not enough pairs
[M::mem_pestat] analyzing insert size distribution for orientation FR...
[M::mem_pestat] (25, 50, 75) percentile: (227, 298, 395)
[M::mem_pestat] low and high boundaries for computing mean and std.dev: (1, 731)
[M::mem_pestat] mean and std.dev: (318.58, 121.70)
[M::mem_pestat] low and high boundaries for proper pairs: (1, 899)
[M::mem_pestat] analyzing insert size distribution for orientation RF...
[M::mem_pestat] (25, 50, 75) percentile: (243, 805, 2322)
[M::mem_pestat] low and high boundaries for computing mean and std.dev: (1, 6480)
[M::mem_pestat] mean and std.dev: (993.50, 1038.12)
[M::mem_pestat] low and high boundaries for proper pairs: (1, 8559)
[M::mem_pestat] skip orientation RR as there are not enough pairs
[M::mem_pestat] skip orientation RF
[0000] 10. Calling kt_for - worker_sam
	[0000][ M::mem_process_seqs] Processed 529802 reads in 1230.755 CPU sec, 157.654 real sec
[0000] 2. Calling mem_process_seqs.., task: 576
[0000] 3. Calling kt_for - worker_bwt
[0000] read_chunk: 80000000, work_chunk_size: 80000102, nseq: 529802
	[0000][ M::kt_pipeline] read 529802 sequences (80000102 bp)...
[0000] 3. Calling kt_for - worker_aln
Inferring insert size distribution from data, l_pac: 2069526396, n: 529802
[M::mem_pestat] # candidate unique pairs for (FF, FR, RF, RR): (2, 55803, 4, 2)
[M::mem_pestat] skip orientation FF as there are not enough pairs
[M::mem_pestat] analyzing insert size distribution for orientation FR...
[M::mem_pestat] (25, 50, 75) percentile: (228, 297, 392)
[M::mem_pestat] low and high boundaries for computing mean and std.dev: (1, 720)
[M::mem_pestat] mean and std.dev: (316.80, 120.15)
[M::mem_pestat] low and high boundaries for proper pairs: (1, 884)
[M::mem_pestat] skip orientation RF as there are not enough pairs
[M::mem_pestat] skip orientation RR as there are not enough pairs
[0000] 10. Calling kt_for - worker_sam
	[0000][ M::mem_process_seqs] Processed 529802 reads in 1176.251 CPU sec, 153.635 real sec
[0000] 2. Calling mem_process_seqs.., task: 577
[0000] 3. Calling kt_for - worker_bwt
[0000] read_chunk: 80000000, work_chunk_size: 80000102, nseq: 529802
	[0000][ M::kt_pipeline] read 529802 sequences (80000102 bp)...
[0000] 3. Calling kt_for - worker_aln
Inferring insert size distribution from data, l_pac: 2069526396, n: 529802
[M::mem_pestat] # candidate unique pairs for (FF, FR, RF, RR): (5, 56112, 8, 3)
[M::mem_pestat] skip orientation FF as there are not enough pairs
[M::mem_pestat] analyzing insert size distribution for orientation FR...
[M::mem_pestat] (25, 50, 75) percentile: (227, 297, 393)
[M::mem_pestat] low and high boundaries for computing mean and std.dev: (1, 725)
[M::mem_pestat] mean and std.dev: (317.07, 120.59)
[M::mem_pestat] low and high boundaries for proper pairs: (1, 891)
[M::mem_pestat] skip orientation RF as there are not enough pairs
[M::mem_pestat] skip orientation RR as there are not enough pairs
[0000] 10. Calling kt_for - worker_sam
	[0000][ M::mem_process_seqs] Processed 529802 reads in 1212.197 CPU sec, 159.557 real sec
[0000] 2. Calling mem_process_seqs.., task: 578
[0000] 3. Calling kt_for - worker_bwt
[0000] read_chunk: 80000000, work_chunk_size: 80000102, nseq: 529802
	[0000][ M::kt_pipeline] read 529802 sequences (80000102 bp)...
[0000] 3. Calling kt_for - worker_aln
Inferring insert size distribution from data, l_pac: 2069526396, n: 529802
[M::mem_pestat] # candidate unique pairs for (FF, FR, RF, RR): (1, 55796, 6, 3)
[M::mem_pestat] skip orientation FF as there are not enough pairs
[M::mem_pestat] analyzing insert size distribution for orientation FR...
[M::mem_pestat] (25, 50, 75) percentile: (227, 296, 390)
[M::mem_pestat] low and high boundaries for computing mean and std.dev: (1, 716)
[M::mem_pestat] mean and std.dev: (315.81, 119.99)
[M::mem_pestat] low and high boundaries for proper pairs: (1, 879)
[M::mem_pestat] skip orientation RF as there are not enough pairs
[M::mem_pestat] skip orientation RR as there are not enough pairs
[0000] 10. Calling kt_for - worker_sam
	[0000][ M::mem_process_seqs] Processed 529802 reads in 1184.421 CPU sec, 157.367 real sec
[0000] 2. Calling mem_process_seqs.., task: 579
[0000] 3. Calling kt_for - worker_bwt
[0000] read_chunk: 80000000, work_chunk_size: 80000102, nseq: 529802
	[0000][ M::kt_pipeline] read 529802 sequences (80000102 bp)...
[0000] 3. Calling kt_for - worker_aln
Inferring insert size distribution from data, l_pac: 2069526396, n: 529802
[M::mem_pestat] # candidate unique pairs for (FF, FR, RF, RR): (6, 56249, 11, 4)
[M::mem_pestat] skip orientation FF as there are not enough pairs
[M::mem_pestat] analyzing insert size distribution for orientation FR...
[M::mem_pestat] (25, 50, 75) percentile: (227, 297, 392)
[M::mem_pestat] low and high boundaries for computing mean and std.dev: (1, 722)
[M::mem_pestat] mean and std.dev: (316.71, 120.54)
[M::mem_pestat] low and high boundaries for proper pairs: (1, 887)
[M::mem_pestat] analyzing insert size distribution for orientation RF...
[M::mem_pestat] (25, 50, 75) percentile: (1642, 2759, 4843)
[M::mem_pestat] low and high boundaries for computing mean and std.dev: (1, 11245)
[M::mem_pestat] mean and std.dev: (2891.64, 1908.46)
[M::mem_pestat] low and high boundaries for proper pairs: (1, 14446)
[M::mem_pestat] skip orientation RR as there are not enough pairs
[M::mem_pestat] skip orientation RF
[0000] 10. Calling kt_for - worker_sam
	[0000][ M::mem_process_seqs] Processed 529802 reads in 1181.605 CPU sec, 155.078 real sec
[0000] 2. Calling mem_process_seqs.., task: 580
[0000] 3. Calling kt_for - worker_bwt
[0000] read_chunk: 80000000, work_chunk_size: 80000102, nseq: 529802
	[0000][ M::kt_pipeline] read 529802 sequences (80000102 bp)...
[0000] 3. Calling kt_for - worker_aln
Inferring insert size distribution from data, l_pac: 2069526396, n: 529802
[M::mem_pestat] # candidate unique pairs for (FF, FR, RF, RR): (2, 56122, 5, 6)
[M::mem_pestat] skip orientation FF as there are not enough pairs
[M::mem_pestat] analyzing insert size distribution for orientation FR...
[M::mem_pestat] (25, 50, 75) percentile: (225, 294, 389)
[M::mem_pestat] low and high boundaries for computing mean and std.dev: (1, 717)
[M::mem_pestat] mean and std.dev: (314.56, 120.10)
[M::mem_pestat] low and high boundaries for proper pairs: (1, 881)
[M::mem_pestat] skip orientation RF as there are not enough pairs
[M::mem_pestat] skip orientation RR as there are not enough pairs
[0000] 10. Calling kt_for - worker_sam
	[0000][ M::mem_process_seqs] Processed 529802 reads in 1118.915 CPU sec, 144.663 real sec
[0000] 2. Calling mem_process_seqs.., task: 581
[0000] 3. Calling kt_for - worker_bwt
[0000] read_chunk: 80000000, work_chunk_size: 80000102, nseq: 529802
	[0000][ M::kt_pipeline] read 529802 sequences (80000102 bp)...
[0000] 3. Calling kt_for - worker_aln
Inferring insert size distribution from data, l_pac: 2069526396, n: 529802
[M::mem_pestat] # candidate unique pairs for (FF, FR, RF, RR): (1, 56313, 11, 3)
[M::mem_pestat] skip orientation FF as there are not enough pairs
[M::mem_pestat] analyzing insert size distribution for orientation FR...
[M::mem_pestat] (25, 50, 75) percentile: (226, 296, 389)
[M::mem_pestat] low and high boundaries for computing mean and std.dev: (1, 715)
[M::mem_pestat] mean and std.dev: (315.27, 120.04)
[M::mem_pestat] low and high boundaries for proper pairs: (1, 878)
[M::mem_pestat] analyzing insert size distribution for orientation RF...
[M::mem_pestat] (25, 50, 75) percentile: (2154, 4035, 6818)
[M::mem_pestat] low and high boundaries for computing mean and std.dev: (1, 16146)
[M::mem_pestat] mean and std.dev: (4000.18, 2657.12)
[M::mem_pestat] low and high boundaries for proper pairs: (1, 20810)
[M::mem_pestat] skip orientation RR as there are not enough pairs
[M::mem_pestat] skip orientation RF
[0000] 10. Calling kt_for - worker_sam
	[0000][ M::mem_process_seqs] Processed 529802 reads in 1187.543 CPU sec, 157.317 real sec
[0000] 2. Calling mem_process_seqs.., task: 582
[0000] 3. Calling kt_for - worker_bwt
[0000] read_chunk: 80000000, work_chunk_size: 80000102, nseq: 529802
	[0000][ M::kt_pipeline] read 529802 sequences (80000102 bp)...
[0000] 3. Calling kt_for - worker_aln
Inferring insert size distribution from data, l_pac: 2069526396, n: 529802
[M::mem_pestat] # candidate unique pairs for (FF, FR, RF, RR): (1, 56172, 7, 1)
[M::mem_pestat] skip orientation FF as there are not enough pairs
[M::mem_pestat] analyzing insert size distribution for orientation FR...
[M::mem_pestat] (25, 50, 75) percentile: (226, 296, 390)
[M::mem_pestat] low and high boundaries for computing mean and std.dev: (1, 718)
[M::mem_pestat] mean and std.dev: (315.21, 119.75)
[M::mem_pestat] low and high boundaries for proper pairs: (1, 882)
[M::mem_pestat] skip orientation RF as there are not enough pairs
[M::mem_pestat] skip orientation RR as there are not enough pairs
[0000] 10. Calling kt_for - worker_sam
	[0000][ M::mem_process_seqs] Processed 529802 reads in 1213.727 CPU sec, 161.999 real sec
[0000] 2. Calling mem_process_seqs.., task: 583
[0000] 3. Calling kt_for - worker_bwt
[0000] read_chunk: 80000000, work_chunk_size: 80000102, nseq: 529802
	[0000][ M::kt_pipeline] read 529802 sequences (80000102 bp)...
[0000] 3. Calling kt_for - worker_aln
Inferring insert size distribution from data, l_pac: 2069526396, n: 529802
[M::mem_pestat] # candidate unique pairs for (FF, FR, RF, RR): (3, 55806, 10, 3)
[M::mem_pestat] skip orientation FF as there are not enough pairs
[M::mem_pestat] analyzing insert size distribution for orientation FR...
[M::mem_pestat] (25, 50, 75) percentile: (225, 294, 389)
[M::mem_pestat] low and high boundaries for computing mean and std.dev: (1, 717)
[M::mem_pestat] mean and std.dev: (314.24, 120.01)
[M::mem_pestat] low and high boundaries for proper pairs: (1, 881)
[M::mem_pestat] analyzing insert size distribution for orientation RF...
[M::mem_pestat] (25, 50, 75) percentile: (356, 1339, 1806)
[M::mem_pestat] low and high boundaries for computing mean and std.dev: (1, 4706)
[M::mem_pestat] mean and std.dev: (977.56, 678.25)
[M::mem_pestat] low and high boundaries for proper pairs: (1, 6156)
[M::mem_pestat] skip orientation RR as there are not enough pairs
[M::mem_pestat] skip orientation RF
[0000] 10. Calling kt_for - worker_sam
	[0000][ M::mem_process_seqs] Processed 529802 reads in 1209.574 CPU sec, 161.118 real sec
[0000] 2. Calling mem_process_seqs.., task: 584
[0000] 3. Calling kt_for - worker_bwt
[0000] read_chunk: 80000000, work_chunk_size: 80000102, nseq: 529802
	[0000][ M::kt_pipeline] read 529802 sequences (80000102 bp)...
[0000] 3. Calling kt_for - worker_aln
Inferring insert size distribution from data, l_pac: 2069526396, n: 529802
[M::mem_pestat] # candidate unique pairs for (FF, FR, RF, RR): (0, 56575, 4, 1)
[M::mem_pestat] skip orientation FF as there are not enough pairs
[M::mem_pestat] analyzing insert size distribution for orientation FR...
[M::mem_pestat] (25, 50, 75) percentile: (225, 294, 388)
[M::mem_pestat] low and high boundaries for computing mean and std.dev: (1, 714)
[M::mem_pestat] mean and std.dev: (313.96, 119.15)
[M::mem_pestat] low and high boundaries for proper pairs: (1, 877)
[M::mem_pestat] skip orientation RF as there are not enough pairs
[M::mem_pestat] skip orientation RR as there are not enough pairs
[0000] 10. Calling kt_for - worker_sam
	[0000][ M::mem_process_seqs] Processed 529802 reads in 1213.207 CPU sec, 159.397 real sec
[0000] 2. Calling mem_process_seqs.., task: 585
[0000] 3. Calling kt_for - worker_bwt
[0000] read_chunk: 80000000, work_chunk_size: 80000102, nseq: 529802
	[0000][ M::kt_pipeline] read 529802 sequences (80000102 bp)...
[0000] 3. Calling kt_for - worker_aln
Inferring insert size distribution from data, l_pac: 2069526396, n: 529802
[M::mem_pestat] # candidate unique pairs for (FF, FR, RF, RR): (5, 56042, 9, 4)
[M::mem_pestat] skip orientation FF as there are not enough pairs
[M::mem_pestat] analyzing insert size distribution for orientation FR...
[M::mem_pestat] (25, 50, 75) percentile: (226, 295, 388)
[M::mem_pestat] low and high boundaries for computing mean and std.dev: (1, 712)
[M::mem_pestat] mean and std.dev: (314.56, 118.88)
[M::mem_pestat] low and high boundaries for proper pairs: (1, 874)
[M::mem_pestat] skip orientation RF as there are not enough pairs
[M::mem_pestat] skip orientation RR as there are not enough pairs
[0000] 10. Calling kt_for - worker_sam
	[0000][ M::mem_process_seqs] Processed 529802 reads in 1111.779 CPU sec, 141.151 real sec
[0000] 2. Calling mem_process_seqs.., task: 586
[0000] 3. Calling kt_for - worker_bwt
[0000] read_chunk: 80000000, work_chunk_size: 80000102, nseq: 529802
	[0000][ M::kt_pipeline] read 529802 sequences (80000102 bp)...
[0000] 3. Calling kt_for - worker_aln
Inferring insert size distribution from data, l_pac: 2069526396, n: 529802
[M::mem_pestat] # candidate unique pairs for (FF, FR, RF, RR): (4, 56511, 7, 4)
[M::mem_pestat] skip orientation FF as there are not enough pairs
[M::mem_pestat] analyzing insert size distribution for orientation FR...
[M::mem_pestat] (25, 50, 75) percentile: (226, 295, 389)
[M::mem_pestat] low and high boundaries for computing mean and std.dev: (1, 715)
[M::mem_pestat] mean and std.dev: (314.32, 118.87)
[M::mem_pestat] low and high boundaries for proper pairs: (1, 878)
[M::mem_pestat] skip orientation RF as there are not enough pairs
[M::mem_pestat] skip orientation RR as there are not enough pairs
[0000] 10. Calling kt_for - worker_sam
	[0000][ M::mem_process_seqs] Processed 529802 reads in 1173.026 CPU sec, 149.235 real sec
[0000] 2. Calling mem_process_seqs.., task: 587
[0000] 3. Calling kt_for - worker_bwt
[0000] read_chunk: 80000000, work_chunk_size: 80000102, nseq: 529802
	[0000][ M::kt_pipeline] read 529802 sequences (80000102 bp)...
[0000] 3. Calling kt_for - worker_aln
Inferring insert size distribution from data, l_pac: 2069526396, n: 529802
[M::mem_pestat] # candidate unique pairs for (FF, FR, RF, RR): (2, 56086, 7, 1)
[M::mem_pestat] skip orientation FF as there are not enough pairs
[M::mem_pestat] analyzing insert size distribution for orientation FR...
[M::mem_pestat] (25, 50, 75) percentile: (225, 294, 388)
[M::mem_pestat] low and high boundaries for computing mean and std.dev: (1, 714)
[M::mem_pestat] mean and std.dev: (313.23, 119.04)
[M::mem_pestat] low and high boundaries for proper pairs: (1, 877)
[M::mem_pestat] skip orientation RF as there are not enough pairs
[M::mem_pestat] skip orientation RR as there are not enough pairs
[0000] 10. Calling kt_for - worker_sam
	[0000][ M::mem_process_seqs] Processed 529802 reads in 1064.485 CPU sec, 134.908 real sec
[0000] 2. Calling mem_process_seqs.., task: 588
[0000] 3. Calling kt_for - worker_bwt
[0000] read_chunk: 80000000, work_chunk_size: 80000102, nseq: 529802
	[0000][ M::kt_pipeline] read 529802 sequences (80000102 bp)...
[0000] 3. Calling kt_for - worker_aln
Inferring insert size distribution from data, l_pac: 2069526396, n: 529802
[M::mem_pestat] # candidate unique pairs for (FF, FR, RF, RR): (4, 56270, 6, 4)
[M::mem_pestat] skip orientation FF as there are not enough pairs
[M::mem_pestat] analyzing insert size distribution for orientation FR...
[M::mem_pestat] (25, 50, 75) percentile: (225, 293, 386)
[M::mem_pestat] low and high boundaries for computing mean and std.dev: (1, 708)
[M::mem_pestat] mean and std.dev: (312.73, 118.25)
[M::mem_pestat] low and high boundaries for proper pairs: (1, 869)
[M::mem_pestat] skip orientation RF as there are not enough pairs
[M::mem_pestat] skip orientation RR as there are not enough pairs
[0000] 10. Calling kt_for - worker_sam
	[0000][ M::mem_process_seqs] Processed 529802 reads in 1074.568 CPU sec, 136.490 real sec
[0000] 2. Calling mem_process_seqs.., task: 589
[0000] 3. Calling kt_for - worker_bwt
[0000] read_chunk: 80000000, work_chunk_size: 80000102, nseq: 529802
	[0000][ M::kt_pipeline] read 529802 sequences (80000102 bp)...
[0000] 3. Calling kt_for - worker_aln
Inferring insert size distribution from data, l_pac: 2069526396, n: 529802
[M::mem_pestat] # candidate unique pairs for (FF, FR, RF, RR): (4, 55883, 7, 3)
[M::mem_pestat] skip orientation FF as there are not enough pairs
[M::mem_pestat] analyzing insert size distribution for orientation FR...
[M::mem_pestat] (25, 50, 75) percentile: (224, 291, 384)
[M::mem_pestat] low and high boundaries for computing mean and std.dev: (1, 704)
[M::mem_pestat] mean and std.dev: (310.89, 117.25)
[M::mem_pestat] low and high boundaries for proper pairs: (1, 864)
[M::mem_pestat] skip orientation RF as there are not enough pairs
[M::mem_pestat] skip orientation RR as there are not enough pairs
[0000] 10. Calling kt_for - worker_sam
	[0000][ M::mem_process_seqs] Processed 529802 reads in 1107.615 CPU sec, 141.289 real sec
[0000] 2. Calling mem_process_seqs.., task: 590
[0000] 3. Calling kt_for - worker_bwt
[0000] read_chunk: 80000000, work_chunk_size: 80000102, nseq: 529802
	[0000][ M::kt_pipeline] read 529802 sequences (80000102 bp)...
[0000] 3. Calling kt_for - worker_aln
Inferring insert size distribution from data, l_pac: 2069526396, n: 529802
[M::mem_pestat] # candidate unique pairs for (FF, FR, RF, RR): (6, 56256, 8, 2)
[M::mem_pestat] skip orientation FF as there are not enough pairs
[M::mem_pestat] analyzing insert size distribution for orientation FR...
[M::mem_pestat] (25, 50, 75) percentile: (225, 293, 384)
[M::mem_pestat] low and high boundaries for computing mean and std.dev: (1, 702)
[M::mem_pestat] mean and std.dev: (311.31, 116.49)
[M::mem_pestat] low and high boundaries for proper pairs: (1, 861)
[M::mem_pestat] skip orientation RF as there are not enough pairs
[M::mem_pestat] skip orientation RR as there are not enough pairs
[0000] 10. Calling kt_for - worker_sam
	[0000][ M::mem_process_seqs] Processed 529802 reads in 1149.143 CPU sec, 146.165 real sec
[0000] 2. Calling mem_process_seqs.., task: 591
[0000] 3. Calling kt_for - worker_bwt
[0000] read_chunk: 80000000, work_chunk_size: 80000102, nseq: 529802
	[0000][ M::kt_pipeline] read 529802 sequences (80000102 bp)...
[0000] 3. Calling kt_for - worker_aln
Inferring insert size distribution from data, l_pac: 2069526396, n: 529802
[M::mem_pestat] # candidate unique pairs for (FF, FR, RF, RR): (1, 56016, 10, 2)
[M::mem_pestat] skip orientation FF as there are not enough pairs
[M::mem_pestat] analyzing insert size distribution for orientation FR...
[M::mem_pestat] (25, 50, 75) percentile: (225, 293, 386)
[M::mem_pestat] low and high boundaries for computing mean and std.dev: (1, 708)
[M::mem_pestat] mean and std.dev: (312.92, 118.19)
[M::mem_pestat] low and high boundaries for proper pairs: (1, 869)
[M::mem_pestat] analyzing insert size distribution for orientation RF...
[M::mem_pestat] (25, 50, 75) percentile: (548, 1514, 3919)
[M::mem_pestat] low and high boundaries for computing mean and std.dev: (1, 10661)
[M::mem_pestat] mean and std.dev: (3042.10, 3556.34)
[M::mem_pestat] low and high boundaries for proper pairs: (1, 17267)
[M::mem_pestat] skip orientation RR as there are not enough pairs
[M::mem_pestat] skip orientation RF
[0000] 10. Calling kt_for - worker_sam
	[0000][ M::mem_process_seqs] Processed 529802 reads in 1119.999 CPU sec, 142.434 real sec
[0000] 2. Calling mem_process_seqs.., task: 592
[0000] 3. Calling kt_for - worker_bwt
[0000] read_chunk: 80000000, work_chunk_size: 80000102, nseq: 529802
	[0000][ M::kt_pipeline] read 529802 sequences (80000102 bp)...
[0000] 3. Calling kt_for - worker_aln
Inferring insert size distribution from data, l_pac: 2069526396, n: 529802
[M::mem_pestat] # candidate unique pairs for (FF, FR, RF, RR): (1, 56058, 11, 2)
[M::mem_pestat] skip orientation FF as there are not enough pairs
[M::mem_pestat] analyzing insert size distribution for orientation FR...
[M::mem_pestat] (25, 50, 75) percentile: (224, 293, 386)
[M::mem_pestat] low and high boundaries for computing mean and std.dev: (1, 710)
[M::mem_pestat] mean and std.dev: (312.36, 118.70)
[M::mem_pestat] low and high boundaries for proper pairs: (1, 872)
[M::mem_pestat] analyzing insert size distribution for orientation RF...
[M::mem_pestat] (25, 50, 75) percentile: (191, 246, 1244)
[M::mem_pestat] low and high boundaries for computing mean and std.dev: (1, 3350)
[M::mem_pestat] mean and std.dev: (363.67, 384.42)
[M::mem_pestat] low and high boundaries for proper pairs: (1, 4403)
[M::mem_pestat] skip orientation RR as there are not enough pairs
[M::mem_pestat] skip orientation RF
[0000] 10. Calling kt_for - worker_sam
	[0000][ M::mem_process_seqs] Processed 529802 reads in 1061.441 CPU sec, 134.519 real sec
[0000] 2. Calling mem_process_seqs.., task: 593
[0000] 3. Calling kt_for - worker_bwt
[0000] read_chunk: 80000000, work_chunk_size: 80000102, nseq: 529802
	[0000][ M::kt_pipeline] read 529802 sequences (80000102 bp)...
[0000] 3. Calling kt_for - worker_aln
Inferring insert size distribution from data, l_pac: 2069526396, n: 529802
[M::mem_pestat] # candidate unique pairs for (FF, FR, RF, RR): (1, 56460, 5, 2)
[M::mem_pestat] skip orientation FF as there are not enough pairs
[M::mem_pestat] analyzing insert size distribution for orientation FR...
[M::mem_pestat] (25, 50, 75) percentile: (225, 293, 387)
[M::mem_pestat] low and high boundaries for computing mean and std.dev: (1, 711)
[M::mem_pestat] mean and std.dev: (313.15, 118.82)
[M::mem_pestat] low and high boundaries for proper pairs: (1, 873)
[M::mem_pestat] skip orientation RF as there are not enough pairs
[M::mem_pestat] skip orientation RR as there are not enough pairs
[0000] 10. Calling kt_for - worker_sam
	[0000][ M::mem_process_seqs] Processed 529802 reads in 1011.996 CPU sec, 127.946 real sec
[0000] 2. Calling mem_process_seqs.., task: 594
[0000] 3. Calling kt_for - worker_bwt
[0000] read_chunk: 80000000, work_chunk_size: 80000102, nseq: 529802
	[0000][ M::kt_pipeline] read 529802 sequences (80000102 bp)...
[0000] 3. Calling kt_for - worker_aln
Inferring insert size distribution from data, l_pac: 2069526396, n: 529802
[M::mem_pestat] # candidate unique pairs for (FF, FR, RF, RR): (2, 56449, 6, 3)
[M::mem_pestat] skip orientation FF as there are not enough pairs
[M::mem_pestat] analyzing insert size distribution for orientation FR...
[M::mem_pestat] (25, 50, 75) percentile: (224, 293, 387)
[M::mem_pestat] low and high boundaries for computing mean and std.dev: (1, 713)
[M::mem_pestat] mean and std.dev: (312.76, 118.48)
[M::mem_pestat] low and high boundaries for proper pairs: (1, 876)
[M::mem_pestat] skip orientation RF as there are not enough pairs
[M::mem_pestat] skip orientation RR as there are not enough pairs
[0000] 10. Calling kt_for - worker_sam
	[0000][ M::mem_process_seqs] Processed 529802 reads in 1065.404 CPU sec, 135.429 real sec
[0000] 2. Calling mem_process_seqs.., task: 595
[0000] 3. Calling kt_for - worker_bwt
[0000] read_chunk: 80000000, work_chunk_size: 80000102, nseq: 529802
	[0000][ M::kt_pipeline] read 529802 sequences (80000102 bp)...
[0000] 3. Calling kt_for - worker_aln
Inferring insert size distribution from data, l_pac: 2069526396, n: 529802
[M::mem_pestat] # candidate unique pairs for (FF, FR, RF, RR): (0, 56094, 13, 3)
[M::mem_pestat] skip orientation FF as there are not enough pairs
[M::mem_pestat] analyzing insert size distribution for orientation FR...
[M::mem_pestat] (25, 50, 75) percentile: (224, 293, 386)
[M::mem_pestat] low and high boundaries for computing mean and std.dev: (1, 710)
[M::mem_pestat] mean and std.dev: (312.75, 118.64)
[M::mem_pestat] low and high boundaries for proper pairs: (1, 872)
[M::mem_pestat] analyzing insert size distribution for orientation RF...
[M::mem_pestat] (25, 50, 75) percentile: (240, 963, 3794)
[M::mem_pestat] low and high boundaries for computing mean and std.dev: (1, 10902)
[M::mem_pestat] mean and std.dev: (1927.92, 2105.07)
[M::mem_pestat] low and high boundaries for proper pairs: (1, 14456)
[M::mem_pestat] skip orientation RR as there are not enough pairs
[M::mem_pestat] skip orientation RF
[0000] 10. Calling kt_for - worker_sam
	[0000][ M::mem_process_seqs] Processed 529802 reads in 1127.522 CPU sec, 143.496 real sec
[0000] 2. Calling mem_process_seqs.., task: 596
[0000] 3. Calling kt_for - worker_bwt
[0000] read_chunk: 80000000, work_chunk_size: 80000102, nseq: 529802
	[0000][ M::kt_pipeline] read 529802 sequences (80000102 bp)...
[0000] 3. Calling kt_for - worker_aln
Inferring insert size distribution from data, l_pac: 2069526396, n: 529802
[M::mem_pestat] # candidate unique pairs for (FF, FR, RF, RR): (3, 56593, 8, 2)
[M::mem_pestat] skip orientation FF as there are not enough pairs
[M::mem_pestat] analyzing insert size distribution for orientation FR...
[M::mem_pestat] (25, 50, 75) percentile: (224, 293, 386)
[M::mem_pestat] low and high boundaries for computing mean and std.dev: (1, 710)
[M::mem_pestat] mean and std.dev: (312.10, 118.17)
[M::mem_pestat] low and high boundaries for proper pairs: (1, 872)
[M::mem_pestat] skip orientation RF as there are not enough pairs
[M::mem_pestat] skip orientation RR as there are not enough pairs
[0000] 10. Calling kt_for - worker_sam
	[0000][ M::mem_process_seqs] Processed 529802 reads in 1124.856 CPU sec, 143.190 real sec
[0000] 2. Calling mem_process_seqs.., task: 597
[0000] 3. Calling kt_for - worker_bwt
[0000] read_chunk: 80000000, work_chunk_size: 80000102, nseq: 529802
	[0000][ M::kt_pipeline] read 529802 sequences (80000102 bp)...
[0000] 3. Calling kt_for - worker_aln
Inferring insert size distribution from data, l_pac: 2069526396, n: 529802
[M::mem_pestat] # candidate unique pairs for (FF, FR, RF, RR): (1, 55924, 3, 3)
[M::mem_pestat] skip orientation FF as there are not enough pairs
[M::mem_pestat] analyzing insert size distribution for orientation FR...
[M::mem_pestat] (25, 50, 75) percentile: (225, 293, 388)
[M::mem_pestat] low and high boundaries for computing mean and std.dev: (1, 714)
[M::mem_pestat] mean and std.dev: (313.28, 118.62)
[M::mem_pestat] low and high boundaries for proper pairs: (1, 877)
[M::mem_pestat] skip orientation RF as there are not enough pairs
[M::mem_pestat] skip orientation RR as there are not enough pairs
[0000] 10. Calling kt_for - worker_sam
	[0000][ M::mem_process_seqs] Processed 529802 reads in 1079.385 CPU sec, 136.852 real sec
[0000] 2. Calling mem_process_seqs.., task: 598
[0000] 3. Calling kt_for - worker_bwt
[0000] read_chunk: 80000000, work_chunk_size: 80000102, nseq: 529802
	[0000][ M::kt_pipeline] read 529802 sequences (80000102 bp)...
[0000] 3. Calling kt_for - worker_aln
Inferring insert size distribution from data, l_pac: 2069526396, n: 529802
[M::mem_pestat] # candidate unique pairs for (FF, FR, RF, RR): (0, 55924, 8, 2)
[M::mem_pestat] skip orientation FF as there are not enough pairs
[M::mem_pestat] analyzing insert size distribution for orientation FR...
[M::mem_pestat] (25, 50, 75) percentile: (223, 289, 381)
[M::mem_pestat] low and high boundaries for computing mean and std.dev: (1, 697)
[M::mem_pestat] mean and std.dev: (309.05, 116.30)
[M::mem_pestat] low and high boundaries for proper pairs: (1, 855)
[M::mem_pestat] skip orientation RF as there are not enough pairs
[M::mem_pestat] skip orientation RR as there are not enough pairs
[0000] 10. Calling kt_for - worker_sam
	[0000][ M::mem_process_seqs] Processed 529802 reads in 1126.962 CPU sec, 142.960 real sec
[0000] 2. Calling mem_process_seqs.., task: 599
[0000] 3. Calling kt_for - worker_bwt
[0000] read_chunk: 80000000, work_chunk_size: 80000102, nseq: 529802
	[0000][ M::kt_pipeline] read 529802 sequences (80000102 bp)...
[0000] 3. Calling kt_for - worker_aln
Inferring insert size distribution from data, l_pac: 2069526396, n: 529802
[M::mem_pestat] # candidate unique pairs for (FF, FR, RF, RR): (4, 56098, 6, 3)
[M::mem_pestat] skip orientation FF as there are not enough pairs
[M::mem_pestat] analyzing insert size distribution for orientation FR...
[M::mem_pestat] (25, 50, 75) percentile: (222, 289, 382)
[M::mem_pestat] low and high boundaries for computing mean and std.dev: (1, 702)
[M::mem_pestat] mean and std.dev: (309.31, 116.93)
[M::mem_pestat] low and high boundaries for proper pairs: (1, 862)
[M::mem_pestat] skip orientation RF as there are not enough pairs
[M::mem_pestat] skip orientation RR as there are not enough pairs
[0000] 10. Calling kt_for - worker_sam
	[0000][ M::mem_process_seqs] Processed 529802 reads in 1111.004 CPU sec, 141.069 real sec
[0000] 2. Calling mem_process_seqs.., task: 600
[0000] 3. Calling kt_for - worker_bwt
[0000] read_chunk: 80000000, work_chunk_size: 80000102, nseq: 529802
	[0000][ M::kt_pipeline] read 529802 sequences (80000102 bp)...
[0000] 3. Calling kt_for - worker_aln
Inferring insert size distribution from data, l_pac: 2069526396, n: 529802
[M::mem_pestat] # candidate unique pairs for (FF, FR, RF, RR): (2, 56328, 6, 0)
[M::mem_pestat] skip orientation FF as there are not enough pairs
[M::mem_pestat] analyzing insert size distribution for orientation FR...
[M::mem_pestat] (25, 50, 75) percentile: (224, 290, 383)
[M::mem_pestat] low and high boundaries for computing mean and std.dev: (1, 701)
[M::mem_pestat] mean and std.dev: (310.00, 116.22)
[M::mem_pestat] low and high boundaries for proper pairs: (1, 860)
[M::mem_pestat] skip orientation RF as there are not enough pairs
[M::mem_pestat] skip orientation RR as there are not enough pairs
[0000] 10. Calling kt_for - worker_sam
	[0000][ M::mem_process_seqs] Processed 529802 reads in 1036.118 CPU sec, 131.222 real sec
[0000] 2. Calling mem_process_seqs.., task: 601
[0000] 3. Calling kt_for - worker_bwt
[0000] read_chunk: 80000000, work_chunk_size: 80000102, nseq: 529802
	[0000][ M::kt_pipeline] read 529802 sequences (80000102 bp)...
[0000] 3. Calling kt_for - worker_aln
Inferring insert size distribution from data, l_pac: 2069526396, n: 529802
[M::mem_pestat] # candidate unique pairs for (FF, FR, RF, RR): (3, 56447, 14, 2)
[M::mem_pestat] skip orientation FF as there are not enough pairs
[M::mem_pestat] analyzing insert size distribution for orientation FR...
[M::mem_pestat] (25, 50, 75) percentile: (223, 291, 382)
[M::mem_pestat] low and high boundaries for computing mean and std.dev: (1, 700)
[M::mem_pestat] mean and std.dev: (309.27, 115.87)
[M::mem_pestat] low and high boundaries for proper pairs: (1, 859)
[M::mem_pestat] analyzing insert size distribution for orientation RF...
[M::mem_pestat] (25, 50, 75) percentile: (389, 695, 2289)
[M::mem_pestat] low and high boundaries for computing mean and std.dev: (1, 6089)
[M::mem_pestat] mean and std.dev: (1323.08, 1378.07)
[M::mem_pestat] low and high boundaries for proper pairs: (1, 7989)
[M::mem_pestat] skip orientation RR as there are not enough pairs
[M::mem_pestat] skip orientation RF
[0000] 10. Calling kt_for - worker_sam
	[0000][ M::mem_process_seqs] Processed 529802 reads in 1073.007 CPU sec, 136.330 real sec
[0000] 2. Calling mem_process_seqs.., task: 602
[0000] 3. Calling kt_for - worker_bwt
[0000] read_chunk: 80000000, work_chunk_size: 80000102, nseq: 529802
	[0000][ M::kt_pipeline] read 529802 sequences (80000102 bp)...
[0000] 3. Calling kt_for - worker_aln
Inferring insert size distribution from data, l_pac: 2069526396, n: 529802
[M::mem_pestat] # candidate unique pairs for (FF, FR, RF, RR): (0, 56123, 6, 2)
[M::mem_pestat] skip orientation FF as there are not enough pairs
[M::mem_pestat] analyzing insert size distribution for orientation FR...
[M::mem_pestat] (25, 50, 75) percentile: (223, 290, 382)
[M::mem_pestat] low and high boundaries for computing mean and std.dev: (1, 700)
[M::mem_pestat] mean and std.dev: (309.76, 116.78)
[M::mem_pestat] low and high boundaries for proper pairs: (1, 859)
[M::mem_pestat] skip orientation RF as there are not enough pairs
[M::mem_pestat] skip orientation RR as there are not enough pairs
[0000] 10. Calling kt_for - worker_sam
	[0000][ M::mem_process_seqs] Processed 529802 reads in 1135.436 CPU sec, 144.220 real sec
[0000] 2. Calling mem_process_seqs.., task: 603
[0000] 3. Calling kt_for - worker_bwt
[0000] read_chunk: 80000000, work_chunk_size: 80000102, nseq: 529802
	[0000][ M::kt_pipeline] read 529802 sequences (80000102 bp)...
[0000] 3. Calling kt_for - worker_aln
Inferring insert size distribution from data, l_pac: 2069526396, n: 529802
[M::mem_pestat] # candidate unique pairs for (FF, FR, RF, RR): (1, 56075, 10, 3)
[M::mem_pestat] skip orientation FF as there are not enough pairs
[M::mem_pestat] analyzing insert size distribution for orientation FR...
[M::mem_pestat] (25, 50, 75) percentile: (223, 289, 383)
[M::mem_pestat] low and high boundaries for computing mean and std.dev: (1, 703)
[M::mem_pestat] mean and std.dev: (309.37, 117.04)
[M::mem_pestat] low and high boundaries for proper pairs: (1, 863)
[M::mem_pestat] analyzing insert size distribution for orientation RF...
[M::mem_pestat] (25, 50, 75) percentile: (747, 1898, 3987)
[M::mem_pestat] low and high boundaries for computing mean and std.dev: (1, 10467)
[M::mem_pestat] mean and std.dev: (2671.10, 2958.09)
[M::mem_pestat] low and high boundaries for proper pairs: (1, 14503)
[M::mem_pestat] skip orientation RR as there are not enough pairs
[M::mem_pestat] skip orientation RF
[0000] 10. Calling kt_for - worker_sam
	[0000][ M::mem_process_seqs] Processed 529802 reads in 1143.353 CPU sec, 145.401 real sec
[0000] 2. Calling mem_process_seqs.., task: 604
[0000] 3. Calling kt_for - worker_bwt
[0000] read_chunk: 80000000, work_chunk_size: 80000102, nseq: 529802
	[0000][ M::kt_pipeline] read 529802 sequences (80000102 bp)...
[0000] 3. Calling kt_for - worker_aln
Inferring insert size distribution from data, l_pac: 2069526396, n: 529802
[M::mem_pestat] # candidate unique pairs for (FF, FR, RF, RR): (2, 55971, 2, 3)
[M::mem_pestat] skip orientation FF as there are not enough pairs
[M::mem_pestat] analyzing insert size distribution for orientation FR...
[M::mem_pestat] (25, 50, 75) percentile: (224, 291, 383)
[M::mem_pestat] low and high boundaries for computing mean and std.dev: (1, 701)
[M::mem_pestat] mean and std.dev: (310.64, 116.55)
[M::mem_pestat] low and high boundaries for proper pairs: (1, 860)
[M::mem_pestat] skip orientation RF as there are not enough pairs
[M::mem_pestat] skip orientation RR as there are not enough pairs
[0000] 10. Calling kt_for - worker_sam
	[0000][ M::mem_process_seqs] Processed 529802 reads in 1107.184 CPU sec, 140.239 real sec
[0000] 2. Calling mem_process_seqs.., task: 605
[0000] 3. Calling kt_for - worker_bwt
[0000] read_chunk: 80000000, work_chunk_size: 80000102, nseq: 529802
	[0000][ M::kt_pipeline] read 529802 sequences (80000102 bp)...
[0000] 3. Calling kt_for - worker_aln
Inferring insert size distribution from data, l_pac: 2069526396, n: 529802
[M::mem_pestat] # candidate unique pairs for (FF, FR, RF, RR): (3, 56227, 9, 0)
[M::mem_pestat] skip orientation FF as there are not enough pairs
[M::mem_pestat] analyzing insert size distribution for orientation FR...
[M::mem_pestat] (25, 50, 75) percentile: (224, 292, 384)
[M::mem_pestat] low and high boundaries for computing mean and std.dev: (1, 704)
[M::mem_pestat] mean and std.dev: (311.41, 117.22)
[M::mem_pestat] low and high boundaries for proper pairs: (1, 864)
[M::mem_pestat] skip orientation RF as there are not enough pairs
[M::mem_pestat] skip orientation RR as there are not enough pairs
[0000] 10. Calling kt_for - worker_sam
	[0000][ M::mem_process_seqs] Processed 529802 reads in 1153.045 CPU sec, 146.791 real sec
[0000] 2. Calling mem_process_seqs.., task: 606
[0000] 3. Calling kt_for - worker_bwt
[0000] read_chunk: 80000000, work_chunk_size: 80000102, nseq: 529802
	[0000][ M::kt_pipeline] read 529802 sequences (80000102 bp)...
[0000] 3. Calling kt_for - worker_aln
Inferring insert size distribution from data, l_pac: 2069526396, n: 529802
[M::mem_pestat] # candidate unique pairs for (FF, FR, RF, RR): (3, 56311, 7, 2)
[M::mem_pestat] skip orientation FF as there are not enough pairs
[M::mem_pestat] analyzing insert size distribution for orientation FR...
[M::mem_pestat] (25, 50, 75) percentile: (224, 292, 384)
[M::mem_pestat] low and high boundaries for computing mean and std.dev: (1, 704)
[M::mem_pestat] mean and std.dev: (311.15, 117.24)
[M::mem_pestat] low and high boundaries for proper pairs: (1, 864)
[M::mem_pestat] skip orientation RF as there are not enough pairs
[M::mem_pestat] skip orientation RR as there are not enough pairs
[0000] 10. Calling kt_for - worker_sam
	[0000][ M::mem_process_seqs] Processed 529802 reads in 1183.443 CPU sec, 150.770 real sec
[0000] 2. Calling mem_process_seqs.., task: 607
[0000] 3. Calling kt_for - worker_bwt
[0000] read_chunk: 80000000, work_chunk_size: 80000102, nseq: 529802
	[0000][ M::kt_pipeline] read 529802 sequences (80000102 bp)...
[0000] 3. Calling kt_for - worker_aln
Inferring insert size distribution from data, l_pac: 2069526396, n: 529802
[M::mem_pestat] # candidate unique pairs for (FF, FR, RF, RR): (4, 56190, 11, 1)
[M::mem_pestat] skip orientation FF as there are not enough pairs
[M::mem_pestat] analyzing insert size distribution for orientation FR...
[M::mem_pestat] (25, 50, 75) percentile: (224, 292, 384)
[M::mem_pestat] low and high boundaries for computing mean and std.dev: (1, 704)
[M::mem_pestat] mean and std.dev: (311.16, 116.97)
[M::mem_pestat] low and high boundaries for proper pairs: (1, 864)
[M::mem_pestat] analyzing insert size distribution for orientation RF...
[M::mem_pestat] (25, 50, 75) percentile: (986, 1592, 4340)
[M::mem_pestat] low and high boundaries for computing mean and std.dev: (1, 11048)
[M::mem_pestat] mean and std.dev: (2764.82, 2317.00)
[M::mem_pestat] low and high boundaries for proper pairs: (1, 14402)
[M::mem_pestat] skip orientation RR as there are not enough pairs
[M::mem_pestat] skip orientation RF
[0000] 10. Calling kt_for - worker_sam
	[0000][ M::mem_process_seqs] Processed 529802 reads in 1145.291 CPU sec, 145.299 real sec
[0000] 2. Calling mem_process_seqs.., task: 608
[0000] 3. Calling kt_for - worker_bwt
[0000] read_chunk: 80000000, work_chunk_size: 80000102, nseq: 529802
	[0000][ M::kt_pipeline] read 529802 sequences (80000102 bp)...
[0000] 3. Calling kt_for - worker_aln
Inferring insert size distribution from data, l_pac: 2069526396, n: 529802
[M::mem_pestat] # candidate unique pairs for (FF, FR, RF, RR): (4, 55697, 8, 2)
[M::mem_pestat] skip orientation FF as there are not enough pairs
[M::mem_pestat] analyzing insert size distribution for orientation FR...
[M::mem_pestat] (25, 50, 75) percentile: (225, 292, 383)
[M::mem_pestat] low and high boundaries for computing mean and std.dev: (1, 699)
[M::mem_pestat] mean and std.dev: (311.01, 116.50)
[M::mem_pestat] low and high boundaries for proper pairs: (1, 857)
[M::mem_pestat] skip orientation RF as there are not enough pairs
[M::mem_pestat] skip orientation RR as there are not enough pairs
[0000] 10. Calling kt_for - worker_sam
	[0000][ M::mem_process_seqs] Processed 529802 reads in 1074.330 CPU sec, 136.012 real sec
[0000] 2. Calling mem_process_seqs.., task: 609
[0000] 3. Calling kt_for - worker_bwt
[0000] read_chunk: 80000000, work_chunk_size: 80000102, nseq: 529802
	[0000][ M::kt_pipeline] read 529802 sequences (80000102 bp)...
[0000] 3. Calling kt_for - worker_aln
Inferring insert size distribution from data, l_pac: 2069526396, n: 529802
[M::mem_pestat] # candidate unique pairs for (FF, FR, RF, RR): (2, 56060, 10, 5)
[M::mem_pestat] skip orientation FF as there are not enough pairs
[M::mem_pestat] analyzing insert size distribution for orientation FR...
[M::mem_pestat] (25, 50, 75) percentile: (224, 292, 384)
[M::mem_pestat] low and high boundaries for computing mean and std.dev: (1, 704)
[M::mem_pestat] mean and std.dev: (311.13, 117.37)
[M::mem_pestat] low and high boundaries for proper pairs: (1, 864)
[M::mem_pestat] analyzing insert size distribution for orientation RF...
[M::mem_pestat] (25, 50, 75) percentile: (291, 1259, 1513)
[M::mem_pestat] low and high boundaries for computing mean and std.dev: (1, 3957)
[M::mem_pestat] mean and std.dev: (1055.33, 908.03)
[M::mem_pestat] low and high boundaries for proper pairs: (1, 5179)
[M::mem_pestat] skip orientation RR as there are not enough pairs
[M::mem_pestat] skip orientation RF
[0000] 10. Calling kt_for - worker_sam
	[0000][ M::mem_process_seqs] Processed 529802 reads in 1140.110 CPU sec, 145.512 real sec
[0000] 2. Calling mem_process_seqs.., task: 610
[0000] 3. Calling kt_for - worker_bwt
[0000] read_chunk: 80000000, work_chunk_size: 80000102, nseq: 529802
	[0000][ M::kt_pipeline] read 529802 sequences (80000102 bp)...
[0000] 3. Calling kt_for - worker_aln
Inferring insert size distribution from data, l_pac: 2069526396, n: 529802
[M::mem_pestat] # candidate unique pairs for (FF, FR, RF, RR): (2, 55802, 7, 3)
[M::mem_pestat] skip orientation FF as there are not enough pairs
[M::mem_pestat] analyzing insert size distribution for orientation FR...
[M::mem_pestat] (25, 50, 75) percentile: (224, 291, 384)
[M::mem_pestat] low and high boundaries for computing mean and std.dev: (1, 704)
[M::mem_pestat] mean and std.dev: (310.97, 117.78)
[M::mem_pestat] low and high boundaries for proper pairs: (1, 864)
[M::mem_pestat] skip orientation RF as there are not enough pairs
[M::mem_pestat] skip orientation RR as there are not enough pairs
[0000] 10. Calling kt_for - worker_sam
	[0000][ M::mem_process_seqs] Processed 529802 reads in 1199.554 CPU sec, 152.975 real sec
[0000] 2. Calling mem_process_seqs.., task: 611
[0000] 3. Calling kt_for - worker_bwt
[0000] read_chunk: 80000000, work_chunk_size: 80000102, nseq: 529802
	[0000][ M::kt_pipeline] read 529802 sequences (80000102 bp)...
[0000] 3. Calling kt_for - worker_aln
Inferring insert size distribution from data, l_pac: 2069526396, n: 529802
[M::mem_pestat] # candidate unique pairs for (FF, FR, RF, RR): (0, 56294, 6, 3)
[M::mem_pestat] skip orientation FF as there are not enough pairs
[M::mem_pestat] analyzing insert size distribution for orientation FR...
[M::mem_pestat] (25, 50, 75) percentile: (225, 293, 385)
[M::mem_pestat] low and high boundaries for computing mean and std.dev: (1, 705)
[M::mem_pestat] mean and std.dev: (311.90, 117.49)
[M::mem_pestat] low and high boundaries for proper pairs: (1, 865)
[M::mem_pestat] skip orientation RF as there are not enough pairs
[M::mem_pestat] skip orientation RR as there are not enough pairs
[0000] 10. Calling kt_for - worker_sam
	[0000][ M::mem_process_seqs] Processed 529802 reads in 1229.646 CPU sec, 156.811 real sec
[0000] 2. Calling mem_process_seqs.., task: 612
[0000] 3. Calling kt_for - worker_bwt
[0000] read_chunk: 80000000, work_chunk_size: 80000102, nseq: 529802
	[0000][ M::kt_pipeline] read 529802 sequences (80000102 bp)...
[0000] 3. Calling kt_for - worker_aln
Inferring insert size distribution from data, l_pac: 2069526396, n: 529802
[M::mem_pestat] # candidate unique pairs for (FF, FR, RF, RR): (3, 56172, 8, 2)
[M::mem_pestat] skip orientation FF as there are not enough pairs
[M::mem_pestat] analyzing insert size distribution for orientation FR...
[M::mem_pestat] (25, 50, 75) percentile: (224, 291, 382)
[M::mem_pestat] low and high boundaries for computing mean and std.dev: (1, 698)
[M::mem_pestat] mean and std.dev: (310.44, 116.41)
[M::mem_pestat] low and high boundaries for proper pairs: (1, 856)
[M::mem_pestat] skip orientation RF as there are not enough pairs
[M::mem_pestat] skip orientation RR as there are not enough pairs
[0000] 10. Calling kt_for - worker_sam
	[0000][ M::mem_process_seqs] Processed 529802 reads in 1235.457 CPU sec, 157.505 real sec
[0000] 2. Calling mem_process_seqs.., task: 613
[0000] 3. Calling kt_for - worker_bwt
[0000] read_chunk: 80000000, work_chunk_size: 80000102, nseq: 529802
	[0000][ M::kt_pipeline] read 529802 sequences (80000102 bp)...
[0000] 3. Calling kt_for - worker_aln
Inferring insert size distribution from data, l_pac: 2069526396, n: 529802
[M::mem_pestat] # candidate unique pairs for (FF, FR, RF, RR): (5, 56204, 7, 3)
[M::mem_pestat] skip orientation FF as there are not enough pairs
[M::mem_pestat] analyzing insert size distribution for orientation FR...
[M::mem_pestat] (25, 50, 75) percentile: (225, 293, 385)
[M::mem_pestat] low and high boundaries for computing mean and std.dev: (1, 705)
[M::mem_pestat] mean and std.dev: (311.55, 116.98)
[M::mem_pestat] low and high boundaries for proper pairs: (1, 865)
[M::mem_pestat] skip orientation RF as there are not enough pairs
[M::mem_pestat] skip orientation RR as there are not enough pairs
[0000] 10. Calling kt_for - worker_sam
	[0000][ M::mem_process_seqs] Processed 529802 reads in 1136.854 CPU sec, 144.370 real sec
[0000] 2. Calling mem_process_seqs.., task: 614
[0000] 3. Calling kt_for - worker_bwt
[0000] read_chunk: 80000000, work_chunk_size: 80000102, nseq: 529802
	[0000][ M::kt_pipeline] read 529802 sequences (80000102 bp)...
[0000] 3. Calling kt_for - worker_aln
Inferring insert size distribution from data, l_pac: 2069526396, n: 529802
[M::mem_pestat] # candidate unique pairs for (FF, FR, RF, RR): (2, 56090, 8, 1)
[M::mem_pestat] skip orientation FF as there are not enough pairs
[M::mem_pestat] analyzing insert size distribution for orientation FR...
[M::mem_pestat] (25, 50, 75) percentile: (224, 293, 385)
[M::mem_pestat] low and high boundaries for computing mean and std.dev: (1, 707)
[M::mem_pestat] mean and std.dev: (311.92, 117.60)
[M::mem_pestat] low and high boundaries for proper pairs: (1, 868)
[M::mem_pestat] skip orientation RF as there are not enough pairs
[M::mem_pestat] skip orientation RR as there are not enough pairs
[0000] 10. Calling kt_for - worker_sam
	[0000][ M::mem_process_seqs] Processed 529802 reads in 1160.264 CPU sec, 147.472 real sec
[0000] 2. Calling mem_process_seqs.., task: 615
[0000] 3. Calling kt_for - worker_bwt
[0000] read_chunk: 80000000, work_chunk_size: 80000102, nseq: 529802
	[0000][ M::kt_pipeline] read 529802 sequences (80000102 bp)...
[0000] 3. Calling kt_for - worker_aln
Inferring insert size distribution from data, l_pac: 2069526396, n: 529802
[M::mem_pestat] # candidate unique pairs for (FF, FR, RF, RR): (1, 55841, 11, 3)
[M::mem_pestat] skip orientation FF as there are not enough pairs
[M::mem_pestat] analyzing insert size distribution for orientation FR...
[M::mem_pestat] (25, 50, 75) percentile: (225, 292, 385)
[M::mem_pestat] low and high boundaries for computing mean and std.dev: (1, 705)
[M::mem_pestat] mean and std.dev: (311.80, 117.53)
[M::mem_pestat] low and high boundaries for proper pairs: (1, 865)
[M::mem_pestat] analyzing insert size distribution for orientation RF...
[M::mem_pestat] (25, 50, 75) percentile: (611, 611, 3205)
[M::mem_pestat] low and high boundaries for computing mean and std.dev: (1, 8393)
[M::mem_pestat] mean and std.dev: (1172.10, 1295.10)
[M::mem_pestat] low and high boundaries for proper pairs: (1, 10987)
[M::mem_pestat] skip orientation RR as there are not enough pairs
[M::mem_pestat] skip orientation RF
[0000] 10. Calling kt_for - worker_sam
	[0000][ M::mem_process_seqs] Processed 529802 reads in 1075.609 CPU sec, 136.228 real sec
[0000] 2. Calling mem_process_seqs.., task: 616
[0000] 3. Calling kt_for - worker_bwt
[0000] read_chunk: 80000000, work_chunk_size: 80000102, nseq: 529802
	[0000][ M::kt_pipeline] read 529802 sequences (80000102 bp)...
[0000] 3. Calling kt_for - worker_aln
Inferring insert size distribution from data, l_pac: 2069526396, n: 529802
[M::mem_pestat] # candidate unique pairs for (FF, FR, RF, RR): (2, 55861, 13, 0)
[M::mem_pestat] skip orientation FF as there are not enough pairs
[M::mem_pestat] analyzing insert size distribution for orientation FR...
[M::mem_pestat] (25, 50, 75) percentile: (224, 292, 385)
[M::mem_pestat] low and high boundaries for computing mean and std.dev: (1, 707)
[M::mem_pestat] mean and std.dev: (311.96, 117.90)
[M::mem_pestat] low and high boundaries for proper pairs: (1, 868)
[M::mem_pestat] analyzing insert size distribution for orientation RF...
[M::mem_pestat] (25, 50, 75) percentile: (1528, 4134, 5152)
[M::mem_pestat] low and high boundaries for computing mean and std.dev: (1, 12400)
[M::mem_pestat] mean and std.dev: (3446.46, 2180.24)
[M::mem_pestat] low and high boundaries for proper pairs: (1, 16024)
[M::mem_pestat] skip orientation RR as there are not enough pairs
[M::mem_pestat] skip orientation RF
[0000] 10. Calling kt_for - worker_sam
	[0000][ M::mem_process_seqs] Processed 529802 reads in 1132.310 CPU sec, 144.166 real sec
[0000] 2. Calling mem_process_seqs.., task: 617
[0000] 3. Calling kt_for - worker_bwt
[0000] read_chunk: 80000000, work_chunk_size: 80000102, nseq: 529802
	[0000][ M::kt_pipeline] read 529802 sequences (80000102 bp)...
[0000] 3. Calling kt_for - worker_aln
Inferring insert size distribution from data, l_pac: 2069526396, n: 529802
[M::mem_pestat] # candidate unique pairs for (FF, FR, RF, RR): (1, 56147, 7, 1)
[M::mem_pestat] skip orientation FF as there are not enough pairs
[M::mem_pestat] analyzing insert size distribution for orientation FR...
[M::mem_pestat] (25, 50, 75) percentile: (224, 292, 385)
[M::mem_pestat] low and high boundaries for computing mean and std.dev: (1, 707)
[M::mem_pestat] mean and std.dev: (311.28, 117.58)
[M::mem_pestat] low and high boundaries for proper pairs: (1, 868)
[M::mem_pestat] skip orientation RF as there are not enough pairs
[M::mem_pestat] skip orientation RR as there are not enough pairs
[0000] 10. Calling kt_for - worker_sam
	[0000][ M::mem_process_seqs] Processed 529802 reads in 1174.429 CPU sec, 149.733 real sec
[0000] 2. Calling mem_process_seqs.., task: 618
[0000] 3. Calling kt_for - worker_bwt
[0000] read_chunk: 80000000, work_chunk_size: 80000102, nseq: 529802
	[0000][ M::kt_pipeline] read 529802 sequences (80000102 bp)...
[0000] 3. Calling kt_for - worker_aln
Inferring insert size distribution from data, l_pac: 2069526396, n: 529802
[M::mem_pestat] # candidate unique pairs for (FF, FR, RF, RR): (0, 55914, 6, 3)
[M::mem_pestat] skip orientation FF as there are not enough pairs
[M::mem_pestat] analyzing insert size distribution for orientation FR...
[M::mem_pestat] (25, 50, 75) percentile: (223, 291, 385)
[M::mem_pestat] low and high boundaries for computing mean and std.dev: (1, 709)
[M::mem_pestat] mean and std.dev: (311.15, 117.63)
[M::mem_pestat] low and high boundaries for proper pairs: (1, 871)
[M::mem_pestat] skip orientation RF as there are not enough pairs
[M::mem_pestat] skip orientation RR as there are not enough pairs
[0000] 10. Calling kt_for - worker_sam
	[0000][ M::mem_process_seqs] Processed 529802 reads in 1140.601 CPU sec, 144.842 real sec
[0000] 2. Calling mem_process_seqs.., task: 619
[0000] 3. Calling kt_for - worker_bwt
[0000] read_chunk: 80000000, work_chunk_size: 80000102, nseq: 529802
	[0000][ M::kt_pipeline] read 529802 sequences (80000102 bp)...
[0000] 3. Calling kt_for - worker_aln
Inferring insert size distribution from data, l_pac: 2069526396, n: 529802
[M::mem_pestat] # candidate unique pairs for (FF, FR, RF, RR): (3, 56179, 12, 1)
[M::mem_pestat] skip orientation FF as there are not enough pairs
[M::mem_pestat] analyzing insert size distribution for orientation FR...
[M::mem_pestat] (25, 50, 75) percentile: (223, 290, 382)
[M::mem_pestat] low and high boundaries for computing mean and std.dev: (1, 700)
[M::mem_pestat] mean and std.dev: (309.56, 116.71)
[M::mem_pestat] low and high boundaries for proper pairs: (1, 859)
[M::mem_pestat] analyzing insert size distribution for orientation RF...
[M::mem_pestat] (25, 50, 75) percentile: (334, 1227, 6840)
[M::mem_pestat] low and high boundaries for computing mean and std.dev: (1, 19852)
[M::mem_pestat] mean and std.dev: (3126.33, 3692.56)
[M::mem_pestat] low and high boundaries for proper pairs: (1, 26358)
[M::mem_pestat] skip orientation RR as there are not enough pairs
[M::mem_pestat] skip orientation RF
[0000] 10. Calling kt_for - worker_sam
	[0000][ M::mem_process_seqs] Processed 529802 reads in 1128.919 CPU sec, 143.143 real sec
[0000] 2. Calling mem_process_seqs.., task: 620
[0000] 3. Calling kt_for - worker_bwt
[0000] read_chunk: 80000000, work_chunk_size: 80000102, nseq: 529802
	[0000][ M::kt_pipeline] read 529802 sequences (80000102 bp)...
[0000] 3. Calling kt_for - worker_aln
Inferring insert size distribution from data, l_pac: 2069526396, n: 529802
[M::mem_pestat] # candidate unique pairs for (FF, FR, RF, RR): (3, 55944, 6, 0)
[M::mem_pestat] skip orientation FF as there are not enough pairs
[M::mem_pestat] analyzing insert size distribution for orientation FR...
[M::mem_pestat] (25, 50, 75) percentile: (223, 291, 384)
[M::mem_pestat] low and high boundaries for computing mean and std.dev: (1, 706)
[M::mem_pestat] mean and std.dev: (310.87, 117.99)
[M::mem_pestat] low and high boundaries for proper pairs: (1, 867)
[M::mem_pestat] skip orientation RF as there are not enough pairs
[M::mem_pestat] skip orientation RR as there are not enough pairs
[0000] 10. Calling kt_for - worker_sam
	[0000][ M::mem_process_seqs] Processed 529802 reads in 1085.744 CPU sec, 137.613 real sec
[0000] 2. Calling mem_process_seqs.., task: 621
[0000] 3. Calling kt_for - worker_bwt
[0000] read_chunk: 80000000, work_chunk_size: 80000102, nseq: 529802
	[0000][ M::kt_pipeline] read 529802 sequences (80000102 bp)...
[0000] 3. Calling kt_for - worker_aln
Inferring insert size distribution from data, l_pac: 2069526396, n: 529802
[M::mem_pestat] # candidate unique pairs for (FF, FR, RF, RR): (1, 56038, 6, 2)
[M::mem_pestat] skip orientation FF as there are not enough pairs
[M::mem_pestat] analyzing insert size distribution for orientation FR...
[M::mem_pestat] (25, 50, 75) percentile: (223, 291, 384)
[M::mem_pestat] low and high boundaries for computing mean and std.dev: (1, 706)
[M::mem_pestat] mean and std.dev: (310.86, 117.56)
[M::mem_pestat] low and high boundaries for proper pairs: (1, 867)
[M::mem_pestat] skip orientation RF as there are not enough pairs
[M::mem_pestat] skip orientation RR as there are not enough pairs
[0000] 10. Calling kt_for - worker_sam
	[0000][ M::mem_process_seqs] Processed 529802 reads in 973.611 CPU sec, 122.878 real sec
[0000] 2. Calling mem_process_seqs.., task: 622
[0000] 3. Calling kt_for - worker_bwt
[0000] read_chunk: 80000000, work_chunk_size: 80000102, nseq: 529802
	[0000][ M::kt_pipeline] read 529802 sequences (80000102 bp)...
[0000] 3. Calling kt_for - worker_aln
Inferring insert size distribution from data, l_pac: 2069526396, n: 529802
[M::mem_pestat] # candidate unique pairs for (FF, FR, RF, RR): (2, 56230, 8, 1)
[M::mem_pestat] skip orientation FF as there are not enough pairs
[M::mem_pestat] analyzing insert size distribution for orientation FR...
[M::mem_pestat] (25, 50, 75) percentile: (224, 291, 383)
[M::mem_pestat] low and high boundaries for computing mean and std.dev: (1, 701)
[M::mem_pestat] mean and std.dev: (310.66, 117.08)
[M::mem_pestat] low and high boundaries for proper pairs: (1, 860)
[M::mem_pestat] skip orientation RF as there are not enough pairs
[M::mem_pestat] skip orientation RR as there are not enough pairs
[0000] 10. Calling kt_for - worker_sam
	[0000][ M::mem_process_seqs] Processed 529802 reads in 1082.024 CPU sec, 137.207 real sec
[0000] 2. Calling mem_process_seqs.., task: 623
[0000] 3. Calling kt_for - worker_bwt
[0000] read_chunk: 80000000, work_chunk_size: 80000102, nseq: 529802
	[0000][ M::kt_pipeline] read 529802 sequences (80000102 bp)...
[0000] 3. Calling kt_for - worker_aln
Inferring insert size distribution from data, l_pac: 2069526396, n: 529802
[M::mem_pestat] # candidate unique pairs for (FF, FR, RF, RR): (2, 56415, 13, 2)
[M::mem_pestat] skip orientation FF as there are not enough pairs
[M::mem_pestat] analyzing insert size distribution for orientation FR...
[M::mem_pestat] (25, 50, 75) percentile: (223, 292, 384)
[M::mem_pestat] low and high boundaries for computing mean and std.dev: (1, 706)
[M::mem_pestat] mean and std.dev: (311.21, 117.43)
[M::mem_pestat] low and high boundaries for proper pairs: (1, 867)
[M::mem_pestat] analyzing insert size distribution for orientation RF...
[M::mem_pestat] (25, 50, 75) percentile: (89, 902, 4198)
[M::mem_pestat] low and high boundaries for computing mean and std.dev: (1, 12416)
[M::mem_pestat] mean and std.dev: (2393.77, 3151.09)
[M::mem_pestat] low and high boundaries for proper pairs: (1, 16525)
[M::mem_pestat] skip orientation RR as there are not enough pairs
[M::mem_pestat] skip orientation RF
[0000] 10. Calling kt_for - worker_sam
	[0000][ M::mem_process_seqs] Processed 529802 reads in 1142.564 CPU sec, 145.654 real sec
[0000] 2. Calling mem_process_seqs.., task: 624
[0000] 3. Calling kt_for - worker_bwt
[0000] read_chunk: 80000000, work_chunk_size: 80000102, nseq: 529802
	[0000][ M::kt_pipeline] read 529802 sequences (80000102 bp)...
[0000] 3. Calling kt_for - worker_aln
Inferring insert size distribution from data, l_pac: 2069526396, n: 529802
[M::mem_pestat] # candidate unique pairs for (FF, FR, RF, RR): (2, 56061, 5, 4)
[M::mem_pestat] skip orientation FF as there are not enough pairs
[M::mem_pestat] analyzing insert size distribution for orientation FR...
[M::mem_pestat] (25, 50, 75) percentile: (223, 290, 382)
[M::mem_pestat] low and high boundaries for computing mean and std.dev: (1, 700)
[M::mem_pestat] mean and std.dev: (309.29, 116.56)
[M::mem_pestat] low and high boundaries for proper pairs: (1, 859)
[M::mem_pestat] skip orientation RF as there are not enough pairs
[M::mem_pestat] skip orientation RR as there are not enough pairs
[0000] 10. Calling kt_for - worker_sam
	[0000][ M::mem_process_seqs] Processed 529802 reads in 1098.511 CPU sec, 139.314 real sec
[0000] 2. Calling mem_process_seqs.., task: 625
[0000] 3. Calling kt_for - worker_bwt
[0000] read_chunk: 80000000, work_chunk_size: 80000102, nseq: 529802
	[0000][ M::kt_pipeline] read 529802 sequences (80000102 bp)...
[0000] 3. Calling kt_for - worker_aln
Inferring insert size distribution from data, l_pac: 2069526396, n: 529802
[M::mem_pestat] # candidate unique pairs for (FF, FR, RF, RR): (5, 56316, 12, 5)
[M::mem_pestat] skip orientation FF as there are not enough pairs
[M::mem_pestat] analyzing insert size distribution for orientation FR...
[M::mem_pestat] (25, 50, 75) percentile: (224, 292, 386)
[M::mem_pestat] low and high boundaries for computing mean and std.dev: (1, 710)
[M::mem_pestat] mean and std.dev: (312.45, 118.37)
[M::mem_pestat] low and high boundaries for proper pairs: (1, 872)
[M::mem_pestat] analyzing insert size distribution for orientation RF...
[M::mem_pestat] (25, 50, 75) percentile: (1828, 4295, 5752)
[M::mem_pestat] low and high boundaries for computing mean and std.dev: (1, 13600)
[M::mem_pestat] mean and std.dev: (4109.00, 2884.14)
[M::mem_pestat] low and high boundaries for proper pairs: (1, 17524)
[M::mem_pestat] skip orientation RR as there are not enough pairs
[M::mem_pestat] skip orientation RF
[0000] 10. Calling kt_for - worker_sam
	[0000][ M::mem_process_seqs] Processed 529802 reads in 1123.856 CPU sec, 143.208 real sec
[0000] 2. Calling mem_process_seqs.., task: 626
[0000] 3. Calling kt_for - worker_bwt
[0000] read_chunk: 80000000, work_chunk_size: 80000102, nseq: 529802
	[0000][ M::kt_pipeline] read 529802 sequences (80000102 bp)...
[0000] 3. Calling kt_for - worker_aln
Inferring insert size distribution from data, l_pac: 2069526396, n: 529802
[M::mem_pestat] # candidate unique pairs for (FF, FR, RF, RR): (4, 56258, 12, 2)
[M::mem_pestat] skip orientation FF as there are not enough pairs
[M::mem_pestat] analyzing insert size distribution for orientation FR...
[M::mem_pestat] (25, 50, 75) percentile: (224, 292, 385)
[M::mem_pestat] low and high boundaries for computing mean and std.dev: (1, 707)
[M::mem_pestat] mean and std.dev: (311.44, 117.28)
[M::mem_pestat] low and high boundaries for proper pairs: (1, 868)
[M::mem_pestat] analyzing insert size distribution for orientation RF...
[M::mem_pestat] (25, 50, 75) percentile: (1879, 4139, 7153)
[M::mem_pestat] low and high boundaries for computing mean and std.dev: (1, 17701)
[M::mem_pestat] mean and std.dev: (3945.17, 3249.96)
[M::mem_pestat] low and high boundaries for proper pairs: (1, 22975)
[M::mem_pestat] skip orientation RR as there are not enough pairs
[M::mem_pestat] skip orientation RF
[0000] 10. Calling kt_for - worker_sam
	[0000][ M::mem_process_seqs] Processed 529802 reads in 1120.618 CPU sec, 142.187 real sec
[0000] 2. Calling mem_process_seqs.., task: 627
[0000] 3. Calling kt_for - worker_bwt
[0000] read_chunk: 80000000, work_chunk_size: 80000102, nseq: 529802
	[0000][ M::kt_pipeline] read 529802 sequences (80000102 bp)...
[0000] 3. Calling kt_for - worker_aln
Inferring insert size distribution from data, l_pac: 2069526396, n: 529802
[M::mem_pestat] # candidate unique pairs for (FF, FR, RF, RR): (3, 55550, 8, 3)
[M::mem_pestat] skip orientation FF as there are not enough pairs
[M::mem_pestat] analyzing insert size distribution for orientation FR...
[M::mem_pestat] (25, 50, 75) percentile: (223, 291, 383)
[M::mem_pestat] low and high boundaries for computing mean and std.dev: (1, 703)
[M::mem_pestat] mean and std.dev: (310.72, 117.65)
[M::mem_pestat] low and high boundaries for proper pairs: (1, 863)
[M::mem_pestat] skip orientation RF as there are not enough pairs
[M::mem_pestat] skip orientation RR as there are not enough pairs
[0000] 10. Calling kt_for - worker_sam
	[0000][ M::mem_process_seqs] Processed 529802 reads in 978.380 CPU sec, 123.395 real sec
[0000] 2. Calling mem_process_seqs.., task: 628
[0000] 3. Calling kt_for - worker_bwt
[0000] read_chunk: 80000000, work_chunk_size: 80000102, nseq: 529802
	[0000][ M::kt_pipeline] read 529802 sequences (80000102 bp)...
[0000] 3. Calling kt_for - worker_aln
Inferring insert size distribution from data, l_pac: 2069526396, n: 529802
[M::mem_pestat] # candidate unique pairs for (FF, FR, RF, RR): (4, 56282, 14, 3)
[M::mem_pestat] skip orientation FF as there are not enough pairs
[M::mem_pestat] analyzing insert size distribution for orientation FR...
[M::mem_pestat] (25, 50, 75) percentile: (224, 292, 386)
[M::mem_pestat] low and high boundaries for computing mean and std.dev: (1, 710)
[M::mem_pestat] mean and std.dev: (312.24, 118.24)
[M::mem_pestat] low and high boundaries for proper pairs: (1, 872)
[M::mem_pestat] analyzing insert size distribution for orientation RF...
[M::mem_pestat] (25, 50, 75) percentile: (514, 1883, 4867)
[M::mem_pestat] low and high boundaries for computing mean and std.dev: (1, 13573)
[M::mem_pestat] mean and std.dev: (2920.57, 3134.52)
[M::mem_pestat] low and high boundaries for proper pairs: (1, 17926)
[M::mem_pestat] skip orientation RR as there are not enough pairs
[M::mem_pestat] skip orientation RF
[0000] 10. Calling kt_for - worker_sam
	[0000][ M::mem_process_seqs] Processed 529802 reads in 1030.601 CPU sec, 130.851 real sec
[0000] 2. Calling mem_process_seqs.., task: 629
[0000] 3. Calling kt_for - worker_bwt
[0000] read_chunk: 80000000, work_chunk_size: 80000102, nseq: 529802
	[0000][ M::kt_pipeline] read 529802 sequences (80000102 bp)...
[0000] 3. Calling kt_for - worker_aln
Inferring insert size distribution from data, l_pac: 2069526396, n: 529802
[M::mem_pestat] # candidate unique pairs for (FF, FR, RF, RR): (2, 55961, 4, 1)
[M::mem_pestat] skip orientation FF as there are not enough pairs
[M::mem_pestat] analyzing insert size distribution for orientation FR...
[M::mem_pestat] (25, 50, 75) percentile: (226, 295, 389)
[M::mem_pestat] low and high boundaries for computing mean and std.dev: (1, 715)
[M::mem_pestat] mean and std.dev: (314.98, 119.27)
[M::mem_pestat] low and high boundaries for proper pairs: (1, 878)
[M::mem_pestat] skip orientation RF as there are not enough pairs
[M::mem_pestat] skip orientation RR as there are not enough pairs
[0000] 10. Calling kt_for - worker_sam
	[0000][ M::mem_process_seqs] Processed 529802 reads in 1151.244 CPU sec, 146.910 real sec
[0000] 2. Calling mem_process_seqs.., task: 630
[0000] 3. Calling kt_for - worker_bwt
[0000] read_chunk: 80000000, work_chunk_size: 80000102, nseq: 529802
	[0000][ M::kt_pipeline] read 529802 sequences (80000102 bp)...
[0000] 3. Calling kt_for - worker_aln
Inferring insert size distribution from data, l_pac: 2069526396, n: 529802
[M::mem_pestat] # candidate unique pairs for (FF, FR, RF, RR): (1, 56046, 10, 5)
[M::mem_pestat] skip orientation FF as there are not enough pairs
[M::mem_pestat] analyzing insert size distribution for orientation FR...
[M::mem_pestat] (25, 50, 75) percentile: (227, 296, 392)
[M::mem_pestat] low and high boundaries for computing mean and std.dev: (1, 722)
[M::mem_pestat] mean and std.dev: (316.98, 120.63)
[M::mem_pestat] low and high boundaries for proper pairs: (1, 887)
[M::mem_pestat] analyzing insert size distribution for orientation RF...
[M::mem_pestat] (25, 50, 75) percentile: (885, 4737, 6467)
[M::mem_pestat] low and high boundaries for computing mean and std.dev: (1, 17631)
[M::mem_pestat] mean and std.dev: (3820.90, 3146.46)
[M::mem_pestat] low and high boundaries for proper pairs: (1, 23213)
[M::mem_pestat] skip orientation RR as there are not enough pairs
[M::mem_pestat] skip orientation RF
[0000] 10. Calling kt_for - worker_sam
	[0000][ M::mem_process_seqs] Processed 529802 reads in 1123.195 CPU sec, 143.029 real sec
[0000] 2. Calling mem_process_seqs.., task: 631
[0000] 3. Calling kt_for - worker_bwt
[0000] read_chunk: 80000000, work_chunk_size: 80000102, nseq: 529802
	[0000][ M::kt_pipeline] read 529802 sequences (80000102 bp)...
[0000] 3. Calling kt_for - worker_aln
Inferring insert size distribution from data, l_pac: 2069526396, n: 529802
[M::mem_pestat] # candidate unique pairs for (FF, FR, RF, RR): (2, 55503, 12, 3)
[M::mem_pestat] skip orientation FF as there are not enough pairs
[M::mem_pestat] analyzing insert size distribution for orientation FR...
[M::mem_pestat] (25, 50, 75) percentile: (229, 298, 393)
[M::mem_pestat] low and high boundaries for computing mean and std.dev: (1, 721)
[M::mem_pestat] mean and std.dev: (318.20, 120.84)
[M::mem_pestat] low and high boundaries for proper pairs: (1, 885)
[M::mem_pestat] analyzing insert size distribution for orientation RF...
[M::mem_pestat] (25, 50, 75) percentile: (496, 2557, 7250)
[M::mem_pestat] low and high boundaries for computing mean and std.dev: (1, 20758)
[M::mem_pestat] mean and std.dev: (3364.50, 3045.77)
[M::mem_pestat] low and high boundaries for proper pairs: (1, 27512)
[M::mem_pestat] skip orientation RR as there are not enough pairs
[M::mem_pestat] skip orientation RF
[0000] 10. Calling kt_for - worker_sam
	[0000][ M::mem_process_seqs] Processed 529802 reads in 1101.800 CPU sec, 139.637 real sec
[0000] 2. Calling mem_process_seqs.., task: 632
[0000] 3. Calling kt_for - worker_bwt
[0000] read_chunk: 80000000, work_chunk_size: 80000102, nseq: 529802
	[0000][ M::kt_pipeline] read 529802 sequences (80000102 bp)...
[0000] 3. Calling kt_for - worker_aln
Inferring insert size distribution from data, l_pac: 2069526396, n: 529802
[M::mem_pestat] # candidate unique pairs for (FF, FR, RF, RR): (0, 56339, 7, 1)
[M::mem_pestat] skip orientation FF as there are not enough pairs
[M::mem_pestat] analyzing insert size distribution for orientation FR...
[M::mem_pestat] (25, 50, 75) percentile: (228, 296, 391)
[M::mem_pestat] low and high boundaries for computing mean and std.dev: (1, 717)
[M::mem_pestat] mean and std.dev: (316.33, 119.72)
[M::mem_pestat] low and high boundaries for proper pairs: (1, 880)
[M::mem_pestat] skip orientation RF as there are not enough pairs
[M::mem_pestat] skip orientation RR as there are not enough pairs
[0000] 10. Calling kt_for - worker_sam
	[0000][ M::mem_process_seqs] Processed 529802 reads in 1127.433 CPU sec, 143.118 real sec
[0000] 2. Calling mem_process_seqs.., task: 633
[0000] 3. Calling kt_for - worker_bwt
[0000] read_chunk: 80000000, work_chunk_size: 80000102, nseq: 529802
	[0000][ M::kt_pipeline] read 529802 sequences (80000102 bp)...
[0000] 3. Calling kt_for - worker_aln
Inferring insert size distribution from data, l_pac: 2069526396, n: 529802
[M::mem_pestat] # candidate unique pairs for (FF, FR, RF, RR): (3, 56087, 5, 2)
[M::mem_pestat] skip orientation FF as there are not enough pairs
[M::mem_pestat] analyzing insert size distribution for orientation FR...
[M::mem_pestat] (25, 50, 75) percentile: (228, 298, 392)
[M::mem_pestat] low and high boundaries for computing mean and std.dev: (1, 720)
[M::mem_pestat] mean and std.dev: (317.50, 120.29)
[M::mem_pestat] low and high boundaries for proper pairs: (1, 884)
[M::mem_pestat] skip orientation RF as there are not enough pairs
[M::mem_pestat] skip orientation RR as there are not enough pairs
[0000] 10. Calling kt_for - worker_sam
	[0000][ M::mem_process_seqs] Processed 529802 reads in 1125.370 CPU sec, 142.684 real sec
[0000] 2. Calling mem_process_seqs.., task: 634
[0000] 3. Calling kt_for - worker_bwt
[0000] read_chunk: 80000000, work_chunk_size: 80000102, nseq: 529802
	[0000][ M::kt_pipeline] read 529802 sequences (80000102 bp)...
[0000] 3. Calling kt_for - worker_aln
Inferring insert size distribution from data, l_pac: 2069526396, n: 529802
[M::mem_pestat] # candidate unique pairs for (FF, FR, RF, RR): (2, 55907, 9, 2)
[M::mem_pestat] skip orientation FF as there are not enough pairs
[M::mem_pestat] analyzing insert size distribution for orientation FR...
[M::mem_pestat] (25, 50, 75) percentile: (227, 296, 391)
[M::mem_pestat] low and high boundaries for computing mean and std.dev: (1, 719)
[M::mem_pestat] mean and std.dev: (316.35, 119.97)
[M::mem_pestat] low and high boundaries for proper pairs: (1, 883)
[M::mem_pestat] skip orientation RF as there are not enough pairs
[M::mem_pestat] skip orientation RR as there are not enough pairs
[0000] 10. Calling kt_for - worker_sam
	[0000][ M::mem_process_seqs] Processed 529802 reads in 1063.018 CPU sec, 134.577 real sec
[0000] 2. Calling mem_process_seqs.., task: 635
[0000] 3. Calling kt_for - worker_bwt
[0000] read_chunk: 80000000, work_chunk_size: 80000102, nseq: 529802
	[0000][ M::kt_pipeline] read 529802 sequences (80000102 bp)...
[0000] 3. Calling kt_for - worker_aln
Inferring insert size distribution from data, l_pac: 2069526396, n: 529802
[M::mem_pestat] # candidate unique pairs for (FF, FR, RF, RR): (1, 55900, 12, 5)
[M::mem_pestat] skip orientation FF as there are not enough pairs
[M::mem_pestat] analyzing insert size distribution for orientation FR...
[M::mem_pestat] (25, 50, 75) percentile: (229, 298, 392)
[M::mem_pestat] low and high boundaries for computing mean and std.dev: (1, 718)
[M::mem_pestat] mean and std.dev: (317.72, 119.84)
[M::mem_pestat] low and high boundaries for proper pairs: (1, 881)
[M::mem_pestat] analyzing insert size distribution for orientation RF...
[M::mem_pestat] (25, 50, 75) percentile: (1027, 1832, 2728)
[M::mem_pestat] low and high boundaries for computing mean and std.dev: (1, 6130)
[M::mem_pestat] mean and std.dev: (1517.64, 994.57)
[M::mem_pestat] low and high boundaries for proper pairs: (1, 7831)
[M::mem_pestat] skip orientation RR as there are not enough pairs
[M::mem_pestat] skip orientation RF
[0000] 10. Calling kt_for - worker_sam
	[0000][ M::mem_process_seqs] Processed 529802 reads in 1017.372 CPU sec, 128.760 real sec
[0000] 2. Calling mem_process_seqs.., task: 636
[0000] 3. Calling kt_for - worker_bwt
[0000] read_chunk: 80000000, work_chunk_size: 80000102, nseq: 529802
	[0000][ M::kt_pipeline] read 529802 sequences (80000102 bp)...
[0000] 3. Calling kt_for - worker_aln
Inferring insert size distribution from data, l_pac: 2069526396, n: 529802
[M::mem_pestat] # candidate unique pairs for (FF, FR, RF, RR): (4, 55751, 8, 3)
[M::mem_pestat] skip orientation FF as there are not enough pairs
[M::mem_pestat] analyzing insert size distribution for orientation FR...
[M::mem_pestat] (25, 50, 75) percentile: (228, 297, 392)
[M::mem_pestat] low and high boundaries for computing mean and std.dev: (1, 720)
[M::mem_pestat] mean and std.dev: (316.95, 119.76)
[M::mem_pestat] low and high boundaries for proper pairs: (1, 884)
[M::mem_pestat] skip orientation RF as there are not enough pairs
[M::mem_pestat] skip orientation RR as there are not enough pairs
[0000] 10. Calling kt_for - worker_sam
	[0000][ M::mem_process_seqs] Processed 529802 reads in 1198.439 CPU sec, 153.113 real sec
[0000] 2. Calling mem_process_seqs.., task: 637
[0000] 3. Calling kt_for - worker_bwt
[0000] read_chunk: 80000000, work_chunk_size: 80000102, nseq: 529802
	[0000][ M::kt_pipeline] read 529802 sequences (80000102 bp)...
[0000] 3. Calling kt_for - worker_aln
Inferring insert size distribution from data, l_pac: 2069526396, n: 529802
[M::mem_pestat] # candidate unique pairs for (FF, FR, RF, RR): (6, 55995, 6, 3)
[M::mem_pestat] skip orientation FF as there are not enough pairs
[M::mem_pestat] analyzing insert size distribution for orientation FR...
[M::mem_pestat] (25, 50, 75) percentile: (226, 295, 390)
[M::mem_pestat] low and high boundaries for computing mean and std.dev: (1, 718)
[M::mem_pestat] mean and std.dev: (315.25, 119.81)
[M::mem_pestat] low and high boundaries for proper pairs: (1, 882)
[M::mem_pestat] skip orientation RF as there are not enough pairs
[M::mem_pestat] skip orientation RR as there are not enough pairs
[0000] 10. Calling kt_for - worker_sam
	[0000][ M::mem_process_seqs] Processed 529802 reads in 1159.108 CPU sec, 147.914 real sec
[0000] 2. Calling mem_process_seqs.., task: 638
[0000] 3. Calling kt_for - worker_bwt
[0000] read_chunk: 80000000, work_chunk_size: 80000102, nseq: 529802
	[0000][ M::kt_pipeline] read 529802 sequences (80000102 bp)...
[0000] 3. Calling kt_for - worker_aln
Inferring insert size distribution from data, l_pac: 2069526396, n: 529802
[M::mem_pestat] # candidate unique pairs for (FF, FR, RF, RR): (4, 56157, 7, 4)
[M::mem_pestat] skip orientation FF as there are not enough pairs
[M::mem_pestat] analyzing insert size distribution for orientation FR...
[M::mem_pestat] (25, 50, 75) percentile: (227, 296, 390)
[M::mem_pestat] low and high boundaries for computing mean and std.dev: (1, 716)
[M::mem_pestat] mean and std.dev: (315.65, 119.44)
[M::mem_pestat] low and high boundaries for proper pairs: (1, 879)
[M::mem_pestat] skip orientation RF as there are not enough pairs
[M::mem_pestat] skip orientation RR as there are not enough pairs
[0000] 10. Calling kt_for - worker_sam
	[0000][ M::mem_process_seqs] Processed 529802 reads in 1178.852 CPU sec, 150.252 real sec
[0000] 2. Calling mem_process_seqs.., task: 639
[0000] 3. Calling kt_for - worker_bwt
[0000] read_chunk: 80000000, work_chunk_size: 80000102, nseq: 529802
	[0000][ M::kt_pipeline] read 529802 sequences (80000102 bp)...
[0000] 3. Calling kt_for - worker_aln
Inferring insert size distribution from data, l_pac: 2069526396, n: 529802
[M::mem_pestat] # candidate unique pairs for (FF, FR, RF, RR): (0, 56864, 11, 2)
[M::mem_pestat] skip orientation FF as there are not enough pairs
[M::mem_pestat] analyzing insert size distribution for orientation FR...
[M::mem_pestat] (25, 50, 75) percentile: (227, 296, 390)
[M::mem_pestat] low and high boundaries for computing mean and std.dev: (1, 716)
[M::mem_pestat] mean and std.dev: (315.39, 119.46)
[M::mem_pestat] low and high boundaries for proper pairs: (1, 879)
[M::mem_pestat] analyzing insert size distribution for orientation RF...
[M::mem_pestat] (25, 50, 75) percentile: (239, 436, 1089)
[M::mem_pestat] low and high boundaries for computing mean and std.dev: (1, 2789)
[M::mem_pestat] mean and std.dev: (397.00, 336.10)
[M::mem_pestat] low and high boundaries for proper pairs: (1, 3639)
[M::mem_pestat] skip orientation RR as there are not enough pairs
[M::mem_pestat] skip orientation RF
[0000] 10. Calling kt_for - worker_sam
	[0000][ M::mem_process_seqs] Processed 529802 reads in 1155.318 CPU sec, 147.119 real sec
[0000] 2. Calling mem_process_seqs.., task: 640
[0000] 3. Calling kt_for - worker_bwt
[0000] read_chunk: 80000000, work_chunk_size: 80000102, nseq: 529802
	[0000][ M::kt_pipeline] read 529802 sequences (80000102 bp)...
[0000] 3. Calling kt_for - worker_aln
Inferring insert size distribution from data, l_pac: 2069526396, n: 529802
[M::mem_pestat] # candidate unique pairs for (FF, FR, RF, RR): (4, 56224, 12, 1)
[M::mem_pestat] skip orientation FF as there are not enough pairs
[M::mem_pestat] analyzing insert size distribution for orientation FR...
[M::mem_pestat] (25, 50, 75) percentile: (226, 295, 390)
[M::mem_pestat] low and high boundaries for computing mean and std.dev: (1, 718)
[M::mem_pestat] mean and std.dev: (315.51, 120.09)
[M::mem_pestat] low and high boundaries for proper pairs: (1, 882)
[M::mem_pestat] analyzing insert size distribution for orientation RF...
[M::mem_pestat] (25, 50, 75) percentile: (533, 1590, 4775)
[M::mem_pestat] low and high boundaries for computing mean and std.dev: (1, 13259)
[M::mem_pestat] mean and std.dev: (2643.50, 2677.40)
[M::mem_pestat] low and high boundaries for proper pairs: (1, 17501)
[M::mem_pestat] skip orientation RR as there are not enough pairs
[M::mem_pestat] skip orientation RF
[0000] 10. Calling kt_for - worker_sam
	[0000][ M::mem_process_seqs] Processed 529802 reads in 1159.588 CPU sec, 147.380 real sec
[0000] 2. Calling mem_process_seqs.., task: 641
[0000] 3. Calling kt_for - worker_bwt
[0000] read_chunk: 80000000, work_chunk_size: 80000102, nseq: 529802
	[0000][ M::kt_pipeline] read 529802 sequences (80000102 bp)...
[0000] 3. Calling kt_for - worker_aln
Inferring insert size distribution from data, l_pac: 2069526396, n: 529802
[M::mem_pestat] # candidate unique pairs for (FF, FR, RF, RR): (2, 55857, 5, 4)
[M::mem_pestat] skip orientation FF as there are not enough pairs
[M::mem_pestat] analyzing insert size distribution for orientation FR...
[M::mem_pestat] (25, 50, 75) percentile: (226, 296, 391)
[M::mem_pestat] low and high boundaries for computing mean and std.dev: (1, 721)
[M::mem_pestat] mean and std.dev: (315.82, 119.85)
[M::mem_pestat] low and high boundaries for proper pairs: (1, 886)
[M::mem_pestat] skip orientation RF as there are not enough pairs
[M::mem_pestat] skip orientation RR as there are not enough pairs
[0000] 10. Calling kt_for - worker_sam
	[0000][ M::mem_process_seqs] Processed 529802 reads in 1055.037 CPU sec, 133.561 real sec
[0000] 2. Calling mem_process_seqs.., task: 642
[0000] 3. Calling kt_for - worker_bwt
[0000] read_chunk: 80000000, work_chunk_size: 80000102, nseq: 529802
	[0000][ M::kt_pipeline] read 529802 sequences (80000102 bp)...
[0000] 3. Calling kt_for - worker_aln
Inferring insert size distribution from data, l_pac: 2069526396, n: 529802
[M::mem_pestat] # candidate unique pairs for (FF, FR, RF, RR): (3, 55924, 8, 3)
[M::mem_pestat] skip orientation FF as there are not enough pairs
[M::mem_pestat] analyzing insert size distribution for orientation FR...
[M::mem_pestat] (25, 50, 75) percentile: (226, 295, 390)
[M::mem_pestat] low and high boundaries for computing mean and std.dev: (1, 718)
[M::mem_pestat] mean and std.dev: (315.22, 119.52)
[M::mem_pestat] low and high boundaries for proper pairs: (1, 882)
[M::mem_pestat] skip orientation RF as there are not enough pairs
[M::mem_pestat] skip orientation RR as there are not enough pairs
[0000] 10. Calling kt_for - worker_sam
	[0000][ M::mem_process_seqs] Processed 529802 reads in 1101.269 CPU sec, 140.236 real sec
[0000] 2. Calling mem_process_seqs.., task: 643
[0000] 3. Calling kt_for - worker_bwt
[0000] read_chunk: 80000000, work_chunk_size: 80000102, nseq: 529802
	[0000][ M::kt_pipeline] read 529802 sequences (80000102 bp)...
[0000] 3. Calling kt_for - worker_aln
Inferring insert size distribution from data, l_pac: 2069526396, n: 529802
[M::mem_pestat] # candidate unique pairs for (FF, FR, RF, RR): (5, 56336, 14, 1)
[M::mem_pestat] skip orientation FF as there are not enough pairs
[M::mem_pestat] analyzing insert size distribution for orientation FR...
[M::mem_pestat] (25, 50, 75) percentile: (224, 292, 385)
[M::mem_pestat] low and high boundaries for computing mean and std.dev: (1, 707)
[M::mem_pestat] mean and std.dev: (312.52, 118.49)
[M::mem_pestat] low and high boundaries for proper pairs: (1, 868)
[M::mem_pestat] analyzing insert size distribution for orientation RF...
[M::mem_pestat] (25, 50, 75) percentile: (132, 1526, 3319)
[M::mem_pestat] low and high boundaries for computing mean and std.dev: (1, 9693)
[M::mem_pestat] mean and std.dev: (2123.79, 2329.55)
[M::mem_pestat] low and high boundaries for proper pairs: (1, 12880)
[M::mem_pestat] skip orientation RR as there are not enough pairs
[M::mem_pestat] skip orientation RF
[0000] 10. Calling kt_for - worker_sam
	[0000][ M::mem_process_seqs] Processed 529802 reads in 1131.155 CPU sec, 143.903 real sec
[0000] 2. Calling mem_process_seqs.., task: 644
[0000] 3. Calling kt_for - worker_bwt
[0000] read_chunk: 80000000, work_chunk_size: 80000102, nseq: 529802
	[0000][ M::kt_pipeline] read 529802 sequences (80000102 bp)...
[0000] 3. Calling kt_for - worker_aln
Inferring insert size distribution from data, l_pac: 2069526396, n: 529802
[M::mem_pestat] # candidate unique pairs for (FF, FR, RF, RR): (0, 56469, 15, 4)
[M::mem_pestat] skip orientation FF as there are not enough pairs
[M::mem_pestat] analyzing insert size distribution for orientation FR...
[M::mem_pestat] (25, 50, 75) percentile: (224, 293, 387)
[M::mem_pestat] low and high boundaries for computing mean and std.dev: (1, 713)
[M::mem_pestat] mean and std.dev: (312.92, 118.50)
[M::mem_pestat] low and high boundaries for proper pairs: (1, 876)
[M::mem_pestat] analyzing insert size distribution for orientation RF...
[M::mem_pestat] (25, 50, 75) percentile: (121, 873, 2740)
[M::mem_pestat] low and high boundaries for computing mean and std.dev: (1, 7978)
[M::mem_pestat] mean and std.dev: (1437.60, 1372.78)
[M::mem_pestat] low and high boundaries for proper pairs: (1, 10597)
[M::mem_pestat] skip orientation RR as there are not enough pairs
[M::mem_pestat] skip orientation RF
[0000] 10. Calling kt_for - worker_sam
	[0000][ M::mem_process_seqs] Processed 529802 reads in 1088.372 CPU sec, 138.347 real sec
[0000] 2. Calling mem_process_seqs.., task: 645
[0000] 3. Calling kt_for - worker_bwt
[0000] read_chunk: 80000000, work_chunk_size: 80000102, nseq: 529802
	[0000][ M::kt_pipeline] read 529802 sequences (80000102 bp)...
[0000] 3. Calling kt_for - worker_aln
Inferring insert size distribution from data, l_pac: 2069526396, n: 529802
[M::mem_pestat] # candidate unique pairs for (FF, FR, RF, RR): (1, 56049, 6, 1)
[M::mem_pestat] skip orientation FF as there are not enough pairs
[M::mem_pestat] analyzing insert size distribution for orientation FR...
[M::mem_pestat] (25, 50, 75) percentile: (225, 294, 388)
[M::mem_pestat] low and high boundaries for computing mean and std.dev: (1, 714)
[M::mem_pestat] mean and std.dev: (313.59, 118.73)
[M::mem_pestat] low and high boundaries for proper pairs: (1, 877)
[M::mem_pestat] skip orientation RF as there are not enough pairs
[M::mem_pestat] skip orientation RR as there are not enough pairs
[0000] 10. Calling kt_for - worker_sam
	[0000][ M::mem_process_seqs] Processed 529802 reads in 1073.112 CPU sec, 135.656 real sec
[0000] 2. Calling mem_process_seqs.., task: 646
[0000] 3. Calling kt_for - worker_bwt
[0000] read_chunk: 80000000, work_chunk_size: 80000102, nseq: 529802
	[0000][ M::kt_pipeline] read 529802 sequences (80000102 bp)...
[0000] 3. Calling kt_for - worker_aln
Inferring insert size distribution from data, l_pac: 2069526396, n: 529802
[M::mem_pestat] # candidate unique pairs for (FF, FR, RF, RR): (3, 56015, 5, 2)
[M::mem_pestat] skip orientation FF as there are not enough pairs
[M::mem_pestat] analyzing insert size distribution for orientation FR...
[M::mem_pestat] (25, 50, 75) percentile: (225, 292, 388)
[M::mem_pestat] low and high boundaries for computing mean and std.dev: (1, 714)
[M::mem_pestat] mean and std.dev: (312.97, 118.90)
[M::mem_pestat] low and high boundaries for proper pairs: (1, 877)
[M::mem_pestat] skip orientation RF as there are not enough pairs
[M::mem_pestat] skip orientation RR as there are not enough pairs
[0000] 10. Calling kt_for - worker_sam
	[0000][ M::mem_process_seqs] Processed 529802 reads in 1092.966 CPU sec, 138.588 real sec
[0000] 2. Calling mem_process_seqs.., task: 647
[0000] 3. Calling kt_for - worker_bwt
[0000] read_chunk: 80000000, work_chunk_size: 80000102, nseq: 529802
	[0000][ M::kt_pipeline] read 529802 sequences (80000102 bp)...
[0000] 3. Calling kt_for - worker_aln
Inferring insert size distribution from data, l_pac: 2069526396, n: 529802
[M::mem_pestat] # candidate unique pairs for (FF, FR, RF, RR): (2, 56440, 9, 1)
[M::mem_pestat] skip orientation FF as there are not enough pairs
[M::mem_pestat] analyzing insert size distribution for orientation FR...
[M::mem_pestat] (25, 50, 75) percentile: (225, 294, 387)
[M::mem_pestat] low and high boundaries for computing mean and std.dev: (1, 711)
[M::mem_pestat] mean and std.dev: (312.91, 117.99)
[M::mem_pestat] low and high boundaries for proper pairs: (1, 873)
[M::mem_pestat] skip orientation RF as there are not enough pairs
[M::mem_pestat] skip orientation RR as there are not enough pairs
[0000] 10. Calling kt_for - worker_sam
	[0000][ M::mem_process_seqs] Processed 529802 reads in 978.057 CPU sec, 123.569 real sec
[0000] 2. Calling mem_process_seqs.., task: 648
[0000] 3. Calling kt_for - worker_bwt
[0000] read_chunk: 80000000, work_chunk_size: 80000102, nseq: 529802
	[0000][ M::kt_pipeline] read 529802 sequences (80000102 bp)...
[0000] 3. Calling kt_for - worker_aln
Inferring insert size distribution from data, l_pac: 2069526396, n: 529802
[M::mem_pestat] # candidate unique pairs for (FF, FR, RF, RR): (0, 56372, 6, 0)
[M::mem_pestat] skip orientation FF as there are not enough pairs
[M::mem_pestat] analyzing insert size distribution for orientation FR...
[M::mem_pestat] (25, 50, 75) percentile: (224, 292, 386)
[M::mem_pestat] low and high boundaries for computing mean and std.dev: (1, 710)
[M::mem_pestat] mean and std.dev: (312.00, 117.85)
[M::mem_pestat] low and high boundaries for proper pairs: (1, 872)
[M::mem_pestat] skip orientation RF as there are not enough pairs
[M::mem_pestat] skip orientation RR as there are not enough pairs
[0000] 10. Calling kt_for - worker_sam
	[0000][ M::mem_process_seqs] Processed 529802 reads in 1062.110 CPU sec, 134.964 real sec
[0000] 2. Calling mem_process_seqs.., task: 649
[0000] 3. Calling kt_for - worker_bwt
[0000] read_chunk: 80000000, work_chunk_size: 80000102, nseq: 529802
	[0000][ M::kt_pipeline] read 529802 sequences (80000102 bp)...
[0000] 3. Calling kt_for - worker_aln
Inferring insert size distribution from data, l_pac: 2069526396, n: 529802
[M::mem_pestat] # candidate unique pairs for (FF, FR, RF, RR): (3, 56291, 10, 4)
[M::mem_pestat] skip orientation FF as there are not enough pairs
[M::mem_pestat] analyzing insert size distribution for orientation FR...
[M::mem_pestat] (25, 50, 75) percentile: (224, 293, 385)
[M::mem_pestat] low and high boundaries for computing mean and std.dev: (1, 707)
[M::mem_pestat] mean and std.dev: (311.95, 117.99)
[M::mem_pestat] low and high boundaries for proper pairs: (1, 868)
[M::mem_pestat] analyzing insert size distribution for orientation RF...
[M::mem_pestat] (25, 50, 75) percentile: (287, 3579, 5375)
[M::mem_pestat] low and high boundaries for computing mean and std.dev: (1, 15551)
[M::mem_pestat] mean and std.dev: (3290.40, 3205.18)
[M::mem_pestat] low and high boundaries for proper pairs: (1, 20639)
[M::mem_pestat] skip orientation RR as there are not enough pairs
[M::mem_pestat] skip orientation RF
[0000] 10. Calling kt_for - worker_sam
	[0000][ M::mem_process_seqs] Processed 529802 reads in 1149.716 CPU sec, 146.808 real sec
[0000] 2. Calling mem_process_seqs.., task: 650
[0000] 3. Calling kt_for - worker_bwt
[0000] read_chunk: 80000000, work_chunk_size: 80000102, nseq: 529802
	[0000][ M::kt_pipeline] read 529802 sequences (80000102 bp)...
[0000] 3. Calling kt_for - worker_aln
Inferring insert size distribution from data, l_pac: 2069526396, n: 529802
[M::mem_pestat] # candidate unique pairs for (FF, FR, RF, RR): (1, 56717, 9, 3)
[M::mem_pestat] skip orientation FF as there are not enough pairs
[M::mem_pestat] analyzing insert size distribution for orientation FR...
[M::mem_pestat] (25, 50, 75) percentile: (224, 292, 385)
[M::mem_pestat] low and high boundaries for computing mean and std.dev: (1, 707)
[M::mem_pestat] mean and std.dev: (311.92, 118.37)
[M::mem_pestat] low and high boundaries for proper pairs: (1, 868)
[M::mem_pestat] skip orientation RF as there are not enough pairs
[M::mem_pestat] skip orientation RR as there are not enough pairs
[0000] 10. Calling kt_for - worker_sam
	[0000][ M::mem_process_seqs] Processed 529802 reads in 1127.823 CPU sec, 143.436 real sec
[0000] 2. Calling mem_process_seqs.., task: 651
[0000] 3. Calling kt_for - worker_bwt
[0000] read_chunk: 80000000, work_chunk_size: 80000102, nseq: 529802
	[0000][ M::kt_pipeline] read 529802 sequences (80000102 bp)...
[0000] 3. Calling kt_for - worker_aln
Inferring insert size distribution from data, l_pac: 2069526396, n: 529802
[M::mem_pestat] # candidate unique pairs for (FF, FR, RF, RR): (1, 56209, 8, 4)
[M::mem_pestat] skip orientation FF as there are not enough pairs
[M::mem_pestat] analyzing insert size distribution for orientation FR...
[M::mem_pestat] (25, 50, 75) percentile: (225, 292, 387)
[M::mem_pestat] low and high boundaries for computing mean and std.dev: (1, 711)
[M::mem_pestat] mean and std.dev: (312.52, 118.00)
[M::mem_pestat] low and high boundaries for proper pairs: (1, 873)
[M::mem_pestat] skip orientation RF as there are not enough pairs
[M::mem_pestat] skip orientation RR as there are not enough pairs
[0000] 10. Calling kt_for - worker_sam
	[0000][ M::mem_process_seqs] Processed 529802 reads in 1146.029 CPU sec, 145.827 real sec
[0000] 2. Calling mem_process_seqs.., task: 652
[0000] 3. Calling kt_for - worker_bwt
[0000] read_chunk: 80000000, work_chunk_size: 80000102, nseq: 529802
	[0000][ M::kt_pipeline] read 529802 sequences (80000102 bp)...
[0000] 3. Calling kt_for - worker_aln
Inferring insert size distribution from data, l_pac: 2069526396, n: 529802
[M::mem_pestat] # candidate unique pairs for (FF, FR, RF, RR): (1, 56090, 8, 2)
[M::mem_pestat] skip orientation FF as there are not enough pairs
[M::mem_pestat] analyzing insert size distribution for orientation FR...
[M::mem_pestat] (25, 50, 75) percentile: (224, 293, 386)
[M::mem_pestat] low and high boundaries for computing mean and std.dev: (1, 710)
[M::mem_pestat] mean and std.dev: (312.59, 119.16)
[M::mem_pestat] low and high boundaries for proper pairs: (1, 872)
[M::mem_pestat] skip orientation RF as there are not enough pairs
[M::mem_pestat] skip orientation RR as there are not enough pairs
[0000] 10. Calling kt_for - worker_sam
	[0000][ M::mem_process_seqs] Processed 529802 reads in 1117.840 CPU sec, 142.281 real sec
[0000] 2. Calling mem_process_seqs.., task: 653
[0000] 3. Calling kt_for - worker_bwt
[0000] read_chunk: 80000000, work_chunk_size: 80000102, nseq: 529802
	[0000][ M::kt_pipeline] read 529802 sequences (80000102 bp)...
[0000] 3. Calling kt_for - worker_aln
Inferring insert size distribution from data, l_pac: 2069526396, n: 529802
[M::mem_pestat] # candidate unique pairs for (FF, FR, RF, RR): (0, 56041, 5, 2)
[M::mem_pestat] skip orientation FF as there are not enough pairs
[M::mem_pestat] analyzing insert size distribution for orientation FR...
[M::mem_pestat] (25, 50, 75) percentile: (225, 294, 388)
[M::mem_pestat] low and high boundaries for computing mean and std.dev: (1, 714)
[M::mem_pestat] mean and std.dev: (313.78, 119.29)
[M::mem_pestat] low and high boundaries for proper pairs: (1, 877)
[M::mem_pestat] skip orientation RF as there are not enough pairs
[M::mem_pestat] skip orientation RR as there are not enough pairs
[0000] 10. Calling kt_for - worker_sam
	[0000][ M::mem_process_seqs] Processed 529802 reads in 1043.729 CPU sec, 132.351 real sec
[0000] 2. Calling mem_process_seqs.., task: 654
[0000] 3. Calling kt_for - worker_bwt
[0000] read_chunk: 80000000, work_chunk_size: 80000102, nseq: 529802
	[0000][ M::kt_pipeline] read 529802 sequences (80000102 bp)...
[0000] 3. Calling kt_for - worker_aln
Inferring insert size distribution from data, l_pac: 2069526396, n: 529802
[M::mem_pestat] # candidate unique pairs for (FF, FR, RF, RR): (4, 56186, 8, 3)
[M::mem_pestat] skip orientation FF as there are not enough pairs
[M::mem_pestat] analyzing insert size distribution for orientation FR...
[M::mem_pestat] (25, 50, 75) percentile: (225, 293, 386)
[M::mem_pestat] low and high boundaries for computing mean and std.dev: (1, 708)
[M::mem_pestat] mean and std.dev: (312.87, 118.25)
[M::mem_pestat] low and high boundaries for proper pairs: (1, 869)
[M::mem_pestat] skip orientation RF as there are not enough pairs
[M::mem_pestat] skip orientation RR as there are not enough pairs
[0000] 10. Calling kt_for - worker_sam
	[0000][ M::mem_process_seqs] Processed 529802 reads in 1113.452 CPU sec, 141.724 real sec
[0000] 2. Calling mem_process_seqs.., task: 655
[0000] 3. Calling kt_for - worker_bwt
[0000] read_chunk: 80000000, work_chunk_size: 80000102, nseq: 529802
	[0000][ M::kt_pipeline] read 529802 sequences (80000102 bp)...
[0000] 3. Calling kt_for - worker_aln
Inferring insert size distribution from data, l_pac: 2069526396, n: 529802
[M::mem_pestat] # candidate unique pairs for (FF, FR, RF, RR): (3, 56292, 13, 3)
[M::mem_pestat] skip orientation FF as there are not enough pairs
[M::mem_pestat] analyzing insert size distribution for orientation FR...
[M::mem_pestat] (25, 50, 75) percentile: (225, 295, 388)
[M::mem_pestat] low and high boundaries for computing mean and std.dev: (1, 714)
[M::mem_pestat] mean and std.dev: (314.20, 118.80)
[M::mem_pestat] low and high boundaries for proper pairs: (1, 877)
[M::mem_pestat] analyzing insert size distribution for orientation RF...
[M::mem_pestat] (25, 50, 75) percentile: (973, 1973, 6056)
[M::mem_pestat] low and high boundaries for computing mean and std.dev: (1, 16222)
[M::mem_pestat] mean and std.dev: (3069.08, 3002.61)
[M::mem_pestat] low and high boundaries for proper pairs: (1, 21305)
[M::mem_pestat] skip orientation RR as there are not enough pairs
[M::mem_pestat] skip orientation RF
[0000] 10. Calling kt_for - worker_sam
	[0000][ M::mem_process_seqs] Processed 529802 reads in 1179.049 CPU sec, 149.966 real sec
[0000] 2. Calling mem_process_seqs.., task: 656
[0000] 3. Calling kt_for - worker_bwt
[0000] read_chunk: 80000000, work_chunk_size: 80000102, nseq: 529802
	[0000][ M::kt_pipeline] read 529802 sequences (80000102 bp)...
[0000] 3. Calling kt_for - worker_aln
Inferring insert size distribution from data, l_pac: 2069526396, n: 529802
[M::mem_pestat] # candidate unique pairs for (FF, FR, RF, RR): (0, 56302, 8, 5)
[M::mem_pestat] skip orientation FF as there are not enough pairs
[M::mem_pestat] analyzing insert size distribution for orientation FR...
[M::mem_pestat] (25, 50, 75) percentile: (224, 293, 386)
[M::mem_pestat] low and high boundaries for computing mean and std.dev: (1, 710)
[M::mem_pestat] mean and std.dev: (312.36, 118.10)
[M::mem_pestat] low and high boundaries for proper pairs: (1, 872)
[M::mem_pestat] skip orientation RF as there are not enough pairs
[M::mem_pestat] skip orientation RR as there are not enough pairs
[0000] 10. Calling kt_for - worker_sam
	[0000][ M::mem_process_seqs] Processed 529802 reads in 1039.827 CPU sec, 131.841 real sec
[0000] 2. Calling mem_process_seqs.., task: 657
[0000] 3. Calling kt_for - worker_bwt
[0000] read_chunk: 80000000, work_chunk_size: 80000102, nseq: 529802
	[0000][ M::kt_pipeline] read 529802 sequences (80000102 bp)...
[0000] 3. Calling kt_for - worker_aln
Inferring insert size distribution from data, l_pac: 2069526396, n: 529802
[M::mem_pestat] # candidate unique pairs for (FF, FR, RF, RR): (2, 56268, 3, 3)
[M::mem_pestat] skip orientation FF as there are not enough pairs
[M::mem_pestat] analyzing insert size distribution for orientation FR...
[M::mem_pestat] (25, 50, 75) percentile: (223, 291, 383)
[M::mem_pestat] low and high boundaries for computing mean and std.dev: (1, 703)
[M::mem_pestat] mean and std.dev: (310.33, 117.15)
[M::mem_pestat] low and high boundaries for proper pairs: (1, 863)
[M::mem_pestat] skip orientation RF as there are not enough pairs
[M::mem_pestat] skip orientation RR as there are not enough pairs
[0000] 10. Calling kt_for - worker_sam
	[0000][ M::mem_process_seqs] Processed 529802 reads in 1148.712 CPU sec, 145.737 real sec
[0000] 2. Calling mem_process_seqs.., task: 658
[0000] 3. Calling kt_for - worker_bwt
[0000] read_chunk: 80000000, work_chunk_size: 80000102, nseq: 529802
	[0000][ M::kt_pipeline] read 529802 sequences (80000102 bp)...
[0000] 3. Calling kt_for - worker_aln
Inferring insert size distribution from data, l_pac: 2069526396, n: 529802
[M::mem_pestat] # candidate unique pairs for (FF, FR, RF, RR): (3, 56040, 11, 1)
[M::mem_pestat] skip orientation FF as there are not enough pairs
[M::mem_pestat] analyzing insert size distribution for orientation FR...
[M::mem_pestat] (25, 50, 75) percentile: (221, 287, 376)
[M::mem_pestat] low and high boundaries for computing mean and std.dev: (1, 686)
[M::mem_pestat] mean and std.dev: (305.58, 113.76)
[M::mem_pestat] low and high boundaries for proper pairs: (1, 841)
[M::mem_pestat] analyzing insert size distribution for orientation RF...
[M::mem_pestat] (25, 50, 75) percentile: (87, 221, 699)
[M::mem_pestat] low and high boundaries for computing mean and std.dev: (1, 1923)
[M::mem_pestat] mean and std.dev: (224.89, 210.39)
[M::mem_pestat] low and high boundaries for proper pairs: (1, 2535)
[M::mem_pestat] skip orientation RR as there are not enough pairs
[M::mem_pestat] skip orientation RF
[0000] 10. Calling kt_for - worker_sam
	[0000][ M::mem_process_seqs] Processed 529802 reads in 1180.247 CPU sec, 149.983 real sec
[0000] 2. Calling mem_process_seqs.., task: 659
[0000] 3. Calling kt_for - worker_bwt
[0000] read_chunk: 80000000, work_chunk_size: 80000102, nseq: 529802
	[0000][ M::kt_pipeline] read 529802 sequences (80000102 bp)...
[0000] 3. Calling kt_for - worker_aln
Inferring insert size distribution from data, l_pac: 2069526396, n: 529802
[M::mem_pestat] # candidate unique pairs for (FF, FR, RF, RR): (0, 56181, 12, 1)
[M::mem_pestat] skip orientation FF as there are not enough pairs
[M::mem_pestat] analyzing insert size distribution for orientation FR...
[M::mem_pestat] (25, 50, 75) percentile: (222, 288, 379)
[M::mem_pestat] low and high boundaries for computing mean and std.dev: (1, 693)
[M::mem_pestat] mean and std.dev: (306.82, 114.25)
[M::mem_pestat] low and high boundaries for proper pairs: (1, 850)
[M::mem_pestat] analyzing insert size distribution for orientation RF...
[M::mem_pestat] (25, 50, 75) percentile: (205, 492, 4538)
[M::mem_pestat] low and high boundaries for computing mean and std.dev: (1, 13204)
[M::mem_pestat] mean and std.dev: (1810.75, 2197.87)
[M::mem_pestat] low and high boundaries for proper pairs: (1, 17537)
[M::mem_pestat] skip orientation RR as there are not enough pairs
[M::mem_pestat] skip orientation RF
[0000] 10. Calling kt_for - worker_sam
	[0000][ M::mem_process_seqs] Processed 529802 reads in 1076.926 CPU sec, 136.276 real sec
[0000] 2. Calling mem_process_seqs.., task: 660
[0000] 3. Calling kt_for - worker_bwt
[0000] read_chunk: 80000000, work_chunk_size: 80000102, nseq: 529802
	[0000][ M::kt_pipeline] read 529802 sequences (80000102 bp)...
[0000] 3. Calling kt_for - worker_aln
Inferring insert size distribution from data, l_pac: 2069526396, n: 529802
[M::mem_pestat] # candidate unique pairs for (FF, FR, RF, RR): (3, 55959, 8, 0)
[M::mem_pestat] skip orientation FF as there are not enough pairs
[M::mem_pestat] analyzing insert size distribution for orientation FR...
[M::mem_pestat] (25, 50, 75) percentile: (222, 288, 381)
[M::mem_pestat] low and high boundaries for computing mean and std.dev: (1, 699)
[M::mem_pestat] mean and std.dev: (308.33, 117.03)
[M::mem_pestat] low and high boundaries for proper pairs: (1, 858)
[M::mem_pestat] skip orientation RF as there are not enough pairs
[M::mem_pestat] skip orientation RR as there are not enough pairs
[0000] 10. Calling kt_for - worker_sam
	[0000][ M::mem_process_seqs] Processed 529802 reads in 1213.455 CPU sec, 154.997 real sec
[0000] 2. Calling mem_process_seqs.., task: 661
[0000] 3. Calling kt_for - worker_bwt
[0000] read_chunk: 80000000, work_chunk_size: 80000102, nseq: 529802
	[0000][ M::kt_pipeline] read 529802 sequences (80000102 bp)...
[0000] 3. Calling kt_for - worker_aln
Inferring insert size distribution from data, l_pac: 2069526396, n: 529802
[M::mem_pestat] # candidate unique pairs for (FF, FR, RF, RR): (5, 56091, 8, 4)
[M::mem_pestat] skip orientation FF as there are not enough pairs
[M::mem_pestat] analyzing insert size distribution for orientation FR...
[M::mem_pestat] (25, 50, 75) percentile: (223, 289, 380)
[M::mem_pestat] low and high boundaries for computing mean and std.dev: (1, 694)
[M::mem_pestat] mean and std.dev: (307.74, 115.24)
[M::mem_pestat] low and high boundaries for proper pairs: (1, 851)
[M::mem_pestat] skip orientation RF as there are not enough pairs
[M::mem_pestat] skip orientation RR as there are not enough pairs
[0000] 10. Calling kt_for - worker_sam
	[0000][ M::mem_process_seqs] Processed 529802 reads in 1201.674 CPU sec, 152.729 real sec
[0000] 2. Calling mem_process_seqs.., task: 662
[0000] 3. Calling kt_for - worker_bwt
[0000] read_chunk: 80000000, work_chunk_size: 80000102, nseq: 529802
	[0000][ M::kt_pipeline] read 529802 sequences (80000102 bp)...
[0000] 3. Calling kt_for - worker_aln
Inferring insert size distribution from data, l_pac: 2069526396, n: 529802
[M::mem_pestat] # candidate unique pairs for (FF, FR, RF, RR): (6, 56496, 6, 2)
[M::mem_pestat] skip orientation FF as there are not enough pairs
[M::mem_pestat] analyzing insert size distribution for orientation FR...
[M::mem_pestat] (25, 50, 75) percentile: (222, 289, 380)
[M::mem_pestat] low and high boundaries for computing mean and std.dev: (1, 696)
[M::mem_pestat] mean and std.dev: (307.88, 115.84)
[M::mem_pestat] low and high boundaries for proper pairs: (1, 854)
[M::mem_pestat] skip orientation RF as there are not enough pairs
[M::mem_pestat] skip orientation RR as there are not enough pairs
[0000] 10. Calling kt_for - worker_sam
	[0000][ M::mem_process_seqs] Processed 529802 reads in 1122.369 CPU sec, 142.108 real sec
[0000] 2. Calling mem_process_seqs.., task: 663
[0000] 3. Calling kt_for - worker_bwt
[0000] read_chunk: 80000000, work_chunk_size: 80000102, nseq: 529802
	[0000][ M::kt_pipeline] read 529802 sequences (80000102 bp)...
[0000] 3. Calling kt_for - worker_aln
Inferring insert size distribution from data, l_pac: 2069526396, n: 529802
[M::mem_pestat] # candidate unique pairs for (FF, FR, RF, RR): (2, 55810, 8, 0)
[M::mem_pestat] skip orientation FF as there are not enough pairs
[M::mem_pestat] analyzing insert size distribution for orientation FR...
[M::mem_pestat] (25, 50, 75) percentile: (222, 289, 381)
[M::mem_pestat] low and high boundaries for computing mean and std.dev: (1, 699)
[M::mem_pestat] mean and std.dev: (308.40, 116.29)
[M::mem_pestat] low and high boundaries for proper pairs: (1, 858)
[M::mem_pestat] skip orientation RF as there are not enough pairs
[M::mem_pestat] skip orientation RR as there are not enough pairs
[0000] 10. Calling kt_for - worker_sam
	[0000][ M::mem_process_seqs] Processed 529802 reads in 1131.866 CPU sec, 143.422 real sec
[0000] 2. Calling mem_process_seqs.., task: 664
[0000] 3. Calling kt_for - worker_bwt
[0000] read_chunk: 80000000, work_chunk_size: 80000102, nseq: 529802
	[0000][ M::kt_pipeline] read 529802 sequences (80000102 bp)...
[0000] 3. Calling kt_for - worker_aln
Inferring insert size distribution from data, l_pac: 2069526396, n: 529802
[M::mem_pestat] # candidate unique pairs for (FF, FR, RF, RR): (0, 55950, 10, 2)
[M::mem_pestat] skip orientation FF as there are not enough pairs
[M::mem_pestat] analyzing insert size distribution for orientation FR...
[M::mem_pestat] (25, 50, 75) percentile: (223, 290, 382)
[M::mem_pestat] low and high boundaries for computing mean and std.dev: (1, 700)
[M::mem_pestat] mean and std.dev: (309.21, 116.54)
[M::mem_pestat] low and high boundaries for proper pairs: (1, 859)
[M::mem_pestat] analyzing insert size distribution for orientation RF...
[M::mem_pestat] (25, 50, 75) percentile: (44, 522, 809)
[M::mem_pestat] low and high boundaries for computing mean and std.dev: (1, 2339)
[M::mem_pestat] mean and std.dev: (345.11, 335.64)
[M::mem_pestat] low and high boundaries for proper pairs: (1, 3104)
[M::mem_pestat] skip orientation RR as there are not enough pairs
[M::mem_pestat] skip orientation RF
[0000] 10. Calling kt_for - worker_sam
	[0000][ M::mem_process_seqs] Processed 529802 reads in 1005.268 CPU sec, 126.919 real sec
[0000] 2. Calling mem_process_seqs.., task: 665
[0000] 3. Calling kt_for - worker_bwt
[0000] read_chunk: 80000000, work_chunk_size: 80000102, nseq: 529802
	[0000][ M::kt_pipeline] read 529802 sequences (80000102 bp)...
[0000] 3. Calling kt_for - worker_aln
Inferring insert size distribution from data, l_pac: 2069526396, n: 529802
[M::mem_pestat] # candidate unique pairs for (FF, FR, RF, RR): (3, 55592, 6, 1)
[M::mem_pestat] skip orientation FF as there are not enough pairs
[M::mem_pestat] analyzing insert size distribution for orientation FR...
[M::mem_pestat] (25, 50, 75) percentile: (223, 288, 379)
[M::mem_pestat] low and high boundaries for computing mean and std.dev: (1, 691)
[M::mem_pestat] mean and std.dev: (307.87, 115.27)
[M::mem_pestat] low and high boundaries for proper pairs: (1, 847)
[M::mem_pestat] skip orientation RF as there are not enough pairs
[M::mem_pestat] skip orientation RR as there are not enough pairs
[0000] 10. Calling kt_for - worker_sam
	[0000][ M::mem_process_seqs] Processed 529802 reads in 951.915 CPU sec, 119.938 real sec
[0000] 2. Calling mem_process_seqs.., task: 666
[0000] 3. Calling kt_for - worker_bwt
[0000] read_chunk: 80000000, work_chunk_size: 80000102, nseq: 529802
	[0000][ M::kt_pipeline] read 529802 sequences (80000102 bp)...
[0000] 3. Calling kt_for - worker_aln
Inferring insert size distribution from data, l_pac: 2069526396, n: 529802
[M::mem_pestat] # candidate unique pairs for (FF, FR, RF, RR): (1, 55572, 11, 1)
[M::mem_pestat] skip orientation FF as there are not enough pairs
[M::mem_pestat] analyzing insert size distribution for orientation FR...
[M::mem_pestat] (25, 50, 75) percentile: (223, 291, 383)
[M::mem_pestat] low and high boundaries for computing mean and std.dev: (1, 703)
[M::mem_pestat] mean and std.dev: (310.13, 116.67)
[M::mem_pestat] low and high boundaries for proper pairs: (1, 863)
[M::mem_pestat] analyzing insert size distribution for orientation RF...
[M::mem_pestat] (25, 50, 75) percentile: (379, 817, 2496)
[M::mem_pestat] low and high boundaries for computing mean and std.dev: (1, 6730)
[M::mem_pestat] mean and std.dev: (1061.00, 996.70)
[M::mem_pestat] low and high boundaries for proper pairs: (1, 8847)
[M::mem_pestat] skip orientation RR as there are not enough pairs
[M::mem_pestat] skip orientation RF
[0000] 10. Calling kt_for - worker_sam
	[0000][ M::mem_process_seqs] Processed 529802 reads in 1155.396 CPU sec, 146.775 real sec
[0000] 2. Calling mem_process_seqs.., task: 667
[0000] 3. Calling kt_for - worker_bwt
[0000] read_chunk: 80000000, work_chunk_size: 80000102, nseq: 529802
	[0000][ M::kt_pipeline] read 529802 sequences (80000102 bp)...
[0000] 3. Calling kt_for - worker_aln
Inferring insert size distribution from data, l_pac: 2069526396, n: 529802
[M::mem_pestat] # candidate unique pairs for (FF, FR, RF, RR): (5, 56370, 5, 2)
[M::mem_pestat] skip orientation FF as there are not enough pairs
[M::mem_pestat] analyzing insert size distribution for orientation FR...
[M::mem_pestat] (25, 50, 75) percentile: (222, 289, 381)
[M::mem_pestat] low and high boundaries for computing mean and std.dev: (1, 699)
[M::mem_pestat] mean and std.dev: (308.91, 117.06)
[M::mem_pestat] low and high boundaries for proper pairs: (1, 858)
[M::mem_pestat] skip orientation RF as there are not enough pairs
[M::mem_pestat] skip orientation RR as there are not enough pairs
[0000] 10. Calling kt_for - worker_sam
	[0000][ M::mem_process_seqs] Processed 529802 reads in 1153.520 CPU sec, 146.595 real sec
[0000] 2. Calling mem_process_seqs.., task: 668
[0000] 3. Calling kt_for - worker_bwt
[0000] read_chunk: 80000000, work_chunk_size: 80000102, nseq: 529802
	[0000][ M::kt_pipeline] read 529802 sequences (80000102 bp)...
[0000] 3. Calling kt_for - worker_aln
Inferring insert size distribution from data, l_pac: 2069526396, n: 529802
[M::mem_pestat] # candidate unique pairs for (FF, FR, RF, RR): (0, 55910, 8, 0)
[M::mem_pestat] skip orientation FF as there are not enough pairs
[M::mem_pestat] analyzing insert size distribution for orientation FR...
[M::mem_pestat] (25, 50, 75) percentile: (223, 291, 384)
[M::mem_pestat] low and high boundaries for computing mean and std.dev: (1, 706)
[M::mem_pestat] mean and std.dev: (311.33, 117.62)
[M::mem_pestat] low and high boundaries for proper pairs: (1, 867)
[M::mem_pestat] skip orientation RF as there are not enough pairs
[M::mem_pestat] skip orientation RR as there are not enough pairs
[0000] 10. Calling kt_for - worker_sam
	[0000][ M::mem_process_seqs] Processed 529802 reads in 1040.115 CPU sec, 131.588 real sec
[0000] 2. Calling mem_process_seqs.., task: 669
[0000] 3. Calling kt_for - worker_bwt
[0000] read_chunk: 80000000, work_chunk_size: 80000102, nseq: 529802
	[0000][ M::kt_pipeline] read 529802 sequences (80000102 bp)...
[0000] 3. Calling kt_for - worker_aln
Inferring insert size distribution from data, l_pac: 2069526396, n: 529802
[M::mem_pestat] # candidate unique pairs for (FF, FR, RF, RR): (3, 56196, 8, 0)
[M::mem_pestat] skip orientation FF as there are not enough pairs
[M::mem_pestat] analyzing insert size distribution for orientation FR...
[M::mem_pestat] (25, 50, 75) percentile: (223, 289, 382)
[M::mem_pestat] low and high boundaries for computing mean and std.dev: (1, 700)
[M::mem_pestat] mean and std.dev: (309.56, 117.24)
[M::mem_pestat] low and high boundaries for proper pairs: (1, 859)
[M::mem_pestat] skip orientation RF as there are not enough pairs
[M::mem_pestat] skip orientation RR as there are not enough pairs
[0000] 10. Calling kt_for - worker_sam
	[0000][ M::mem_process_seqs] Processed 529802 reads in 1106.765 CPU sec, 140.535 real sec
[0000] 2. Calling mem_process_seqs.., task: 670
[0000] 3. Calling kt_for - worker_bwt
[0000] read_chunk: 80000000, work_chunk_size: 80000102, nseq: 529802
	[0000][ M::kt_pipeline] read 529802 sequences (80000102 bp)...
[0000] 3. Calling kt_for - worker_aln
Inferring insert size distribution from data, l_pac: 2069526396, n: 529802
[M::mem_pestat] # candidate unique pairs for (FF, FR, RF, RR): (0, 55628, 8, 3)
[M::mem_pestat] skip orientation FF as there are not enough pairs
[M::mem_pestat] analyzing insert size distribution for orientation FR...
[M::mem_pestat] (25, 50, 75) percentile: (223, 290, 382)
[M::mem_pestat] low and high boundaries for computing mean and std.dev: (1, 700)
[M::mem_pestat] mean and std.dev: (309.48, 116.71)
[M::mem_pestat] low and high boundaries for proper pairs: (1, 859)
[M::mem_pestat] skip orientation RF as there are not enough pairs
[M::mem_pestat] skip orientation RR as there are not enough pairs
[0000] 10. Calling kt_for - worker_sam
	[0000][ M::mem_process_seqs] Processed 529802 reads in 1040.180 CPU sec, 131.666 real sec
[0000] 2. Calling mem_process_seqs.., task: 671
[0000] 3. Calling kt_for - worker_bwt
[0000] read_chunk: 80000000, work_chunk_size: 80000102, nseq: 529802
	[0000][ M::kt_pipeline] read 529802 sequences (80000102 bp)...
[0000] 3. Calling kt_for - worker_aln
Inferring insert size distribution from data, l_pac: 2069526396, n: 529802
[M::mem_pestat] # candidate unique pairs for (FF, FR, RF, RR): (4, 56099, 5, 4)
[M::mem_pestat] skip orientation FF as there are not enough pairs
[M::mem_pestat] analyzing insert size distribution for orientation FR...
[M::mem_pestat] (25, 50, 75) percentile: (223, 290, 381)
[M::mem_pestat] low and high boundaries for computing mean and std.dev: (1, 697)
[M::mem_pestat] mean and std.dev: (309.42, 115.70)
[M::mem_pestat] low and high boundaries for proper pairs: (1, 855)
[M::mem_pestat] skip orientation RF as there are not enough pairs
[M::mem_pestat] skip orientation RR as there are not enough pairs
[0000] 10. Calling kt_for - worker_sam
	[0000][ M::mem_process_seqs] Processed 529802 reads in 1018.401 CPU sec, 128.959 real sec
[0000] 2. Calling mem_process_seqs.., task: 672
[0000] 3. Calling kt_for - worker_bwt
[0000] read_chunk: 80000000, work_chunk_size: 80000102, nseq: 529802
	[0000][ M::kt_pipeline] read 529802 sequences (80000102 bp)...
[0000] 3. Calling kt_for - worker_aln
Inferring insert size distribution from data, l_pac: 2069526396, n: 529802
[M::mem_pestat] # candidate unique pairs for (FF, FR, RF, RR): (2, 56220, 15, 4)
[M::mem_pestat] skip orientation FF as there are not enough pairs
[M::mem_pestat] analyzing insert size distribution for orientation FR...
[M::mem_pestat] (25, 50, 75) percentile: (222, 290, 381)
[M::mem_pestat] low and high boundaries for computing mean and std.dev: (1, 699)
[M::mem_pestat] mean and std.dev: (308.80, 116.31)
[M::mem_pestat] low and high boundaries for proper pairs: (1, 858)
[M::mem_pestat] analyzing insert size distribution for orientation RF...
[M::mem_pestat] (25, 50, 75) percentile: (105, 1321, 3004)
[M::mem_pestat] low and high boundaries for computing mean and std.dev: (1, 8802)
[M::mem_pestat] mean and std.dev: (1889.07, 2149.50)
[M::mem_pestat] low and high boundaries for proper pairs: (1, 11701)
[M::mem_pestat] skip orientation RR as there are not enough pairs
[M::mem_pestat] skip orientation RF
[0000] 10. Calling kt_for - worker_sam
	[0000][ M::mem_process_seqs] Processed 529802 reads in 1147.516 CPU sec, 145.916 real sec
[0000] 2. Calling mem_process_seqs.., task: 673
[0000] 3. Calling kt_for - worker_bwt
[0000] read_chunk: 80000000, work_chunk_size: 80000102, nseq: 529802
	[0000][ M::kt_pipeline] read 529802 sequences (80000102 bp)...
[0000] 3. Calling kt_for - worker_aln
Inferring insert size distribution from data, l_pac: 2069526396, n: 529802
[M::mem_pestat] # candidate unique pairs for (FF, FR, RF, RR): (7, 56051, 13, 2)
[M::mem_pestat] skip orientation FF as there are not enough pairs
[M::mem_pestat] analyzing insert size distribution for orientation FR...
[M::mem_pestat] (25, 50, 75) percentile: (224, 290, 382)
[M::mem_pestat] low and high boundaries for computing mean and std.dev: (1, 698)
[M::mem_pestat] mean and std.dev: (310.18, 116.33)
[M::mem_pestat] low and high boundaries for proper pairs: (1, 856)
[M::mem_pestat] analyzing insert size distribution for orientation RF...
[M::mem_pestat] (25, 50, 75) percentile: (428, 2798, 6192)
[M::mem_pestat] low and high boundaries for computing mean and std.dev: (1, 17720)
[M::mem_pestat] mean and std.dev: (3585.69, 3285.85)
[M::mem_pestat] low and high boundaries for proper pairs: (1, 23484)
[M::mem_pestat] skip orientation RR as there are not enough pairs
[M::mem_pestat] skip orientation RF
[0000] 10. Calling kt_for - worker_sam
	[0000][ M::mem_process_seqs] Processed 529802 reads in 1133.403 CPU sec, 144.086 real sec
[0000] 2. Calling mem_process_seqs.., task: 674
[0000] 3. Calling kt_for - worker_bwt
[0000] read_chunk: 80000000, work_chunk_size: 80000102, nseq: 529802
	[0000][ M::kt_pipeline] read 529802 sequences (80000102 bp)...
[0000] 3. Calling kt_for - worker_aln
Inferring insert size distribution from data, l_pac: 2069526396, n: 529802
[M::mem_pestat] # candidate unique pairs for (FF, FR, RF, RR): (3, 56175, 11, 2)
[M::mem_pestat] skip orientation FF as there are not enough pairs
[M::mem_pestat] analyzing insert size distribution for orientation FR...
[M::mem_pestat] (25, 50, 75) percentile: (223, 290, 382)
[M::mem_pestat] low and high boundaries for computing mean and std.dev: (1, 700)
[M::mem_pestat] mean and std.dev: (309.49, 115.88)
[M::mem_pestat] low and high boundaries for proper pairs: (1, 859)
[M::mem_pestat] analyzing insert size distribution for orientation RF...
[M::mem_pestat] (25, 50, 75) percentile: (340, 1924, 3642)
[M::mem_pestat] low and high boundaries for computing mean and std.dev: (1, 10246)
[M::mem_pestat] mean and std.dev: (1982.27, 1782.87)
[M::mem_pestat] low and high boundaries for proper pairs: (1, 13548)
[M::mem_pestat] skip orientation RR as there are not enough pairs
[M::mem_pestat] skip orientation RF
[0000] 10. Calling kt_for - worker_sam
	[0000][ M::mem_process_seqs] Processed 529802 reads in 1102.177 CPU sec, 139.511 real sec
[0000] 2. Calling mem_process_seqs.., task: 675
[0000] 3. Calling kt_for - worker_bwt
[0000] read_chunk: 80000000, work_chunk_size: 80000102, nseq: 529802
	[0000][ M::kt_pipeline] read 529802 sequences (80000102 bp)...
[0000] 3. Calling kt_for - worker_aln
Inferring insert size distribution from data, l_pac: 2069526396, n: 529802
[M::mem_pestat] # candidate unique pairs for (FF, FR, RF, RR): (4, 56149, 11, 2)
[M::mem_pestat] skip orientation FF as there are not enough pairs
[M::mem_pestat] analyzing insert size distribution for orientation FR...
[M::mem_pestat] (25, 50, 75) percentile: (224, 291, 382)
[M::mem_pestat] low and high boundaries for computing mean and std.dev: (1, 698)
[M::mem_pestat] mean and std.dev: (309.45, 115.48)
[M::mem_pestat] low and high boundaries for proper pairs: (1, 856)
[M::mem_pestat] analyzing insert size distribution for orientation RF...
[M::mem_pestat] (25, 50, 75) percentile: (707, 792, 3286)
[M::mem_pestat] low and high boundaries for computing mean and std.dev: (1, 8444)
[M::mem_pestat] mean and std.dev: (1581.20, 1764.94)
[M::mem_pestat] low and high boundaries for proper pairs: (1, 11023)
[M::mem_pestat] skip orientation RR as there are not enough pairs
[M::mem_pestat] skip orientation RF
[0000] 10. Calling kt_for - worker_sam
	[0000][ M::mem_process_seqs] Processed 529802 reads in 1129.925 CPU sec, 143.333 real sec
[0000] 2. Calling mem_process_seqs.., task: 676
[0000] 3. Calling kt_for - worker_bwt
[0000] read_chunk: 80000000, work_chunk_size: 80000102, nseq: 529802
	[0000][ M::kt_pipeline] read 529802 sequences (80000102 bp)...
[0000] 3. Calling kt_for - worker_aln
Inferring insert size distribution from data, l_pac: 2069526396, n: 529802
[M::mem_pestat] # candidate unique pairs for (FF, FR, RF, RR): (2, 56038, 5, 1)
[M::mem_pestat] skip orientation FF as there are not enough pairs
[M::mem_pestat] analyzing insert size distribution for orientation FR...
[M::mem_pestat] (25, 50, 75) percentile: (224, 292, 382)
[M::mem_pestat] low and high boundaries for computing mean and std.dev: (1, 698)
[M::mem_pestat] mean and std.dev: (310.14, 115.84)
[M::mem_pestat] low and high boundaries for proper pairs: (1, 856)
[M::mem_pestat] skip orientation RF as there are not enough pairs
[M::mem_pestat] skip orientation RR as there are not enough pairs
[0000] 10. Calling kt_for - worker_sam
	[0000][ M::mem_process_seqs] Processed 529802 reads in 991.516 CPU sec, 125.059 real sec
[0000] 2. Calling mem_process_seqs.., task: 677
[0000] 3. Calling kt_for - worker_bwt
[0000] read_chunk: 80000000, work_chunk_size: 80000102, nseq: 529802
	[0000][ M::kt_pipeline] read 529802 sequences (80000102 bp)...
[0000] 3. Calling kt_for - worker_aln
Inferring insert size distribution from data, l_pac: 2069526396, n: 529802
[M::mem_pestat] # candidate unique pairs for (FF, FR, RF, RR): (3, 56202, 7, 4)
[M::mem_pestat] skip orientation FF as there are not enough pairs
[M::mem_pestat] analyzing insert size distribution for orientation FR...
[M::mem_pestat] (25, 50, 75) percentile: (223, 291, 383)
[M::mem_pestat] low and high boundaries for computing mean and std.dev: (1, 703)
[M::mem_pestat] mean and std.dev: (310.10, 117.02)
[M::mem_pestat] low and high boundaries for proper pairs: (1, 863)
[M::mem_pestat] skip orientation RF as there are not enough pairs
[M::mem_pestat] skip orientation RR as there are not enough pairs
[0000] 10. Calling kt_for - worker_sam
	[0000][ M::mem_process_seqs] Processed 529802 reads in 1110.077 CPU sec, 140.957 real sec
[0000] 2. Calling mem_process_seqs.., task: 678
[0000] 3. Calling kt_for - worker_bwt
[0000] read_chunk: 80000000, work_chunk_size: 80000102, nseq: 529802
	[0000][ M::kt_pipeline] read 529802 sequences (80000102 bp)...
[0000] 3. Calling kt_for - worker_aln
Inferring insert size distribution from data, l_pac: 2069526396, n: 529802
[M::mem_pestat] # candidate unique pairs for (FF, FR, RF, RR): (3, 55501, 5, 1)
[M::mem_pestat] skip orientation FF as there are not enough pairs
[M::mem_pestat] analyzing insert size distribution for orientation FR...
[M::mem_pestat] (25, 50, 75) percentile: (224, 292, 383)
[M::mem_pestat] low and high boundaries for computing mean and std.dev: (1, 701)
[M::mem_pestat] mean and std.dev: (310.78, 117.01)
[M::mem_pestat] low and high boundaries for proper pairs: (1, 860)
[M::mem_pestat] skip orientation RF as there are not enough pairs
[M::mem_pestat] skip orientation RR as there are not enough pairs
[0000] 10. Calling kt_for - worker_sam
	[0000][ M::mem_process_seqs] Processed 529802 reads in 1121.908 CPU sec, 142.308 real sec
[0000] 2. Calling mem_process_seqs.., task: 679
[0000] 3. Calling kt_for - worker_bwt
[0000] read_chunk: 80000000, work_chunk_size: 80000102, nseq: 529802
	[0000][ M::kt_pipeline] read 529802 sequences (80000102 bp)...
[0000] 3. Calling kt_for - worker_aln
Inferring insert size distribution from data, l_pac: 2069526396, n: 529802
[M::mem_pestat] # candidate unique pairs for (FF, FR, RF, RR): (3, 56274, 9, 2)
[M::mem_pestat] skip orientation FF as there are not enough pairs
[M::mem_pestat] analyzing insert size distribution for orientation FR...
[M::mem_pestat] (25, 50, 75) percentile: (223, 291, 383)
[M::mem_pestat] low and high boundaries for computing mean and std.dev: (1, 703)
[M::mem_pestat] mean and std.dev: (310.09, 117.09)
[M::mem_pestat] low and high boundaries for proper pairs: (1, 863)
[M::mem_pestat] skip orientation RF as there are not enough pairs
[M::mem_pestat] skip orientation RR as there are not enough pairs
[0000] 10. Calling kt_for - worker_sam
	[0000][ M::mem_process_seqs] Processed 529802 reads in 1088.284 CPU sec, 137.924 real sec
[0000] 2. Calling mem_process_seqs.., task: 680
[0000] 3. Calling kt_for - worker_bwt
[0000] read_chunk: 80000000, work_chunk_size: 80000102, nseq: 529802
	[0000][ M::kt_pipeline] read 529802 sequences (80000102 bp)...
[0000] 3. Calling kt_for - worker_aln
Inferring insert size distribution from data, l_pac: 2069526396, n: 529802
[M::mem_pestat] # candidate unique pairs for (FF, FR, RF, RR): (3, 56547, 7, 1)
[M::mem_pestat] skip orientation FF as there are not enough pairs
[M::mem_pestat] analyzing insert size distribution for orientation FR...
[M::mem_pestat] (25, 50, 75) percentile: (223, 291, 383)
[M::mem_pestat] low and high boundaries for computing mean and std.dev: (1, 703)
[M::mem_pestat] mean and std.dev: (310.58, 117.51)
[M::mem_pestat] low and high boundaries for proper pairs: (1, 863)
[M::mem_pestat] skip orientation RF as there are not enough pairs
[M::mem_pestat] skip orientation RR as there are not enough pairs
[0000] 10. Calling kt_for - worker_sam
	[0000][ M::mem_process_seqs] Processed 529802 reads in 1049.367 CPU sec, 132.557 real sec
[0000] 2. Calling mem_process_seqs.., task: 681
[0000] 3. Calling kt_for - worker_bwt
[0000] read_chunk: 80000000, work_chunk_size: 80000102, nseq: 529802
	[0000][ M::kt_pipeline] read 529802 sequences (80000102 bp)...
[0000] 3. Calling kt_for - worker_aln
Inferring insert size distribution from data, l_pac: 2069526396, n: 529802
[M::mem_pestat] # candidate unique pairs for (FF, FR, RF, RR): (3, 56246, 10, 3)
[M::mem_pestat] skip orientation FF as there are not enough pairs
[M::mem_pestat] analyzing insert size distribution for orientation FR...
[M::mem_pestat] (25, 50, 75) percentile: (223, 290, 384)
[M::mem_pestat] low and high boundaries for computing mean and std.dev: (1, 706)
[M::mem_pestat] mean and std.dev: (310.38, 117.78)
[M::mem_pestat] low and high boundaries for proper pairs: (1, 867)
[M::mem_pestat] analyzing insert size distribution for orientation RF...
[M::mem_pestat] (25, 50, 75) percentile: (573, 903, 5650)
[M::mem_pestat] low and high boundaries for computing mean and std.dev: (1, 15804)
[M::mem_pestat] mean and std.dev: (3036.30, 2997.29)
[M::mem_pestat] low and high boundaries for proper pairs: (1, 20881)
[M::mem_pestat] skip orientation RR as there are not enough pairs
[M::mem_pestat] skip orientation RF
[0000] 10. Calling kt_for - worker_sam
	[0000][ M::mem_process_seqs] Processed 529802 reads in 1040.738 CPU sec, 131.759 real sec
[0000] 2. Calling mem_process_seqs.., task: 682
[0000] 3. Calling kt_for - worker_bwt
[0000] read_chunk: 80000000, work_chunk_size: 80000102, nseq: 529802
	[0000][ M::kt_pipeline] read 529802 sequences (80000102 bp)...
[0000] 3. Calling kt_for - worker_aln
Inferring insert size distribution from data, l_pac: 2069526396, n: 529802
[M::mem_pestat] # candidate unique pairs for (FF, FR, RF, RR): (2, 56204, 13, 1)
[M::mem_pestat] skip orientation FF as there are not enough pairs
[M::mem_pestat] analyzing insert size distribution for orientation FR...
[M::mem_pestat] (25, 50, 75) percentile: (223, 289, 383)
[M::mem_pestat] low and high boundaries for computing mean and std.dev: (1, 703)
[M::mem_pestat] mean and std.dev: (309.93, 117.26)
[M::mem_pestat] low and high boundaries for proper pairs: (1, 863)
[M::mem_pestat] analyzing insert size distribution for orientation RF...
[M::mem_pestat] (25, 50, 75) percentile: (387, 605, 2586)
[M::mem_pestat] low and high boundaries for computing mean and std.dev: (1, 6984)
[M::mem_pestat] mean and std.dev: (1402.69, 1598.78)
[M::mem_pestat] low and high boundaries for proper pairs: (1, 9183)
[M::mem_pestat] skip orientation RR as there are not enough pairs
[M::mem_pestat] skip orientation RF
[0000] 10. Calling kt_for - worker_sam
	[0000][ M::mem_process_seqs] Processed 529802 reads in 1020.841 CPU sec, 128.830 real sec
[0000] 2. Calling mem_process_seqs.., task: 683
[0000] 3. Calling kt_for - worker_bwt
[0000] read_chunk: 80000000, work_chunk_size: 80000102, nseq: 529802
	[0000][ M::kt_pipeline] read 529802 sequences (80000102 bp)...
[0000] 3. Calling kt_for - worker_aln
Inferring insert size distribution from data, l_pac: 2069526396, n: 529802
[M::mem_pestat] # candidate unique pairs for (FF, FR, RF, RR): (1, 56414, 6, 4)
[M::mem_pestat] skip orientation FF as there are not enough pairs
[M::mem_pestat] analyzing insert size distribution for orientation FR...
[M::mem_pestat] (25, 50, 75) percentile: (223, 290, 383)
[M::mem_pestat] low and high boundaries for computing mean and std.dev: (1, 703)
[M::mem_pestat] mean and std.dev: (309.85, 117.31)
[M::mem_pestat] low and high boundaries for proper pairs: (1, 863)
[M::mem_pestat] skip orientation RF as there are not enough pairs
[M::mem_pestat] skip orientation RR as there are not enough pairs
[0000] 10. Calling kt_for - worker_sam
	[0000][ M::mem_process_seqs] Processed 529802 reads in 968.722 CPU sec, 122.275 real sec
[0000] 2. Calling mem_process_seqs.., task: 684
[0000] 3. Calling kt_for - worker_bwt
[0000] read_chunk: 80000000, work_chunk_size: 80000102, nseq: 529802
	[0000][ M::kt_pipeline] read 529802 sequences (80000102 bp)...
[0000] 3. Calling kt_for - worker_aln
Inferring insert size distribution from data, l_pac: 2069526396, n: 529802
[M::mem_pestat] # candidate unique pairs for (FF, FR, RF, RR): (0, 56208, 10, 3)
[M::mem_pestat] skip orientation FF as there are not enough pairs
[M::mem_pestat] analyzing insert size distribution for orientation FR...
[M::mem_pestat] (25, 50, 75) percentile: (222, 289, 381)
[M::mem_pestat] low and high boundaries for computing mean and std.dev: (1, 699)
[M::mem_pestat] mean and std.dev: (308.52, 116.15)
[M::mem_pestat] low and high boundaries for proper pairs: (1, 858)
[M::mem_pestat] analyzing insert size distribution for orientation RF...
[M::mem_pestat] (25, 50, 75) percentile: (273, 5757, 6464)
[M::mem_pestat] low and high boundaries for computing mean and std.dev: (1, 18846)
[M::mem_pestat] mean and std.dev: (4255.20, 3649.17)
[M::mem_pestat] low and high boundaries for proper pairs: (1, 25037)
[M::mem_pestat] skip orientation RR as there are not enough pairs
[M::mem_pestat] skip orientation RF
[0000] 10. Calling kt_for - worker_sam
	[0000][ M::mem_process_seqs] Processed 529802 reads in 964.117 CPU sec, 121.821 real sec
[0000] 2. Calling mem_process_seqs.., task: 685
[0000] 3. Calling kt_for - worker_bwt
[0000] read_chunk: 80000000, work_chunk_size: 80000102, nseq: 529802
	[0000][ M::kt_pipeline] read 529802 sequences (80000102 bp)...
[0000] 3. Calling kt_for - worker_aln
Inferring insert size distribution from data, l_pac: 2069526396, n: 529802
[M::mem_pestat] # candidate unique pairs for (FF, FR, RF, RR): (4, 56065, 10, 1)
[M::mem_pestat] skip orientation FF as there are not enough pairs
[M::mem_pestat] analyzing insert size distribution for orientation FR...
[M::mem_pestat] (25, 50, 75) percentile: (223, 289, 382)
[M::mem_pestat] low and high boundaries for computing mean and std.dev: (1, 700)
[M::mem_pestat] mean and std.dev: (309.19, 116.30)
[M::mem_pestat] low and high boundaries for proper pairs: (1, 859)
[M::mem_pestat] analyzing insert size distribution for orientation RF...
[M::mem_pestat] (25, 50, 75) percentile: (274, 2969, 4300)
[M::mem_pestat] low and high boundaries for computing mean and std.dev: (1, 12352)
[M::mem_pestat] mean and std.dev: (2853.50, 2807.88)
[M::mem_pestat] low and high boundaries for proper pairs: (1, 16378)
[M::mem_pestat] skip orientation RR as there are not enough pairs
[M::mem_pestat] skip orientation RF
[0000] 10. Calling kt_for - worker_sam
	[0000][ M::mem_process_seqs] Processed 529802 reads in 1033.759 CPU sec, 130.690 real sec
[0000] 2. Calling mem_process_seqs.., task: 686
[0000] 3. Calling kt_for - worker_bwt
[0000] read_chunk: 80000000, work_chunk_size: 80000102, nseq: 529802
	[0000][ M::kt_pipeline] read 529802 sequences (80000102 bp)...
[0000] 3. Calling kt_for - worker_aln
Inferring insert size distribution from data, l_pac: 2069526396, n: 529802
[M::mem_pestat] # candidate unique pairs for (FF, FR, RF, RR): (2, 55982, 6, 2)
[M::mem_pestat] skip orientation FF as there are not enough pairs
[M::mem_pestat] analyzing insert size distribution for orientation FR...
[M::mem_pestat] (25, 50, 75) percentile: (222, 290, 384)
[M::mem_pestat] low and high boundaries for computing mean and std.dev: (1, 708)
[M::mem_pestat] mean and std.dev: (310.35, 117.79)
[M::mem_pestat] low and high boundaries for proper pairs: (1, 870)
[M::mem_pestat] skip orientation RF as there are not enough pairs
[M::mem_pestat] skip orientation RR as there are not enough pairs
[0000] 10. Calling kt_for - worker_sam
	[0000][ M::mem_process_seqs] Processed 529802 reads in 1069.132 CPU sec, 135.595 real sec
[0000] 2. Calling mem_process_seqs.., task: 687
[0000] 3. Calling kt_for - worker_bwt
[0000] read_chunk: 80000000, work_chunk_size: 80000102, nseq: 529802
	[0000][ M::kt_pipeline] read 529802 sequences (80000102 bp)...
[0000] 3. Calling kt_for - worker_aln
Inferring insert size distribution from data, l_pac: 2069526396, n: 529802
[M::mem_pestat] # candidate unique pairs for (FF, FR, RF, RR): (1, 56018, 14, 1)
[M::mem_pestat] skip orientation FF as there are not enough pairs
[M::mem_pestat] analyzing insert size distribution for orientation FR...
[M::mem_pestat] (25, 50, 75) percentile: (225, 293, 385)
[M::mem_pestat] low and high boundaries for computing mean and std.dev: (1, 705)
[M::mem_pestat] mean and std.dev: (312.48, 117.88)
[M::mem_pestat] low and high boundaries for proper pairs: (1, 865)
[M::mem_pestat] analyzing insert size distribution for orientation RF...
[M::mem_pestat] (25, 50, 75) percentile: (515, 1932, 4384)
[M::mem_pestat] low and high boundaries for computing mean and std.dev: (1, 12122)
[M::mem_pestat] mean and std.dev: (3214.43, 3557.13)
[M::mem_pestat] low and high boundaries for proper pairs: (1, 17443)
[M::mem_pestat] skip orientation RR as there are not enough pairs
[M::mem_pestat] skip orientation RF
[0000] 10. Calling kt_for - worker_sam
	[0000][ M::mem_process_seqs] Processed 529802 reads in 1067.816 CPU sec, 135.238 real sec
[0000] 2. Calling mem_process_seqs.., task: 688
[0000] 3. Calling kt_for - worker_bwt
[0000] read_chunk: 80000000, work_chunk_size: 80000102, nseq: 529802
	[0000][ M::kt_pipeline] read 529802 sequences (80000102 bp)...
[0000] 3. Calling kt_for - worker_aln
Inferring insert size distribution from data, l_pac: 2069526396, n: 529802
[M::mem_pestat] # candidate unique pairs for (FF, FR, RF, RR): (3, 56022, 6, 3)
[M::mem_pestat] skip orientation FF as there are not enough pairs
[M::mem_pestat] analyzing insert size distribution for orientation FR...
[M::mem_pestat] (25, 50, 75) percentile: (224, 293, 387)
[M::mem_pestat] low and high boundaries for computing mean and std.dev: (1, 713)
[M::mem_pestat] mean and std.dev: (312.98, 119.01)
[M::mem_pestat] low and high boundaries for proper pairs: (1, 876)
[M::mem_pestat] skip orientation RF as there are not enough pairs
[M::mem_pestat] skip orientation RR as there are not enough pairs
[0000] 10. Calling kt_for - worker_sam
	[0000][ M::mem_process_seqs] Processed 529802 reads in 989.684 CPU sec, 124.964 real sec
[0000] 2. Calling mem_process_seqs.., task: 689
[0000] 3. Calling kt_for - worker_bwt
[0000] read_chunk: 80000000, work_chunk_size: 80000102, nseq: 529802
	[0000][ M::kt_pipeline] read 529802 sequences (80000102 bp)...
[0000] 3. Calling kt_for - worker_aln
Inferring insert size distribution from data, l_pac: 2069526396, n: 529802
[M::mem_pestat] # candidate unique pairs for (FF, FR, RF, RR): (5, 56303, 11, 1)
[M::mem_pestat] skip orientation FF as there are not enough pairs
[M::mem_pestat] analyzing insert size distribution for orientation FR...
[M::mem_pestat] (25, 50, 75) percentile: (226, 295, 390)
[M::mem_pestat] low and high boundaries for computing mean and std.dev: (1, 718)
[M::mem_pestat] mean and std.dev: (315.39, 119.83)
[M::mem_pestat] low and high boundaries for proper pairs: (1, 882)
[M::mem_pestat] analyzing insert size distribution for orientation RF...
[M::mem_pestat] (25, 50, 75) percentile: (727, 800, 4513)
[M::mem_pestat] low and high boundaries for computing mean and std.dev: (1, 12085)
[M::mem_pestat] mean and std.dev: (2309.09, 2188.70)
[M::mem_pestat] low and high boundaries for proper pairs: (1, 15871)
[M::mem_pestat] skip orientation RR as there are not enough pairs
[M::mem_pestat] skip orientation RF
[0000] 10. Calling kt_for - worker_sam
	[0000][ M::mem_process_seqs] Processed 529802 reads in 1033.640 CPU sec, 130.608 real sec
[0000] 2. Calling mem_process_seqs.., task: 690
[0000] 3. Calling kt_for - worker_bwt
[0000] read_chunk: 80000000, work_chunk_size: 80000102, nseq: 529802
	[0000][ M::kt_pipeline] read 529802 sequences (80000102 bp)...
[0000] 3. Calling kt_for - worker_aln
Inferring insert size distribution from data, l_pac: 2069526396, n: 529802
[M::mem_pestat] # candidate unique pairs for (FF, FR, RF, RR): (0, 55850, 7, 2)
[M::mem_pestat] skip orientation FF as there are not enough pairs
[M::mem_pestat] analyzing insert size distribution for orientation FR...
[M::mem_pestat] (25, 50, 75) percentile: (227, 297, 391)
[M::mem_pestat] low and high boundaries for computing mean and std.dev: (1, 719)
[M::mem_pestat] mean and std.dev: (316.03, 119.87)
[M::mem_pestat] low and high boundaries for proper pairs: (1, 883)
[M::mem_pestat] skip orientation RF as there are not enough pairs
[M::mem_pestat] skip orientation RR as there are not enough pairs
[0000] 10. Calling kt_for - worker_sam
	[0000][ M::mem_process_seqs] Processed 529802 reads in 1078.243 CPU sec, 136.584 real sec
[0000] 2. Calling mem_process_seqs.., task: 691
[0000] 3. Calling kt_for - worker_bwt
[0000] read_chunk: 80000000, work_chunk_size: 80000102, nseq: 529802
	[0000][ M::kt_pipeline] read 529802 sequences (80000102 bp)...
[0000] 3. Calling kt_for - worker_aln
Inferring insert size distribution from data, l_pac: 2069526396, n: 529802
[M::mem_pestat] # candidate unique pairs for (FF, FR, RF, RR): (2, 55855, 5, 1)
[M::mem_pestat] skip orientation FF as there are not enough pairs
[M::mem_pestat] analyzing insert size distribution for orientation FR...
[M::mem_pestat] (25, 50, 75) percentile: (226, 295, 389)
[M::mem_pestat] low and high boundaries for computing mean and std.dev: (1, 715)
[M::mem_pestat] mean and std.dev: (314.71, 119.61)
[M::mem_pestat] low and high boundaries for proper pairs: (1, 878)
[M::mem_pestat] skip orientation RF as there are not enough pairs
[M::mem_pestat] skip orientation RR as there are not enough pairs
[0000] 10. Calling kt_for - worker_sam
	[0000][ M::mem_process_seqs] Processed 529802 reads in 926.163 CPU sec, 116.755 real sec
[0000] 2. Calling mem_process_seqs.., task: 692
[0000] 3. Calling kt_for - worker_bwt
[0000] read_chunk: 80000000, work_chunk_size: 80000102, nseq: 529802
	[0000][ M::kt_pipeline] read 529802 sequences (80000102 bp)...
[0000] 3. Calling kt_for - worker_aln
Inferring insert size distribution from data, l_pac: 2069526396, n: 529802
[M::mem_pestat] # candidate unique pairs for (FF, FR, RF, RR): (1, 56190, 9, 2)
[M::mem_pestat] skip orientation FF as there are not enough pairs
[M::mem_pestat] analyzing insert size distribution for orientation FR...
[M::mem_pestat] (25, 50, 75) percentile: (226, 296, 390)
[M::mem_pestat] low and high boundaries for computing mean and std.dev: (1, 718)
[M::mem_pestat] mean and std.dev: (315.44, 119.55)
[M::mem_pestat] low and high boundaries for proper pairs: (1, 882)
[M::mem_pestat] skip orientation RF as there are not enough pairs
[M::mem_pestat] skip orientation RR as there are not enough pairs
[0000] 10. Calling kt_for - worker_sam
	[0000][ M::mem_process_seqs] Processed 529802 reads in 967.089 CPU sec, 122.283 real sec
[0000] 2. Calling mem_process_seqs.., task: 693
[0000] 3. Calling kt_for - worker_bwt
[0000] read_chunk: 80000000, work_chunk_size: 80000102, nseq: 529802
	[0000][ M::kt_pipeline] read 529802 sequences (80000102 bp)...
[0000] 3. Calling kt_for - worker_aln
Inferring insert size distribution from data, l_pac: 2069526396, n: 529802
[M::mem_pestat] # candidate unique pairs for (FF, FR, RF, RR): (6, 56135, 6, 2)
[M::mem_pestat] skip orientation FF as there are not enough pairs
[M::mem_pestat] analyzing insert size distribution for orientation FR...
[M::mem_pestat] (25, 50, 75) percentile: (226, 295, 390)
[M::mem_pestat] low and high boundaries for computing mean and std.dev: (1, 718)
[M::mem_pestat] mean and std.dev: (315.38, 120.28)
[M::mem_pestat] low and high boundaries for proper pairs: (1, 882)
[M::mem_pestat] skip orientation RF as there are not enough pairs
[M::mem_pestat] skip orientation RR as there are not enough pairs
[0000] 10. Calling kt_for - worker_sam
	[0000][ M::mem_process_seqs] Processed 529802 reads in 1058.466 CPU sec, 133.924 real sec
[0000] 2. Calling mem_process_seqs.., task: 694
[0000] 3. Calling kt_for - worker_bwt
[0000] read_chunk: 80000000, work_chunk_size: 80000102, nseq: 529802
	[0000][ M::kt_pipeline] read 529802 sequences (80000102 bp)...
[0000] 3. Calling kt_for - worker_aln
Inferring insert size distribution from data, l_pac: 2069526396, n: 529802
[M::mem_pestat] # candidate unique pairs for (FF, FR, RF, RR): (1, 56195, 9, 5)
[M::mem_pestat] skip orientation FF as there are not enough pairs
[M::mem_pestat] analyzing insert size distribution for orientation FR...
[M::mem_pestat] (25, 50, 75) percentile: (227, 296, 389)
[M::mem_pestat] low and high boundaries for computing mean and std.dev: (1, 713)
[M::mem_pestat] mean and std.dev: (315.46, 119.26)
[M::mem_pestat] low and high boundaries for proper pairs: (1, 875)
[M::mem_pestat] skip orientation RF as there are not enough pairs
[M::mem_pestat] skip orientation RR as there are not enough pairs
[0000] 10. Calling kt_for - worker_sam
	[0000][ M::mem_process_seqs] Processed 529802 reads in 1057.836 CPU sec, 133.658 real sec
[0000] 2. Calling mem_process_seqs.., task: 695
[0000] 3. Calling kt_for - worker_bwt
[0000] read_chunk: 80000000, work_chunk_size: 80000102, nseq: 529802
	[0000][ M::kt_pipeline] read 529802 sequences (80000102 bp)...
[0000] 3. Calling kt_for - worker_aln
Inferring insert size distribution from data, l_pac: 2069526396, n: 529802
[M::mem_pestat] # candidate unique pairs for (FF, FR, RF, RR): (4, 56069, 8, 4)
[M::mem_pestat] skip orientation FF as there are not enough pairs
[M::mem_pestat] analyzing insert size distribution for orientation FR...
[M::mem_pestat] (25, 50, 75) percentile: (225, 294, 387)
[M::mem_pestat] low and high boundaries for computing mean and std.dev: (1, 711)
[M::mem_pestat] mean and std.dev: (313.37, 118.57)
[M::mem_pestat] low and high boundaries for proper pairs: (1, 873)
[M::mem_pestat] skip orientation RF as there are not enough pairs
[M::mem_pestat] skip orientation RR as there are not enough pairs
[0000] 10. Calling kt_for - worker_sam
	[0000][ M::mem_process_seqs] Processed 529802 reads in 1049.150 CPU sec, 132.803 real sec
[0000] 2. Calling mem_process_seqs.., task: 696
[0000] 3. Calling kt_for - worker_bwt
[0000] read_chunk: 80000000, work_chunk_size: 80000102, nseq: 529802
	[0000][ M::kt_pipeline] read 529802 sequences (80000102 bp)...
[0000] 3. Calling kt_for - worker_aln
Inferring insert size distribution from data, l_pac: 2069526396, n: 529802
[M::mem_pestat] # candidate unique pairs for (FF, FR, RF, RR): (2, 56344, 6, 1)
[M::mem_pestat] skip orientation FF as there are not enough pairs
[M::mem_pestat] analyzing insert size distribution for orientation FR...
[M::mem_pestat] (25, 50, 75) percentile: (226, 295, 388)
[M::mem_pestat] low and high boundaries for computing mean and std.dev: (1, 712)
[M::mem_pestat] mean and std.dev: (314.29, 119.19)
[M::mem_pestat] low and high boundaries for proper pairs: (1, 874)
[M::mem_pestat] skip orientation RF as there are not enough pairs
[M::mem_pestat] skip orientation RR as there are not enough pairs
[0000] 10. Calling kt_for - worker_sam
	[0000][ M::mem_process_seqs] Processed 529802 reads in 993.416 CPU sec, 125.582 real sec
[0000] 2. Calling mem_process_seqs.., task: 697
[0000] 3. Calling kt_for - worker_bwt
[0000] read_chunk: 80000000, work_chunk_size: 80000102, nseq: 529802
	[0000][ M::kt_pipeline] read 529802 sequences (80000102 bp)...
[0000] 3. Calling kt_for - worker_aln
Inferring insert size distribution from data, l_pac: 2069526396, n: 529802
[M::mem_pestat] # candidate unique pairs for (FF, FR, RF, RR): (1, 55775, 7, 4)
[M::mem_pestat] skip orientation FF as there are not enough pairs
[M::mem_pestat] analyzing insert size distribution for orientation FR...
[M::mem_pestat] (25, 50, 75) percentile: (226, 294, 388)
[M::mem_pestat] low and high boundaries for computing mean and std.dev: (1, 712)
[M::mem_pestat] mean and std.dev: (313.56, 118.17)
[M::mem_pestat] low and high boundaries for proper pairs: (1, 874)
[M::mem_pestat] skip orientation RF as there are not enough pairs
[M::mem_pestat] skip orientation RR as there are not enough pairs
[0000] 10. Calling kt_for - worker_sam
	[0000][ M::mem_process_seqs] Processed 529802 reads in 1052.556 CPU sec, 133.481 real sec
[0000] 2. Calling mem_process_seqs.., task: 698
[0000] 3. Calling kt_for - worker_bwt
[0000] read_chunk: 80000000, work_chunk_size: 80000102, nseq: 529802
	[0000][ M::kt_pipeline] read 529802 sequences (80000102 bp)...
[0000] 3. Calling kt_for - worker_aln
Inferring insert size distribution from data, l_pac: 2069526396, n: 529802
[M::mem_pestat] # candidate unique pairs for (FF, FR, RF, RR): (7, 56070, 4, 3)
[M::mem_pestat] skip orientation FF as there are not enough pairs
[M::mem_pestat] analyzing insert size distribution for orientation FR...
[M::mem_pestat] (25, 50, 75) percentile: (225, 295, 389)
[M::mem_pestat] low and high boundaries for computing mean and std.dev: (1, 717)
[M::mem_pestat] mean and std.dev: (314.71, 120.01)
[M::mem_pestat] low and high boundaries for proper pairs: (1, 881)
[M::mem_pestat] skip orientation RF as there are not enough pairs
[M::mem_pestat] skip orientation RR as there are not enough pairs
[0000] 10. Calling kt_for - worker_sam
	[0000][ M::mem_process_seqs] Processed 529802 reads in 999.306 CPU sec, 126.252 real sec
[0000] 2. Calling mem_process_seqs.., task: 699
[0000] 3. Calling kt_for - worker_bwt
[0000] read_chunk: 80000000, work_chunk_size: 80000102, nseq: 529802
	[0000][ M::kt_pipeline] read 529802 sequences (80000102 bp)...
[0000] 3. Calling kt_for - worker_aln
Inferring insert size distribution from data, l_pac: 2069526396, n: 529802
[M::mem_pestat] # candidate unique pairs for (FF, FR, RF, RR): (1, 56223, 13, 0)
[M::mem_pestat] skip orientation FF as there are not enough pairs
[M::mem_pestat] analyzing insert size distribution for orientation FR...
[M::mem_pestat] (25, 50, 75) percentile: (226, 295, 389)
[M::mem_pestat] low and high boundaries for computing mean and std.dev: (1, 715)
[M::mem_pestat] mean and std.dev: (315.07, 119.90)
[M::mem_pestat] low and high boundaries for proper pairs: (1, 878)
[M::mem_pestat] analyzing insert size distribution for orientation RF...
[M::mem_pestat] (25, 50, 75) percentile: (136, 1393, 3812)
[M::mem_pestat] low and high boundaries for computing mean and std.dev: (1, 11164)
[M::mem_pestat] mean and std.dev: (2320.15, 2704.45)
[M::mem_pestat] low and high boundaries for proper pairs: (1, 14840)
[M::mem_pestat] skip orientation RR as there are not enough pairs
[M::mem_pestat] skip orientation RF
[0000] 10. Calling kt_for - worker_sam
	[0000][ M::mem_process_seqs] Processed 529802 reads in 917.161 CPU sec, 115.714 real sec
[0000] 2. Calling mem_process_seqs.., task: 700
[0000] 3. Calling kt_for - worker_bwt
[0000] read_chunk: 80000000, work_chunk_size: 80000102, nseq: 529802
	[0000][ M::kt_pipeline] read 529802 sequences (80000102 bp)...
[0000] 3. Calling kt_for - worker_aln
Inferring insert size distribution from data, l_pac: 2069526396, n: 529802
[M::mem_pestat] # candidate unique pairs for (FF, FR, RF, RR): (8, 56277, 6, 1)
[M::mem_pestat] skip orientation FF as there are not enough pairs
[M::mem_pestat] analyzing insert size distribution for orientation FR...
[M::mem_pestat] (25, 50, 75) percentile: (225, 294, 387)
[M::mem_pestat] low and high boundaries for computing mean and std.dev: (1, 711)
[M::mem_pestat] mean and std.dev: (313.29, 119.14)
[M::mem_pestat] low and high boundaries for proper pairs: (1, 873)
[M::mem_pestat] skip orientation RF as there are not enough pairs
[M::mem_pestat] skip orientation RR as there are not enough pairs
[0000] 10. Calling kt_for - worker_sam
	[0000][ M::mem_process_seqs] Processed 529802 reads in 1029.941 CPU sec, 130.345 real sec
[0000] 2. Calling mem_process_seqs.., task: 701
[0000] 3. Calling kt_for - worker_bwt
[0000] read_chunk: 80000000, work_chunk_size: 80000102, nseq: 529802
	[0000][ M::kt_pipeline] read 529802 sequences (80000102 bp)...
[0000] 3. Calling kt_for - worker_aln
Inferring insert size distribution from data, l_pac: 2069526396, n: 529802
[M::mem_pestat] # candidate unique pairs for (FF, FR, RF, RR): (2, 56356, 7, 2)
[M::mem_pestat] skip orientation FF as there are not enough pairs
[M::mem_pestat] analyzing insert size distribution for orientation FR...
[M::mem_pestat] (25, 50, 75) percentile: (224, 292, 385)
[M::mem_pestat] low and high boundaries for computing mean and std.dev: (1, 707)
[M::mem_pestat] mean and std.dev: (311.71, 118.15)
[M::mem_pestat] low and high boundaries for proper pairs: (1, 868)
[M::mem_pestat] skip orientation RF as there are not enough pairs
[M::mem_pestat] skip orientation RR as there are not enough pairs
[0000] 10. Calling kt_for - worker_sam
	[0000][ M::mem_process_seqs] Processed 529802 reads in 1055.105 CPU sec, 133.798 real sec
[0000] 2. Calling mem_process_seqs.., task: 702
[0000] 3. Calling kt_for - worker_bwt
[0000] read_chunk: 80000000, work_chunk_size: 80000102, nseq: 529802
	[0000][ M::kt_pipeline] read 529802 sequences (80000102 bp)...
[0000] 3. Calling kt_for - worker_aln
Inferring insert size distribution from data, l_pac: 2069526396, n: 529802
[M::mem_pestat] # candidate unique pairs for (FF, FR, RF, RR): (3, 56057, 10, 7)
[M::mem_pestat] skip orientation FF as there are not enough pairs
[M::mem_pestat] analyzing insert size distribution for orientation FR...
[M::mem_pestat] (25, 50, 75) percentile: (224, 293, 384)
[M::mem_pestat] low and high boundaries for computing mean and std.dev: (1, 704)
[M::mem_pestat] mean and std.dev: (311.47, 117.40)
[M::mem_pestat] low and high boundaries for proper pairs: (1, 864)
[M::mem_pestat] analyzing insert size distribution for orientation RF...
[M::mem_pestat] (25, 50, 75) percentile: (1363, 3972, 7103)
[M::mem_pestat] low and high boundaries for computing mean and std.dev: (1, 18583)
[M::mem_pestat] mean and std.dev: (4041.20, 3184.50)
[M::mem_pestat] low and high boundaries for proper pairs: (1, 24323)
[M::mem_pestat] skip orientation RR as there are not enough pairs
[M::mem_pestat] skip orientation RF
[0000] 10. Calling kt_for - worker_sam
	[0000][ M::mem_process_seqs] Processed 529802 reads in 1043.583 CPU sec, 132.430 real sec
[0000] 2. Calling mem_process_seqs.., task: 703
[0000] 3. Calling kt_for - worker_bwt
[0000] read_chunk: 80000000, work_chunk_size: 80000102, nseq: 529802
	[0000][ M::kt_pipeline] read 529802 sequences (80000102 bp)...
[0000] 3. Calling kt_for - worker_aln
Inferring insert size distribution from data, l_pac: 2069526396, n: 529802
[M::mem_pestat] # candidate unique pairs for (FF, FR, RF, RR): (1, 56258, 9, 2)
[M::mem_pestat] skip orientation FF as there are not enough pairs
[M::mem_pestat] analyzing insert size distribution for orientation FR...
[M::mem_pestat] (25, 50, 75) percentile: (223, 291, 382)
[M::mem_pestat] low and high boundaries for computing mean and std.dev: (1, 700)
[M::mem_pestat] mean and std.dev: (310.57, 117.40)
[M::mem_pestat] low and high boundaries for proper pairs: (1, 859)
[M::mem_pestat] skip orientation RF as there are not enough pairs
[M::mem_pestat] skip orientation RR as there are not enough pairs
[0000] 10. Calling kt_for - worker_sam
	[0000][ M::mem_process_seqs] Processed 529802 reads in 1047.320 CPU sec, 132.255 real sec
[0000] 2. Calling mem_process_seqs.., task: 704
[0000] 3. Calling kt_for - worker_bwt
[0000] read_chunk: 80000000, work_chunk_size: 80000102, nseq: 529802
	[0000][ M::kt_pipeline] read 529802 sequences (80000102 bp)...
[0000] 3. Calling kt_for - worker_aln
Inferring insert size distribution from data, l_pac: 2069526396, n: 529802
[M::mem_pestat] # candidate unique pairs for (FF, FR, RF, RR): (3, 56072, 8, 1)
[M::mem_pestat] skip orientation FF as there are not enough pairs
[M::mem_pestat] analyzing insert size distribution for orientation FR...
[M::mem_pestat] (25, 50, 75) percentile: (223, 290, 383)
[M::mem_pestat] low and high boundaries for computing mean and std.dev: (1, 703)
[M::mem_pestat] mean and std.dev: (309.57, 116.69)
[M::mem_pestat] low and high boundaries for proper pairs: (1, 863)
[M::mem_pestat] skip orientation RF as there are not enough pairs
[M::mem_pestat] skip orientation RR as there are not enough pairs
[0000] 10. Calling kt_for - worker_sam
	[0000][ M::mem_process_seqs] Processed 529802 reads in 1044.753 CPU sec, 132.266 real sec
[0000] 2. Calling mem_process_seqs.., task: 705
[0000] 3. Calling kt_for - worker_bwt
[0000] read_chunk: 80000000, work_chunk_size: 80000102, nseq: 529802
	[0000][ M::kt_pipeline] read 529802 sequences (80000102 bp)...
[0000] 3. Calling kt_for - worker_aln
Inferring insert size distribution from data, l_pac: 2069526396, n: 529802
[M::mem_pestat] # candidate unique pairs for (FF, FR, RF, RR): (2, 56522, 10, 1)
[M::mem_pestat] skip orientation FF as there are not enough pairs
[M::mem_pestat] analyzing insert size distribution for orientation FR...
[M::mem_pestat] (25, 50, 75) percentile: (224, 291, 384)
[M::mem_pestat] low and high boundaries for computing mean and std.dev: (1, 704)
[M::mem_pestat] mean and std.dev: (310.97, 117.60)
[M::mem_pestat] low and high boundaries for proper pairs: (1, 864)
[M::mem_pestat] analyzing insert size distribution for orientation RF...
[M::mem_pestat] (25, 50, 75) percentile: (69, 749, 2310)
[M::mem_pestat] low and high boundaries for computing mean and std.dev: (1, 6792)
[M::mem_pestat] mean and std.dev: (1060.78, 1237.40)
[M::mem_pestat] low and high boundaries for proper pairs: (1, 9033)
[M::mem_pestat] skip orientation RR as there are not enough pairs
[M::mem_pestat] skip orientation RF
[0000] 10. Calling kt_for - worker_sam
	[0000][ M::mem_process_seqs] Processed 529802 reads in 1127.671 CPU sec, 142.873 real sec
[0000] 2. Calling mem_process_seqs.., task: 706
[0000] 3. Calling kt_for - worker_bwt
[0000] read_chunk: 80000000, work_chunk_size: 80000102, nseq: 529802
	[0000][ M::kt_pipeline] read 529802 sequences (80000102 bp)...
[0000] 3. Calling kt_for - worker_aln
Inferring insert size distribution from data, l_pac: 2069526396, n: 529802
[M::mem_pestat] # candidate unique pairs for (FF, FR, RF, RR): (3, 56043, 11, 1)
[M::mem_pestat] skip orientation FF as there are not enough pairs
[M::mem_pestat] analyzing insert size distribution for orientation FR...
[M::mem_pestat] (25, 50, 75) percentile: (224, 291, 384)
[M::mem_pestat] low and high boundaries for computing mean and std.dev: (1, 704)
[M::mem_pestat] mean and std.dev: (310.84, 117.24)
[M::mem_pestat] low and high boundaries for proper pairs: (1, 864)
[M::mem_pestat] analyzing insert size distribution for orientation RF...
[M::mem_pestat] (25, 50, 75) percentile: (280, 1221, 4138)
[M::mem_pestat] low and high boundaries for computing mean and std.dev: (1, 11854)
[M::mem_pestat] mean and std.dev: (2112.27, 2228.68)
[M::mem_pestat] low and high boundaries for proper pairs: (1, 15712)
[M::mem_pestat] skip orientation RR as there are not enough pairs
[M::mem_pestat] skip orientation RF
[0000] 10. Calling kt_for - worker_sam
	[0000][ M::mem_process_seqs] Processed 529802 reads in 1140.328 CPU sec, 144.985 real sec
[0000] 2. Calling mem_process_seqs.., task: 707
[0000] 3. Calling kt_for - worker_bwt
[0000] read_chunk: 80000000, work_chunk_size: 80000102, nseq: 529802
	[0000][ M::kt_pipeline] read 529802 sequences (80000102 bp)...
[0000] 3. Calling kt_for - worker_aln
Inferring insert size distribution from data, l_pac: 2069526396, n: 529802
[M::mem_pestat] # candidate unique pairs for (FF, FR, RF, RR): (0, 56231, 6, 1)
[M::mem_pestat] skip orientation FF as there are not enough pairs
[M::mem_pestat] analyzing insert size distribution for orientation FR...
[M::mem_pestat] (25, 50, 75) percentile: (224, 292, 385)
[M::mem_pestat] low and high boundaries for computing mean and std.dev: (1, 707)
[M::mem_pestat] mean and std.dev: (311.54, 117.67)
[M::mem_pestat] low and high boundaries for proper pairs: (1, 868)
[M::mem_pestat] skip orientation RF as there are not enough pairs
[M::mem_pestat] skip orientation RR as there are not enough pairs
[0000] 10. Calling kt_for - worker_sam
	[0000][ M::mem_process_seqs] Processed 529802 reads in 1057.684 CPU sec, 134.060 real sec
[0000] 2. Calling mem_process_seqs.., task: 708
[0000] 3. Calling kt_for - worker_bwt
[0000] read_chunk: 80000000, work_chunk_size: 80000102, nseq: 529802
	[0000][ M::kt_pipeline] read 529802 sequences (80000102 bp)...
[0000] 3. Calling kt_for - worker_aln
Inferring insert size distribution from data, l_pac: 2069526396, n: 529802
[M::mem_pestat] # candidate unique pairs for (FF, FR, RF, RR): (4, 56567, 9, 1)
[M::mem_pestat] skip orientation FF as there are not enough pairs
[M::mem_pestat] analyzing insert size distribution for orientation FR...
[M::mem_pestat] (25, 50, 75) percentile: (223, 291, 383)
[M::mem_pestat] low and high boundaries for computing mean and std.dev: (1, 703)
[M::mem_pestat] mean and std.dev: (310.26, 116.71)
[M::mem_pestat] low and high boundaries for proper pairs: (1, 863)
[M::mem_pestat] skip orientation RF as there are not enough pairs
[M::mem_pestat] skip orientation RR as there are not enough pairs
[0000] 10. Calling kt_for - worker_sam
	[0000][ M::mem_process_seqs] Processed 529802 reads in 937.607 CPU sec, 118.637 real sec
[0000] 2. Calling mem_process_seqs.., task: 709
[0000] 3. Calling kt_for - worker_bwt
[0000] read_chunk: 80000000, work_chunk_size: 80000102, nseq: 529802
	[0000][ M::kt_pipeline] read 529802 sequences (80000102 bp)...
[0000] 3. Calling kt_for - worker_aln
Inferring insert size distribution from data, l_pac: 2069526396, n: 529802
[M::mem_pestat] # candidate unique pairs for (FF, FR, RF, RR): (2, 56509, 9, 1)
[M::mem_pestat] skip orientation FF as there are not enough pairs
[M::mem_pestat] analyzing insert size distribution for orientation FR...
[M::mem_pestat] (25, 50, 75) percentile: (223, 290, 384)
[M::mem_pestat] low and high boundaries for computing mean and std.dev: (1, 706)
[M::mem_pestat] mean and std.dev: (310.49, 118.00)
[M::mem_pestat] low and high boundaries for proper pairs: (1, 867)
[M::mem_pestat] skip orientation RF as there are not enough pairs
[M::mem_pestat] skip orientation RR as there are not enough pairs
[0000] 10. Calling kt_for - worker_sam
	[0000][ M::mem_process_seqs] Processed 529802 reads in 1019.313 CPU sec, 129.064 real sec
[0000] 2. Calling mem_process_seqs.., task: 710
[0000] 3. Calling kt_for - worker_bwt
[0000] read_chunk: 80000000, work_chunk_size: 80000102, nseq: 529802
	[0000][ M::kt_pipeline] read 529802 sequences (80000102 bp)...
[0000] 3. Calling kt_for - worker_aln
Inferring insert size distribution from data, l_pac: 2069526396, n: 529802
[M::mem_pestat] # candidate unique pairs for (FF, FR, RF, RR): (3, 56057, 5, 2)
[M::mem_pestat] skip orientation FF as there are not enough pairs
[M::mem_pestat] analyzing insert size distribution for orientation FR...
[M::mem_pestat] (25, 50, 75) percentile: (224, 291, 383)
[M::mem_pestat] low and high boundaries for computing mean and std.dev: (1, 701)
[M::mem_pestat] mean and std.dev: (310.79, 117.02)
[M::mem_pestat] low and high boundaries for proper pairs: (1, 860)
[M::mem_pestat] skip orientation RF as there are not enough pairs
[M::mem_pestat] skip orientation RR as there are not enough pairs
[0000] 10. Calling kt_for - worker_sam
	[0000][ M::mem_process_seqs] Processed 529802 reads in 1095.351 CPU sec, 139.217 real sec
[0000] 2. Calling mem_process_seqs.., task: 711
[0000] 3. Calling kt_for - worker_bwt
[0000] read_chunk: 80000000, work_chunk_size: 80000102, nseq: 529802
	[0000][ M::kt_pipeline] read 529802 sequences (80000102 bp)...
[0000] 3. Calling kt_for - worker_aln
Inferring insert size distribution from data, l_pac: 2069526396, n: 529802
[M::mem_pestat] # candidate unique pairs for (FF, FR, RF, RR): (4, 56288, 5, 1)
[M::mem_pestat] skip orientation FF as there are not enough pairs
[M::mem_pestat] analyzing insert size distribution for orientation FR...
[M::mem_pestat] (25, 50, 75) percentile: (224, 292, 384)
[M::mem_pestat] low and high boundaries for computing mean and std.dev: (1, 704)
[M::mem_pestat] mean and std.dev: (310.74, 117.33)
[M::mem_pestat] low and high boundaries for proper pairs: (1, 864)
[M::mem_pestat] skip orientation RF as there are not enough pairs
[M::mem_pestat] skip orientation RR as there are not enough pairs
[0000] 10. Calling kt_for - worker_sam
	[0000][ M::mem_process_seqs] Processed 529802 reads in 1103.804 CPU sec, 139.922 real sec
[0000] 2. Calling mem_process_seqs.., task: 712
[0000] 3. Calling kt_for - worker_bwt
[0000] read_chunk: 80000000, work_chunk_size: 80000102, nseq: 529802
	[0000][ M::kt_pipeline] read 529802 sequences (80000102 bp)...
[0000] 3. Calling kt_for - worker_aln
Inferring insert size distribution from data, l_pac: 2069526396, n: 529802
[M::mem_pestat] # candidate unique pairs for (FF, FR, RF, RR): (5, 56307, 8, 3)
[M::mem_pestat] skip orientation FF as there are not enough pairs
[M::mem_pestat] analyzing insert size distribution for orientation FR...
[M::mem_pestat] (25, 50, 75) percentile: (224, 291, 385)
[M::mem_pestat] low and high boundaries for computing mean and std.dev: (1, 707)
[M::mem_pestat] mean and std.dev: (311.23, 117.68)
[M::mem_pestat] low and high boundaries for proper pairs: (1, 868)
[M::mem_pestat] skip orientation RF as there are not enough pairs
[M::mem_pestat] skip orientation RR as there are not enough pairs
[0000] 10. Calling kt_for - worker_sam
	[0000][ M::mem_process_seqs] Processed 529802 reads in 1126.841 CPU sec, 142.910 real sec
[0000] 2. Calling mem_process_seqs.., task: 713
[0000] 3. Calling kt_for - worker_bwt
[0000] read_chunk: 80000000, work_chunk_size: 80000102, nseq: 529802
	[0000][ M::kt_pipeline] read 529802 sequences (80000102 bp)...
[0000] 3. Calling kt_for - worker_aln
Inferring insert size distribution from data, l_pac: 2069526396, n: 529802
[M::mem_pestat] # candidate unique pairs for (FF, FR, RF, RR): (3, 55827, 6, 3)
[M::mem_pestat] skip orientation FF as there are not enough pairs
[M::mem_pestat] analyzing insert size distribution for orientation FR...
[M::mem_pestat] (25, 50, 75) percentile: (224, 293, 385)
[M::mem_pestat] low and high boundaries for computing mean and std.dev: (1, 707)
[M::mem_pestat] mean and std.dev: (312.19, 117.94)
[M::mem_pestat] low and high boundaries for proper pairs: (1, 868)
[M::mem_pestat] skip orientation RF as there are not enough pairs
[M::mem_pestat] skip orientation RR as there are not enough pairs
[0000] 10. Calling kt_for - worker_sam
	[0000][ M::mem_process_seqs] Processed 529802 reads in 1119.564 CPU sec, 141.702 real sec
[0000] 2. Calling mem_process_seqs.., task: 714
[0000] 3. Calling kt_for - worker_bwt
[0000] read_chunk: 80000000, work_chunk_size: 80000102, nseq: 529802
	[0000][ M::kt_pipeline] read 529802 sequences (80000102 bp)...
[0000] 3. Calling kt_for - worker_aln
Inferring insert size distribution from data, l_pac: 2069526396, n: 529802
[M::mem_pestat] # candidate unique pairs for (FF, FR, RF, RR): (1, 56145, 9, 1)
[M::mem_pestat] skip orientation FF as there are not enough pairs
[M::mem_pestat] analyzing insert size distribution for orientation FR...
[M::mem_pestat] (25, 50, 75) percentile: (224, 292, 385)
[M::mem_pestat] low and high boundaries for computing mean and std.dev: (1, 707)
[M::mem_pestat] mean and std.dev: (311.33, 117.53)
[M::mem_pestat] low and high boundaries for proper pairs: (1, 868)
[M::mem_pestat] skip orientation RF as there are not enough pairs
[M::mem_pestat] skip orientation RR as there are not enough pairs
[0000] 10. Calling kt_for - worker_sam
	[0000][ M::mem_process_seqs] Processed 529802 reads in 1158.541 CPU sec, 147.102 real sec
[0000] 2. Calling mem_process_seqs.., task: 715
[0000] 3. Calling kt_for - worker_bwt
[0000] read_chunk: 80000000, work_chunk_size: 7104550, nseq: 47050
	[0000][ M::kt_pipeline] read 47050 sequences (7104550 bp)...
[0000] 3. Calling kt_for - worker_aln
Inferring insert size distribution from data, l_pac: 2069526396, n: 529802
[M::mem_pestat] # candidate unique pairs for (FF, FR, RF, RR): (1, 56432, 11, 1)
[M::mem_pestat] skip orientation FF as there are not enough pairs
[M::mem_pestat] analyzing insert size distribution for orientation FR...
[M::mem_pestat] (25, 50, 75) percentile: (224, 292, 385)
[M::mem_pestat] low and high boundaries for computing mean and std.dev: (1, 707)
[M::mem_pestat] mean and std.dev: (311.55, 117.94)
[M::mem_pestat] low and high boundaries for proper pairs: (1, 868)
[M::mem_pestat] analyzing insert size distribution for orientation RF...
[M::mem_pestat] (25, 50, 75) percentile: (429, 2215, 6606)
[M::mem_pestat] low and high boundaries for computing mean and std.dev: (1, 18960)
[M::mem_pestat] mean and std.dev: (3481.00, 3473.83)
[M::mem_pestat] low and high boundaries for proper pairs: (1, 25137)
[M::mem_pestat] skip orientation RR as there are not enough pairs
[M::mem_pestat] skip orientation RF
[0000] 10. Calling kt_for - worker_sam
	[0000][ M::mem_process_seqs] Processed 529802 reads in 1119.161 CPU sec, 142.142 real sec
[0000] 2. Calling mem_process_seqs.., task: 716
[0000] 3. Calling kt_for - worker_bwt
[0000] read_chunk: 80000000, work_chunk_size: 0, nseq: 0
[0000] 3. Calling kt_for - worker_aln
Inferring insert size distribution from data, l_pac: 2069526396, n: 47050
[M::mem_pestat] # candidate unique pairs for (FF, FR, RF, RR): (0, 4977, 2, 0)
[M::mem_pestat] skip orientation FF as there are not enough pairs
[M::mem_pestat] analyzing insert size distribution for orientation FR...
[M::mem_pestat] (25, 50, 75) percentile: (223, 289, 383)
[M::mem_pestat] low and high boundaries for computing mean and std.dev: (1, 703)
[M::mem_pestat] mean and std.dev: (308.86, 117.52)
[M::mem_pestat] low and high boundaries for proper pairs: (1, 863)
[M::mem_pestat] skip orientation RF as there are not enough pairs
[M::mem_pestat] skip orientation RR as there are not enough pairs
[0000] 10. Calling kt_for - worker_sam
	[0000][ M::mem_process_seqs] Processed 47050 reads in 107.692 CPU sec, 13.993 real sec
[0000] read_chunk: 80000000, work_chunk_size: 0, nseq: 0
[0000] Computation ends..
No. of OMP threads: 8
Processor is runnig @2194.648352 MHz
Runtime profile:

	 Time taken for main_mem function: 95540.23 Sec

	IO times (sec) :
	Reading IO time (reads) avg: 1540.49, (1540.49, 1540.49)
	Writing IO time (SAM) avg: 1487.17, (1487.17, 1487.17)
	Reading IO time (Reference Genome) avg: 33.16, (33.16, 33.16)
	Index read time avg: 218.35, (218.35, 218.35)

	Overall time (sec) (Excluding Index reading time):
	PROCESS() (Total compute time + (read + SAM) IO time) : 95275.48
	MEM_PROCESS_SEQ() (Total compute time (Kernel + SAM)), avg: 95271.77, (95271.77, 95271.77)

	 SAM Processing time (sec):
	--WORKER_SAM avg: 46604.53, (46604.53, 46604.53)

	Kernels' compute time (sec):
	Total kernel (smem+sal+bsw) time avg: 48381.77, (48381.77, 48381.77)
		SMEM compute avg: 11378.59, (11386.18, 11365.98)
		SAL compute avg: 4104.45, (4107.35, 4100.85)
		BSW time, avg: 24166.52, (24170.08, 24161.16)

	Total allocs: -1533178773 = -1533178773 out total requests: -2045834490, Rate: 0.75

Important parameter settings: 
	BATCH_SIZE: 512
	MAX_SEQ_LEN_REF: 256
	MAX_SEQ_LEN_QER: 128
	MAX_SEQ_LEN8: 128
	SEEDS_PER_READ: 500
	SIMD_WIDTH8 X: 32
	SIMD_WIDTH16 X: 16
	AVG_SEEDS_PER_READ: 64
